"task_id","track_id","title","source_file","rerun_ledger_status","latest_verification","verified_at","verification_class","graph_live_addon","depends_on","write_scopes","verification_record"
"00.T1","00","Unified real-system runner","Idea/Bimba/Seeds/M/Legacy/plans/2026-07-03-m-prime-cycle-3-full-rerun/00-verification-harness.md","done","PASS","2026-07-06T13:33:12.887Z","K","","","","Idea/Bimba/Seeds/M/Legacy/plans/2026-07-03-m-prime-cycle-3-full-rerun/plan.runs/verifications/00.T1.md"
"00.T2","00","Live-wire projection harness","Idea/Bimba/Seeds/M/Legacy/plans/2026-07-03-m-prime-cycle-3-full-rerun/00-verification-harness.md","done","PASS","2026-07-06T13:34:36.485Z","K","","00.T1","scripts/live-wire.mjs","Idea/Bimba/Seeds/M/Legacy/plans/2026-07-03-m-prime-cycle-3-full-rerun/plan.runs/verifications/00.T2.md"
"00.T3","00","Anti-fraud test lint","Idea/Bimba/Seeds/M/Legacy/plans/2026-07-03-m-prime-cycle-3-full-rerun/00-verification-harness.md","done","PASS","2026-07-06T13:34:37.083Z","K","","00.T2","","Idea/Bimba/Seeds/M/Legacy/plans/2026-07-03-m-prime-cycle-3-full-rerun/plan.runs/verifications/00.T3.md"
"00.T4","00","Kernel truth suite (the red tests)","Idea/Bimba/Seeds/M/Legacy/plans/2026-07-03-m-prime-cycle-3-full-rerun/00-verification-harness.md","done","PASS","2026-07-06T13:34:39.819Z","K","","00.T3 | 02.T2","","Idea/Bimba/Seeds/M/Legacy/plans/2026-07-03-m-prime-cycle-3-full-rerun/plan.runs/verifications/00.T4.md"
"00.T5","00","Gateway method existence probe","Idea/Bimba/Seeds/M/Legacy/plans/2026-07-03-m-prime-cycle-3-full-rerun/00-verification-harness.md","done","PASS","2026-07-06T13:34:44.443Z","K","","00.T4","scripts/gateway-method-audit.mjs","Idea/Bimba/Seeds/M/Legacy/plans/2026-07-03-m-prime-cycle-3-full-rerun/plan.runs/verifications/00.T5.md"
"00.T6","00","Verifier protocol runner","Idea/Bimba/Seeds/M/Legacy/plans/2026-07-03-m-prime-cycle-3-full-rerun/00-verification-harness.md","done","PASS","2026-07-06T13:34:45.468Z","K","","00.T5","","Idea/Bimba/Seeds/M/Legacy/plans/2026-07-03-m-prime-cycle-3-full-rerun/plan.runs/verifications/00.T6.md"
"00.T7","00","Harness DOX + charter binding","Idea/Bimba/Seeds/M/Legacy/plans/2026-07-03-m-prime-cycle-3-full-rerun/00-verification-harness.md","done","PASS","2026-07-06T13:34:46.605Z","K","","00.T6","Body/M/pratibimba-app/AGENTS.md","Idea/Bimba/Seeds/M/Legacy/plans/2026-07-03-m-prime-cycle-3-full-rerun/plan.runs/verifications/00.T7.md"
"01.T1.1","01","M0-X' six-layer surface contract","Idea/Bimba/Seeds/M/Legacy/plans/2026-07-03-m-prime-cycle-3-full-rerun/01-m0-anuttara-reconciliation.md","done","PASS","2026-07-06T18:14:37.319Z","K","","00.T3","Body/S/S0/** | Idea/Bimba/Seeds/M/Legacy/plans/2026-06-02-m-prime-cycle-3-design-reconciliation/01-m0-anuttara-reconciliation.md","Idea/Bimba/Seeds/M/Legacy/plans/2026-07-03-m-prime-cycle-3-full-rerun/plan.runs/verifications/01.T1.1.md"
"01.T1.2","01","Execute DR-M0-1: CRUD downgraded to governed-route","Idea/Bimba/Seeds/M/Legacy/plans/2026-07-03-m-prime-cycle-3-full-rerun/01-m0-anuttara-reconciliation.md","done","PASS","2026-07-07T21:25:32.382Z","K","","01.T1.18","Body/S/S0/** | Idea/Bimba/Seeds/M/Legacy/plans/2026-06-02-m-prime-cycle-3-design-reconciliation/01-m0-anuttara-reconciliation.md","Idea/Bimba/Seeds/M/Legacy/plans/2026-07-03-m-prime-cycle-3-full-rerun/plan.runs/verifications/01.T1.2.md"
"01.T1.3","01","Decision: Anuttara source naming canon","Idea/Bimba/Seeds/M/Legacy/plans/2026-07-03-m-prime-cycle-3-full-rerun/01-m0-anuttara-reconciliation.md","done","PASS","2026-07-07T21:32:48.462Z","K","","01.T1.2","Body/S/S0/** | Idea/Bimba/Seeds/M/Legacy/plans/2026-06-02-m-prime-cycle-3-design-reconciliation/01-m0-anuttara-reconciliation.md","Idea/Bimba/Seeds/M/Legacy/plans/2026-07-03-m-prime-cycle-3-full-rerun/plan.runs/verifications/01.T1.3.md"
"01.T1.4","01","Kernel-bridge profile-contract readiness ledger entries for M0","Idea/Bimba/Seeds/M/Legacy/plans/2026-07-03-m-prime-cycle-3-full-rerun/01-m0-anuttara-reconciliation.md","done","PASS","2026-07-07T21:59:41.078Z","K","","01.T1.3","Body/S/S0/** | Idea/Bimba/Seeds/M/Legacy/plans/2026-06-02-m-prime-cycle-3-design-reconciliation/01-m0-anuttara-reconciliation.md","Idea/Bimba/Seeds/M/Legacy/plans/2026-07-03-m-prime-cycle-3-full-rerun/plan.runs/verifications/01.T1.4.md"
"01.T1.5","01","M0-3' community + clock overlay surface","Idea/Bimba/Seeds/M/Legacy/plans/2026-07-03-m-prime-cycle-3-full-rerun/01-m0-anuttara-reconciliation.md","done","PASS","2026-07-07T22:39:34.696Z","K","","01.T1.4","Body/S/S0/** | Idea/Bimba/Seeds/M/Legacy/plans/2026-06-02-m-prime-cycle-3-design-reconciliation/01-m0-anuttara-reconciliation.md","Idea/Bimba/Seeds/M/Legacy/plans/2026-07-03-m-prime-cycle-3-full-rerun/plan.runs/verifications/01.T1.5.md"
"01.T1.6","01","Image-assets-on-nodes contract + schema property","Idea/Bimba/Seeds/M/Legacy/plans/2026-07-03-m-prime-cycle-3-full-rerun/01-m0-anuttara-reconciliation.md","done","PASS","2026-07-07T22:46:48.795Z","K","","01.T1.5","Body/S/S0/** | Idea/Bimba/Seeds/M/Legacy/plans/2026-06-02-m-prime-cycle-3-design-reconciliation/01-m0-anuttara-reconciliation.md","Idea/Bimba/Seeds/M/Legacy/plans/2026-07-03-m-prime-cycle-3-full-rerun/plan.runs/verifications/01.T1.6.md"
"01.T1.7","01","Kernel-S2 core-65 relations sync audit","Idea/Bimba/Seeds/M/Legacy/plans/2026-07-03-m-prime-cycle-3-full-rerun/01-m0-anuttara-reconciliation.md","done","PASS","2026-07-08T00:09:43.799Z","K","","01.T1.6","Body/S/S0/** | Idea/Bimba/Seeds/M/Legacy/plans/2026-06-02-m-prime-cycle-3-design-reconciliation/01-m0-anuttara-reconciliation.md","Idea/Bimba/Seeds/M/Legacy/plans/2026-07-03-m-prime-cycle-3-full-rerun/plan.runs/verifications/01.T1.7.md"
"01.T1.8","01","Aligned-only note: anuttara-language layer is real","Idea/Bimba/Seeds/M/Legacy/plans/2026-07-03-m-prime-cycle-3-full-rerun/01-m0-anuttara-reconciliation.md","done","PASS","2026-07-08T00:23:42.447Z","K","","01.T1.7","Body/S/S0/** | Idea/Bimba/Seeds/M/Legacy/plans/2026-06-02-m-prime-cycle-3-design-reconciliation/01-m0-anuttara-reconciliation.md","Idea/Bimba/Seeds/M/Legacy/plans/2026-07-03-m-prime-cycle-3-full-rerun/plan.runs/verifications/01.T1.8.md"
"01.T1.9","01","M0-2' dependency on `c_1_relation_family` discriminator","Idea/Bimba/Seeds/M/Legacy/plans/2026-07-03-m-prime-cycle-3-full-rerun/01-m0-anuttara-reconciliation.md","done","PASS","2026-07-08T00:29:51.962Z","K","","01.T1.8","Body/S/S0/** | Idea/Bimba/Seeds/M/Legacy/plans/2026-06-02-m-prime-cycle-3-design-reconciliation/01-m0-anuttara-reconciliation.md","Idea/Bimba/Seeds/M/Legacy/plans/2026-07-03-m-prime-cycle-3-full-rerun/plan.runs/verifications/01.T1.9.md"
"01.T1.10","01","Verifier-Anuttara position 0' R-virtue constraint-checker","Idea/Bimba/Seeds/M/Legacy/plans/2026-07-03-m-prime-cycle-3-full-rerun/01-m0-anuttara-reconciliation.md","done","PASS","2026-07-06T23:33:45.212Z","K","","01.T1.1","Body/S/S0/** | Idea/Bimba/Seeds/M/Legacy/plans/2026-06-02-m-prime-cycle-3-design-reconciliation/01-m0-anuttara-reconciliation.md","Idea/Bimba/Seeds/M/Legacy/plans/2026-07-03-m-prime-cycle-3-full-rerun/plan.runs/verifications/01.T1.10.md"
"01.T1.11","01","Anuttara symbolic-coordinate-string emission protocol","Idea/Bimba/Seeds/M/Legacy/plans/2026-07-03-m-prime-cycle-3-full-rerun/01-m0-anuttara-reconciliation.md","done","PASS","2026-07-07T04:06:38.705Z","K","","01.T1.10","Body/S/S0/** | Idea/Bimba/Seeds/M/Legacy/plans/2026-06-02-m-prime-cycle-3-design-reconciliation/01-m0-anuttara-reconciliation.md","Idea/Bimba/Seeds/M/Legacy/plans/2026-07-03-m-prime-cycle-3-full-rerun/plan.runs/verifications/01.T1.11.md"
"01.T1.12","01","Full three-tier R-factor theory + distribution matrix + the `(@#)` turn","Idea/Bimba/Seeds/M/Legacy/plans/2026-07-03-m-prime-cycle-3-full-rerun/01-m0-anuttara-reconciliation.md","done","PASS","2026-07-07T18:16:58.269Z","K","","01.T1.11","Body/S/S0/** | Idea/Bimba/Seeds/M/Legacy/plans/2026-06-02-m-prime-cycle-3-design-reconciliation/01-m0-anuttara-reconciliation.md","Idea/Bimba/Seeds/M/Legacy/plans/2026-07-03-m-prime-cycle-3-full-rerun/plan.runs/verifications/01.T1.12.md"
"01.T1.13","01","Anuttara term-rewriting calculus (the kernel computational-substrate language)","Idea/Bimba/Seeds/M/Legacy/plans/2026-07-03-m-prime-cycle-3-full-rerun/01-m0-anuttara-reconciliation.md","done","PASS","2026-07-07T18:19:40.082Z","K","","01.T1.12","Body/S/S0/** | Idea/Bimba/Seeds/M/Legacy/plans/2026-06-02-m-prime-cycle-3-design-reconciliation/01-m0-anuttara-reconciliation.md","Idea/Bimba/Seeds/M/Legacy/plans/2026-07-03-m-prime-cycle-3-full-rerun/plan.runs/verifications/01.T1.13.md"
"01.T1.14","01","Calculus completeness: equational theory, dash/address semantics, the seven underdetermination DRs, and the M0→M1 seam","Idea/Bimba/Seeds/M/Legacy/plans/2026-07-03-m-prime-cycle-3-full-rerun/01-m0-anuttara-reconciliation.md","done","PASS","2026-07-07T19:52:46.777Z","K","","01.T1.13","Body/S/S0/** | Idea/Bimba/Seeds/M/Legacy/plans/2026-06-02-m-prime-cycle-3-design-reconciliation/01-m0-anuttara-reconciliation.md","Idea/Bimba/Seeds/M/Legacy/plans/2026-07-03-m-prime-cycle-3-full-rerun/plan.runs/verifications/01.T1.14.md"
"01.T1.15","01","OWL/SHACL projection of the Anuttara language layer","Idea/Bimba/Seeds/M/Legacy/plans/2026-07-03-m-prime-cycle-3-full-rerun/01-m0-anuttara-reconciliation.md","done","PASS","2026-07-07T20:22:26.612Z","K","","01.T1.14","Body/S/S0/** | Idea/Bimba/Seeds/M/Legacy/plans/2026-06-02-m-prime-cycle-3-design-reconciliation/01-m0-anuttara-reconciliation.md","Idea/Bimba/Seeds/M/Legacy/plans/2026-07-03-m-prime-cycle-3-full-rerun/plan.runs/verifications/01.T1.15.md"
"01.T1.16","01","Complete the M# person-grammar + # kinship-grammar as 6-fold kernel LUTs; wire the `#`↔trigram bridge","Idea/Bimba/Seeds/M/Legacy/plans/2026-07-03-m-prime-cycle-3-full-rerun/01-m0-anuttara-reconciliation.md","done","PASS","2026-07-07T21:06:39.689Z","K","","01.T1.15","Body/S/S0/** | Idea/Bimba/Seeds/M/Legacy/plans/2026-06-02-m-prime-cycle-3-design-reconciliation/01-m0-anuttara-reconciliation.md","Idea/Bimba/Seeds/M/Legacy/plans/2026-07-03-m-prime-cycle-3-full-rerun/plan.runs/verifications/01.T1.16.md"
"01.T1.17","01","`R#`/`##` tao-elements + Tao ≡ the codon charge-evaluation in the calculus","Idea/Bimba/Seeds/M/Legacy/plans/2026-07-03-m-prime-cycle-3-full-rerun/01-m0-anuttara-reconciliation.md","done","PASS","2026-07-07T21:16:17.161Z","K","","01.T1.16","Body/S/S0/** | Idea/Bimba/Seeds/M/Legacy/plans/2026-06-02-m-prime-cycle-3-design-reconciliation/01-m0-anuttara-reconciliation.md","Idea/Bimba/Seeds/M/Legacy/plans/2026-07-03-m-prime-cycle-3-full-rerun/plan.runs/verifications/01.T1.17.md"
"01.T1.18","01","VAK as four-expression typed transition calculus *(doc-ahead-landing; DR-VAK-7 bound; CCT-17 cross-link; canonical VAK-layering reference for the whole corpus)","Idea/Bimba/Seeds/M/Legacy/plans/2026-07-03-m-prime-cycle-3-full-rerun/01-m0-anuttara-reconciliation.md","done","PASS","2026-07-07T21:23:19.867Z","K","","01.T1.17","Body/S/S0/** | Idea/Bimba/Seeds/M/Legacy/plans/2026-06-02-m-prime-cycle-3-design-reconciliation/01-m0-anuttara-reconciliation.md","Idea/Bimba/Seeds/M/Legacy/plans/2026-07-03-m-prime-cycle-3-full-rerun/plan.runs/verifications/01.T1.18.md"
"02.T2.1","02","Audit and downgrade residual M0-witness wording","Idea/Bimba/Seeds/M/Legacy/plans/2026-07-03-m-prime-cycle-3-full-rerun/02-m1-paramasiva-reconciliation.md","done","PASS","2026-07-07T18:16:58.274Z","UF","","00.T3","Body/S/S2/** | Idea/Bimba/Seeds/M/Legacy/plans/2026-06-02-m-prime-cycle-3-design-reconciliation/02-m1-paramasiva-reconciliation.md","Idea/Bimba/Seeds/M/Legacy/plans/2026-07-03-m-prime-cycle-3-full-rerun/plan.runs/verifications/02.T2.1.md"
"02.T2.2","02","Land `klein_flip` field + emitter on `MathemeHarmonicProfile`/`vimarsha_reading`","Idea/Bimba/Seeds/M/Legacy/plans/2026-07-03-m-prime-cycle-3-full-rerun/02-m1-paramasiva-reconciliation.md","done","PASS","2026-07-08T09:16:38.446Z","UF","","02.T2.14","Body/S/S2/** | Idea/Bimba/Seeds/M/Legacy/plans/2026-06-02-m-prime-cycle-3-design-reconciliation/02-m1-paramasiva-reconciliation.md","Idea/Bimba/Seeds/M/Legacy/plans/2026-07-03-m-prime-cycle-3-full-rerun/plan.runs/verifications/02.T2.2.md"
"02.T2.3","02","Wire Klein-flip + topology values into `m1.paramasiva.kleinTopology` view","Idea/Bimba/Seeds/M/Legacy/plans/2026-07-03-m-prime-cycle-3-full-rerun/02-m1-paramasiva-reconciliation.md","done","PASS","2026-07-08T10:07:19.615Z","UF","","02.T2.2","Body/M/pratibimba-app/src/panes/{m1KleinTopology.ts,KleinTopologyPane.tsx} | Body/S/S2/** | Idea/Bimba/Seeds/M/Legacy/plans/2026-06-02-m-prime-cycle-3-design-reconciliation/02-m1-paramasiva-reconciliation.md","Idea/Bimba/Seeds/M/Legacy/plans/2026-07-03-m-prime-cycle-3-full-rerun/plan.runs/verifications/02.T2.3.md"
"02.T2.4","02","Verify `m1_performance_event_from_profile` + `MPrimePerformanceEvent` replay","Idea/Bimba/Seeds/M/Legacy/plans/2026-07-03-m-prime-cycle-3-full-rerun/02-m1-paramasiva-reconciliation.md","done","PASS","2026-07-08T10:24:15.429Z","UF","","02.T2.3","Body/S/S0/epi-cli/src/gate/kernel_bridge_runtime.rs::m1_performance_event_from_profile | Body/S/S2/** | Idea/Bimba/Seeds/M/Legacy/plans/2026-06-02-m-prime-cycle-3-design-reconciliation/02-m1-paramasiva-reconciliation.md | tests/kernel_bridge_runtime_contract.rs:769","Idea/Bimba/Seeds/M/Legacy/plans/2026-07-03-m-prime-cycle-3-full-rerun/plan.runs/verifications/02.T2.4.md"
"02.T2.5","02","Surface the single session-held # (Inversion_Operator) carrier","Idea/Bimba/Seeds/M/Legacy/plans/2026-07-03-m-prime-cycle-3-full-rerun/02-m1-paramasiva-reconciliation.md","done","PASS","2026-07-09T09:22:01.172Z","UF","","02.T2.4","Body/S/S2/** | Idea/Bimba/Seeds/M/Legacy/plans/2026-06-02-m-prime-cycle-3-design-reconciliation/02-m1-paramasiva-reconciliation.md | tests/m1_inversion_operator.rs","Idea/Bimba/Seeds/M/Legacy/plans/2026-07-03-m-prime-cycle-3-full-rerun/plan.runs/verifications/02.T2.5.md"
"02.T2.6","02","K² played-torus 3D surface — full Bevy/wgpu extension","Idea/Bimba/Seeds/M/Legacy/plans/2026-07-03-m-prime-cycle-3-full-rerun/02-m1-paramasiva-reconciliation.md","done","PASS","2026-07-10T11:53:17.689Z","UF","","02.T2.5","Body/S/S2/** | Idea/Bimba/Seeds/M/Legacy/plans/2026-06-02-m-prime-cycle-3-design-reconciliation/02-m1-paramasiva-reconciliation.md","Idea/Bimba/Seeds/M/Legacy/plans/2026-07-03-m-prime-cycle-3-full-rerun/plan.runs/verifications/02.T2.6.md"
"02.T2.9","02","M1-2 Ananda Vortex architecture landing in M1' spec + Paramasiva UX","Idea/Bimba/Seeds/M/Legacy/plans/2026-07-03-m-prime-cycle-3-full-rerun/02-m1-paramasiva-reconciliation.md","done","PASS","2026-07-10T12:02:13.997Z","UF","","02.T2.8","Body/S/S2/** | Idea/Bimba/Seeds/M/Legacy/plans/2026-06-02-m-prime-cycle-3-design-reconciliation/02-m1-paramasiva-reconciliation.md","Idea/Bimba/Seeds/M/Legacy/plans/2026-07-03-m-prime-cycle-3-full-rerun/plan.runs/verifications/02.T2.9.md"
"02.T2.7","02","Audit four-scale Cl(4,2) identity","Idea/Bimba/Seeds/M/Legacy/plans/2026-07-03-m-prime-cycle-3-full-rerun/02-m1-paramasiva-reconciliation.md","done","PASS","2026-07-10T11:58:01.194Z","UF","","02.T2.6","Body/S/S2/** | Idea/Bimba/Seeds/M/Legacy/plans/2026-06-02-m-prime-cycle-3-design-reconciliation/02-m1-paramasiva-reconciliation.md","Idea/Bimba/Seeds/M/Legacy/plans/2026-07-03-m-prime-cycle-3-full-rerun/plan.runs/verifications/02.T2.7.md"
"02.T2.8","02","Resolve audio-research open question on `MathemeHarmonicProfile` type owner","Idea/Bimba/Seeds/M/Legacy/plans/2026-07-03-m-prime-cycle-3-full-rerun/02-m1-paramasiva-reconciliation.md","done","PASS","2026-07-10T12:00:30.241Z","UF","","02.T2.7","Body/S/S2/** | Idea/Bimba/Seeds/M/Legacy/plans/2026-06-02-m-prime-cycle-3-design-reconciliation/02-m1-paramasiva-reconciliation.md","Idea/Bimba/Seeds/M/Legacy/plans/2026-07-03-m-prime-cycle-3-full-rerun/plan.runs/verifications/02.T2.8.md"
"02.T2.10","02","M1' CPT trainer + EKSFT loss + epistemic-blindfolded teacher + held-out canonical-derivation eval corpus *(spec-ahead-integration; the one greenfield build piece from the DiscoverAI research synthesis; depends on Tranche 12.24 Phase 2 epii-distillation skill, Tranche 12.22 slot CLI; cross-link [`m5-prime-epii-on-paramasiva-ql-cpt-and-rag.md`](../../M5'/epii-operational-capacities/m5-prime-epii-on-paramasiva-ql-cpt-and-rag.md); routes to the Phase-I DiscoverAI research roster at [`state/notebooklm-research-2026-06-15/ROSTER.md`](../../../../../../state/notebooklm-research-2026-06-15/ROSTER.md))","Idea/Bimba/Seeds/M/Legacy/plans/2026-07-03-m-prime-cycle-3-full-rerun/02-m1-paramasiva-reconciliation.md","done","PASS","2026-07-21T11:02:13.177Z","UF","","02.T2.1","Body/S/S2/** | Idea/Bimba/Seeds/M/Legacy/plans/2026-06-02-m-prime-cycle-3-design-reconciliation/02-m1-paramasiva-reconciliation.md","Idea/Bimba/Seeds/M/Legacy/plans/2026-07-03-m-prime-cycle-3-full-rerun/plan.runs/verifications/02.T2.10.md"
"02.T2.11","02","Spanda dual-oscillator primitive (the tick floor)","Idea/Bimba/Seeds/M/Legacy/plans/2026-07-03-m-prime-cycle-3-full-rerun/02-m1-paramasiva-reconciliation.md","done","PASS","2026-07-08T02:38:14.197Z","UF","","02.T2.10","Body/S/S2/** | Body/S/S5/plugins/epi-logos/resources/updated-ql-mef/non-dual-binary/canonical-candidate/** | Idea/Bimba/Map/M1/** | Idea/Bimba/Map/M1/M1-1.md | Idea/Bimba/Seeds/M/M1'/M1-ARCHITECTURE.md | tests/kernel_truth.rs","Idea/Bimba/Seeds/M/Legacy/plans/2026-07-03-m-prime-cycle-3-full-rerun/plan.runs/verifications/02.T2.11.md"
"02.T2.12","02","SpandaPhaseAnchor: engine-owned lazy phase state (SPANDA-T1)","Idea/Bimba/Seeds/M/Legacy/plans/2026-07-03-m-prime-cycle-3-full-rerun/02-m1-paramasiva-reconciliation.md","done","PASS","2026-07-11T16:56:10.620Z","UF","","02.T2.11","Body/S/S0/epi-cli/src/gate/server/mod.rs | Body/S/S0/portal-core | Body/S/S2/**","Idea/Bimba/Seeds/M/Legacy/plans/2026-07-03-m-prime-cycle-3-full-rerun/plan.runs/verifications/02.T2.12.md"
"02.T2.13","02","`m1.spanda.*` walk family through the S0 membrane (SPANDA-T2)","Idea/Bimba/Seeds/M/Legacy/plans/2026-07-03-m-prime-cycle-3-full-rerun/02-m1-paramasiva-reconciliation.md","done","PASS","2026-07-11T17:12:32.571Z","UF","","02.T2.12","Body/S/S2/**","Idea/Bimba/Seeds/M/Legacy/plans/2026-07-03-m-prime-cycle-3-full-rerun/plan.runs/verifications/02.T2.13.md"
"02.T2.14","02","Spanda anchor block + transport events on the wire (SPANDA-T4… the wire leg, SPANDA-T3 in the architecture doc)","Idea/Bimba/Seeds/M/Legacy/plans/2026-07-03-m-prime-cycle-3-full-rerun/02-m1-paramasiva-reconciliation.md","done","PASS","2026-07-11T17:20:42.478Z","UF","","02.T2.13","Body/M/pratibimba-app/src/bridge/types.ts | Body/S/S2/**","Idea/Bimba/Seeds/M/Legacy/plans/2026-07-03-m-prime-cycle-3-full-rerun/plan.runs/verifications/02.T2.14.md"
"03.T3.1","03","Klein-flip profile field closure","Idea/Bimba/Seeds/M/Legacy/plans/2026-07-03-m-prime-cycle-3-full-rerun/03-m2-parashakti-reconciliation.md","done","PASS","2026-07-07T01:53:10.457Z","K","","00.T3","Body/S/S0/epi-cli/src/gate/** | Body/S/S3/** | Idea/Bimba/Seeds/M/Legacy/plans/2026-06-02-m-prime-cycle-3-design-reconciliation/03-m2-parashakti-reconciliation.md","Idea/Bimba/Seeds/M/Legacy/plans/2026-07-03-m-prime-cycle-3-full-rerun/plan.runs/verifications/03.T3.1.md"
"03.T3.2","03","F_routing carrier landing","Idea/Bimba/Seeds/M/Legacy/plans/2026-07-03-m-prime-cycle-3-full-rerun/03-m2-parashakti-reconciliation.md","done","PASS","2026-07-07T19:52:46.778Z","K","","03.T3.10","Body/S/S0/epi-cli/src/gate/** | Body/S/S3/** | Idea/Bimba/Seeds/M/Legacy/plans/2026-06-02-m-prime-cycle-3-design-reconciliation/03-m2-parashakti-reconciliation.md","Idea/Bimba/Seeds/M/Legacy/plans/2026-07-03-m-prime-cycle-3-full-rerun/plan.runs/verifications/03.T3.2.md"
"03.T3.3","03","Six-axes address-view decoder","Idea/Bimba/Seeds/M/Legacy/plans/2026-07-03-m-prime-cycle-3-full-rerun/03-m2-parashakti-reconciliation.md","done","PASS","2026-07-07T20:22:26.614Z","K","","03.T3.2","Body/S/S0/epi-cli/src/gate/** | Body/S/S3/** | Idea/Bimba/Seeds/M/Legacy/plans/2026-06-02-m-prime-cycle-3-design-reconciliation/03-m2-parashakti-reconciliation.md","Idea/Bimba/Seeds/M/Legacy/plans/2026-07-03-m-prime-cycle-3-full-rerun/plan.runs/verifications/03.T3.3.md"
"03.T3.4","03","S2 graph-correspondence Theia adapter","Idea/Bimba/Seeds/M/Legacy/plans/2026-07-03-m-prime-cycle-3-full-rerun/03-m2-parashakti-reconciliation.md","done","PASS","2026-07-07T21:18:28.126Z","K","","03.T3.3","Body/S/S0/epi-cli/src/gate/** | Body/S/S3/** | Idea/Bimba/Seeds/M/Legacy/plans/2026-06-02-m-prime-cycle-3-design-reconciliation/03-m2-parashakti-reconciliation.md","Idea/Bimba/Seeds/M/Legacy/plans/2026-07-03-m-prime-cycle-3-full-rerun/plan.runs/verifications/03.T3.4.md"
"03.T3.5","03","Execute DR-M2-1: planet-count + Earth-at-centre semantics","Idea/Bimba/Seeds/M/Legacy/plans/2026-07-03-m-prime-cycle-3-full-rerun/03-m2-parashakti-reconciliation.md","done","PASS","2026-07-07T21:32:48.463Z","K","","03.T3.4","Body/S/S0/epi-cli/src/gate/** | Body/S/S3/** | Idea/Bimba/Seeds/M/Legacy/plans/2026-06-02-m-prime-cycle-3-design-reconciliation/03-m2-parashakti-reconciliation.md","Idea/Bimba/Seeds/M/Legacy/plans/2026-07-03-m-prime-cycle-3-full-rerun/plan.runs/verifications/03.T3.5.md"
"03.T3.6","03","Decision: six axes of 72 + overlays canon (M2 17th-lens question)","Idea/Bimba/Seeds/M/Legacy/plans/2026-07-03-m-prime-cycle-3-full-rerun/03-m2-parashakti-reconciliation.md","done","PASS","2026-07-10T12:51:50.882Z","K","","03.T3.5","Body/S/S0/epi-cli/src/gate/** | Body/S/S3/** | Idea/Bimba/Seeds/M/Legacy/plans/2026-06-02-m-prime-cycle-3-design-reconciliation/03-m2-parashakti-reconciliation.md","Idea/Bimba/Seeds/M/Legacy/plans/2026-07-03-m-prime-cycle-3-full-rerun/plan.runs/verifications/03.T3.6.md"
"03.T3.7","03","Tuning-aware music-tech bridge (deferred CODE-PENDING)","Idea/Bimba/Seeds/M/Legacy/plans/2026-07-03-m-prime-cycle-3-full-rerun/03-m2-parashakti-reconciliation.md","done","PASS","2026-07-19T18:04:07.271Z","K","","03.T3.6","Body/S/S0/epi-cli/src/gate/** | Body/S/S3/** | Idea/Bimba/Seeds/M/Legacy/plans/2026-06-02-m-prime-cycle-3-design-reconciliation/03-m2-parashakti-reconciliation.md","Idea/Bimba/Seeds/M/Legacy/plans/2026-07-03-m-prime-cycle-3-full-rerun/plan.runs/verifications/03.T3.7.md"
"03.T3.8","03","Nara deposit-handle wiring","Idea/Bimba/Seeds/M/Legacy/plans/2026-07-03-m-prime-cycle-3-full-rerun/03-m2-parashakti-reconciliation.md","done","PASS","2026-07-10T15:00:32.049Z","K","","03.T3.7","Body/S/S0/epi-cli/src/gate/** | Body/S/S3/** | Idea/Bimba/Seeds/M/Legacy/plans/2026-06-02-m-prime-cycle-3-design-reconciliation/03-m2-parashakti-reconciliation.md","Idea/Bimba/Seeds/M/Legacy/plans/2026-07-03-m-prime-cycle-3-full-rerun/plan.runs/verifications/03.T3.8.md"
"03.T3.9","03","M2'-SPEC §9.8 open-question cleanup","Idea/Bimba/Seeds/M/Legacy/plans/2026-07-03-m-prime-cycle-3-full-rerun/03-m2-parashakti-reconciliation.md","done","PASS","2026-07-10T15:01:56.569Z","K","","03.T3.8","Body/S/S0/epi-cli/src/gate/** | Body/S/S3/** | Idea/Bimba/Seeds/M/Legacy/plans/2026-06-02-m-prime-cycle-3-design-reconciliation/03-m2-parashakti-reconciliation.md","Idea/Bimba/Seeds/M/Legacy/plans/2026-07-03-m-prime-cycle-3-full-rerun/plan.runs/verifications/03.T3.9.md"
"03.T3.10","03","Asma mirror overlay + kernel phase-flip integration","Idea/Bimba/Seeds/M/Legacy/plans/2026-07-03-m-prime-cycle-3-full-rerun/03-m2-parashakti-reconciliation.md","done","PASS","2026-07-07T18:16:58.276Z","K","","03.T3.1","Body/S/S0/epi-cli/src/gate/** | Body/S/S3/** | Idea/Bimba/Seeds/M/Legacy/plans/2026-06-02-m-prime-cycle-3-design-reconciliation/03-m2-parashakti-reconciliation.md","Idea/Bimba/Seeds/M/Legacy/plans/2026-07-03-m-prime-cycle-3-full-rerun/plan.runs/verifications/03.T3.10.md"
"04.T4.1","04","Codon-rotation projection field contract audit","Idea/Bimba/Seeds/M/Legacy/plans/2026-07-03-m-prime-cycle-3-full-rerun/04-m3-mahamaya-reconciliation.md","done","PASS","2026-07-06T18:24:15.076Z","K","","00.T3","Body/S/S5/** | Idea/Bimba/Seeds/M/Legacy/plans/2026-06-02-m-prime-cycle-3-design-reconciliation/04-m3-mahamaya-reconciliation.md","Idea/Bimba/Seeds/M/Legacy/plans/2026-07-03-m-prime-cycle-3-full-rerun/plan.runs/verifications/04.T4.1.md"
"04.T4.2","04","M3' summonable inspectors + four depth-view modes","Idea/Bimba/Seeds/M/Legacy/plans/2026-07-03-m-prime-cycle-3-full-rerun/04-m3-mahamaya-reconciliation.md","done","PASS","2026-07-10T13:47:29.419Z","K","","04.T4.17","Body/S/S5/** | Idea/Bimba/Seeds/M/Legacy/plans/2026-06-02-m-prime-cycle-3-design-reconciliation/04-m3-mahamaya-reconciliation.md","Idea/Bimba/Seeds/M/Legacy/plans/2026-07-03-m-prime-cycle-3-full-rerun/plan.runs/verifications/04.T4.2.md"
"04.T4.3","04","Clock-field angular/hop edge overlay rendering","Idea/Bimba/Seeds/M/Legacy/plans/2026-07-03-m-prime-cycle-3-full-rerun/04-m3-mahamaya-reconciliation.md","done","PASS","2026-07-10T14:47:22.780Z","K","","04.T4.2","Body/S/S5/** | Idea/Bimba/Seeds/M/Legacy/plans/2026-06-02-m-prime-cycle-3-design-reconciliation/04-m3-mahamaya-reconciliation.md","Idea/Bimba/Seeds/M/Legacy/plans/2026-07-03-m-prime-cycle-3-full-rerun/plan.runs/verifications/04.T4.3.md"
"04.T4.4","04","TCT / Nine-of-Wands dataset reconciliation","Idea/Bimba/Seeds/M/Legacy/plans/2026-07-03-m-prime-cycle-3-full-rerun/04-m3-mahamaya-reconciliation.md","done","PASS","2026-07-10T14:53:58.933Z","K","","04.T4.3","Body/S/S5/** | Idea/Bimba/Seeds/M/Legacy/plans/2026-06-02-m-prime-cycle-3-design-reconciliation/04-m3-mahamaya-reconciliation.md","Idea/Bimba/Seeds/M/Legacy/plans/2026-07-03-m-prime-cycle-3-full-rerun/plan.runs/verifications/04.T4.4.md"
"04.T4.5","04","Execute DR-M3-2: 72→64 epogdoon cross-reference","Idea/Bimba/Seeds/M/Legacy/plans/2026-07-03-m-prime-cycle-3-full-rerun/04-m3-mahamaya-reconciliation.md","done","PASS","2026-07-10T14:56:49.159Z","K","","04.T4.4","Body/S/S5/** | Idea/Bimba/Seeds/M/Legacy/plans/2026-06-02-m-prime-cycle-3-design-reconciliation/04-m3-mahamaya-reconciliation.md","Idea/Bimba/Seeds/M/Legacy/plans/2026-07-03-m-prime-cycle-3-full-rerun/plan.runs/verifications/04.T4.5.md"
"04.T4.6","04","17th lens / 16+1 namespace split","Idea/Bimba/Seeds/M/Legacy/plans/2026-07-03-m-prime-cycle-3-full-rerun/04-m3-mahamaya-reconciliation.md","done","PASS","2026-07-10T14:56:49.160Z","K","","04.T4.5","Body/S/S5/** | Idea/Bimba/Seeds/M/Legacy/plans/2026-06-02-m-prime-cycle-3-design-reconciliation/04-m3-mahamaya-reconciliation.md","Idea/Bimba/Seeds/M/Legacy/plans/2026-07-03-m-prime-cycle-3-full-rerun/plan.runs/verifications/04.T4.6.md"
"04.T4.7","04","Cl(4,2) one-algebra-four-scales handoff","Idea/Bimba/Seeds/M/Legacy/plans/2026-07-03-m-prime-cycle-3-full-rerun/04-m3-mahamaya-reconciliation.md","done","PASS","2026-07-10T14:56:49.160Z","K","","04.T4.6","Body/S/S5/** | Idea/Bimba/Seeds/M/Legacy/plans/2026-06-02-m-prime-cycle-3-design-reconciliation/04-m3-mahamaya-reconciliation.md","Idea/Bimba/Seeds/M/Legacy/plans/2026-07-03-m-prime-cycle-3-full-rerun/plan.runs/verifications/04.T4.7.md"
"04.T4.8","04","Integrated reading/transcription clock chain","Idea/Bimba/Seeds/M/Legacy/plans/2026-07-03-m-prime-cycle-3-full-rerun/04-m3-mahamaya-reconciliation.md","done","PASS","2026-07-10T14:58:02.854Z","K","","04.T4.7","Body/S/S5/** | Idea/Bimba/Seeds/M/Legacy/plans/2026-06-02-m-prime-cycle-3-design-reconciliation/04-m3-mahamaya-reconciliation.md","Idea/Bimba/Seeds/M/Legacy/plans/2026-07-03-m-prime-cycle-3-full-rerun/plan.runs/verifications/04.T4.8.md"
"04.T4.9","04","Strange-attractor / coupling-flow discipline for M3→Nara","Idea/Bimba/Seeds/M/Legacy/plans/2026-07-03-m-prime-cycle-3-full-rerun/04-m3-mahamaya-reconciliation.md","done","PASS","2026-07-10T14:58:02.855Z","K","","04.T4.8","Body/S/S5/** | Idea/Bimba/Seeds/M/Legacy/plans/2026-06-02-m-prime-cycle-3-design-reconciliation/04-m3-mahamaya-reconciliation.md","Idea/Bimba/Seeds/M/Legacy/plans/2026-07-03-m-prime-cycle-3-full-rerun/plan.runs/verifications/04.T4.9.md"
"04.T4.10","04","Coupling-flow / measurement-face inspector","Idea/Bimba/Seeds/M/Legacy/plans/2026-07-03-m-prime-cycle-3-full-rerun/04-m3-mahamaya-reconciliation.md","done","PASS","2026-07-06T23:31:36.724Z","K","","04.T4.1","Body/S/S5/** | Idea/Bimba/Seeds/M/Legacy/plans/2026-06-02-m-prime-cycle-3-design-reconciliation/04-m3-mahamaya-reconciliation.md","Idea/Bimba/Seeds/M/Legacy/plans/2026-07-03-m-prime-cycle-3-full-rerun/plan.runs/verifications/04.T4.10.md"
"04.T4.11","04","VAK-addressed OracleFrame and SymbolicProtein runtime schema","Idea/Bimba/Seeds/M/Legacy/plans/2026-07-03-m-prime-cycle-3-full-rerun/04-m3-mahamaya-reconciliation.md","done","PASS","2026-07-10T09:11:58.385Z","K","","04.T4.10","Body/S/S5/** | Idea/Bimba/Seeds/M/Legacy/plans/2026-06-02-m-prime-cycle-3-design-reconciliation/04-m3-mahamaya-reconciliation.md","Idea/Bimba/Seeds/M/Legacy/plans/2026-07-03-m-prime-cycle-3-full-rerun/plan.runs/verifications/04.T4.11.md"
"04.T4.12","04","Pre-DR-M3-2 wording sweep","Idea/Bimba/Seeds/M/Legacy/plans/2026-07-03-m-prime-cycle-3-full-rerun/04-m3-mahamaya-reconciliation.md","done","PASS","2026-07-10T09:22:28.529Z","K","","04.T4.11","Body/S/S5/** | Idea/Bimba/Seeds/M/Legacy/plans/2026-06-02-m-prime-cycle-3-design-reconciliation/04-m3-mahamaya-reconciliation.md","Idea/Bimba/Seeds/M/Legacy/plans/2026-07-03-m-prime-cycle-3-full-rerun/plan.runs/verifications/04.T4.12.md"
"04.T4.13","04","`m3_compute_charges` → oracle Rust FFI wiring","Idea/Bimba/Seeds/M/Legacy/plans/2026-07-03-m-prime-cycle-3-full-rerun/04-m3-mahamaya-reconciliation.md","done","PASS","2026-07-10T10:11:20.443Z","K","","04.T4.12","Body/S/S5/** | Idea/Bimba/Seeds/M/Legacy/plans/2026-06-02-m-prime-cycle-3-design-reconciliation/04-m3-mahamaya-reconciliation.md","Idea/Bimba/Seeds/M/Legacy/plans/2026-07-03-m-prime-cycle-3-full-rerun/plan.runs/verifications/04.T4.13.md"
"04.T4.14","04","Maxwell/Mahamaya 15 + Anuttara pentadic trace inspector binding","Idea/Bimba/Seeds/M/Legacy/plans/2026-07-03-m-prime-cycle-3-full-rerun/04-m3-mahamaya-reconciliation.md","done","PASS","2026-07-10T12:48:57.421Z","K","","04.T4.13","Body/S/S5/** | Idea/Bimba/Seeds/M/Legacy/plans/2026-06-02-m-prime-cycle-3-design-reconciliation/04-m3-mahamaya-reconciliation.md","Idea/Bimba/Seeds/M/Legacy/plans/2026-07-03-m-prime-cycle-3-full-rerun/plan.runs/verifications/04.T4.14.md"
"04.T4.15","04","`Clock_Backbone_Node` typed primitive + `CLOCK_BACKBONE[24]` built at M3 boot","Idea/Bimba/Seeds/M/Legacy/plans/2026-07-03-m-prime-cycle-3-full-rerun/04-m3-mahamaya-reconciliation.md","done","PASS","2026-07-10T13:32:20.051Z","K","","04.T4.14","Body/S/S5/** | Idea/Bimba/Seeds/M/Legacy/plans/2026-06-02-m-prime-cycle-3-design-reconciliation/04-m3-mahamaya-reconciliation.md","Idea/Bimba/Seeds/M/Legacy/plans/2026-07-03-m-prime-cycle-3-full-rerun/plan.runs/verifications/04.T4.15.md"
"04.T4.16","04","M3 transcript-class + governance kernel surface (C-side mirror of `transcription.rs`)","Idea/Bimba/Seeds/M/Legacy/plans/2026-07-03-m-prime-cycle-3-full-rerun/04-m3-mahamaya-reconciliation.md","done","PASS","2026-07-10T13:33:37.568Z","K","","04.T4.15","Body/S/S5/** | Idea/Bimba/Seeds/M/Legacy/plans/2026-06-02-m-prime-cycle-3-design-reconciliation/04-m3-mahamaya-reconciliation.md","Idea/Bimba/Seeds/M/Legacy/plans/2026-07-03-m-prime-cycle-3-full-rerun/plan.runs/verifications/04.T4.16.md"
"04.T4.17","04","`TranscriptionalClockPacket` + `SymbolicProtein` schema extension (additive to 4.11)","Idea/Bimba/Seeds/M/Legacy/plans/2026-07-03-m-prime-cycle-3-full-rerun/04-m3-mahamaya-reconciliation.md","done","PASS","2026-07-10T13:40:58.914Z","K","","04.T4.16","Body/S/S5/** | Idea/Bimba/Seeds/M/Legacy/plans/2026-06-02-m-prime-cycle-3-design-reconciliation/04-m3-mahamaya-reconciliation.md","Idea/Bimba/Seeds/M/Legacy/plans/2026-07-03-m-prime-cycle-3-full-rerun/plan.runs/verifications/04.T4.17.md"
"05.T5.1","05","Resonance + Conjugate-Form indicator rendering on Nara surface","Idea/Bimba/Seeds/M/Legacy/plans/2026-07-03-m-prime-cycle-3-full-rerun/05-m4-nara-reconciliation.md","done","PASS","2026-07-12T02:02:27.223Z","K","","00.T3","Body/M/epi-theia/** | Idea/Bimba/Seeds/M/Legacy/plans/2026-06-02-m-prime-cycle-3-design-reconciliation/05-m4-nara-reconciliation.md | Idea/Pratibimba/System/** | vendor/legacy/epi-tauri/**","Idea/Bimba/Seeds/M/Legacy/plans/2026-07-03-m-prime-cycle-3-full-rerun/plan.runs/verifications/05.T5.1.md"
"05.T5.2","05","Nara DayContainer vault path alignment","Idea/Bimba/Seeds/M/Legacy/plans/2026-07-03-m-prime-cycle-3-full-rerun/05-m4-nara-reconciliation.md","done","PASS","2026-07-14T07:25:22.033Z","K","","05.T5.19","Body/M/epi-theia/** | Idea/Bimba/Seeds/M/Legacy/plans/2026-06-02-m-prime-cycle-3-design-reconciliation/05-m4-nara-reconciliation.md | Idea/Pratibimba/System/** | vendor/legacy/epi-tauri/**","Idea/Bimba/Seeds/M/Legacy/plans/2026-07-03-m-prime-cycle-3-full-rerun/plan.runs/verifications/05.T5.2.md"
"05.T5.3","05","Graphiti runtime Nara relations insertion API","Idea/Bimba/Seeds/M/Legacy/plans/2026-07-03-m-prime-cycle-3-full-rerun/05-m4-nara-reconciliation.md","done","PASS","2026-07-15T13:34:06.877Z","K","","05.T5.27","Body/M/epi-theia/** | Idea/Bimba/Seeds/M/Legacy/plans/2026-06-02-m-prime-cycle-3-design-reconciliation/05-m4-nara-reconciliation.md | Idea/Pratibimba/System/** | vendor/legacy/epi-tauri/**","Idea/Bimba/Seeds/M/Legacy/plans/2026-07-03-m-prime-cycle-3-full-rerun/plan.runs/verifications/05.T5.3.md"
"05.T5.4","05","`(q_b, q_p)` Bimba/Pratibimba decomposition of Q_composed","Idea/Bimba/Seeds/M/Legacy/plans/2026-07-03-m-prime-cycle-3-full-rerun/05-m4-nara-reconciliation.md","done","PASS","2026-07-15T13:49:14.405Z","K","","05.T5.3","Body/M/epi-theia/** | Idea/Bimba/Seeds/M/Legacy/plans/2026-06-02-m-prime-cycle-3-design-reconciliation/05-m4-nara-reconciliation.md | Idea/Pratibimba/System/** | vendor/legacy/epi-tauri/**","Idea/Bimba/Seeds/M/Legacy/plans/2026-07-03-m-prime-cycle-3-full-rerun/plan.runs/verifications/05.T5.4.md"
"05.T5.5","05","Psychoid-cymatic field solver + audio-cymatic driver (minimum-viable)","Idea/Bimba/Seeds/M/Legacy/plans/2026-07-03-m-prime-cycle-3-full-rerun/05-m4-nara-reconciliation.md","done","PASS","2026-07-15T14:16:18.459Z","K","","05.T5.4","Body/M/epi-theia/** | Idea/Bimba/Seeds/M/Legacy/plans/2026-06-02-m-prime-cycle-3-design-reconciliation/05-m4-nara-reconciliation.md | Idea/Pratibimba/System/** | vendor/legacy/epi-tauri/**","Idea/Bimba/Seeds/M/Legacy/plans/2026-07-03-m-prime-cycle-3-full-rerun/plan.runs/verifications/05.T5.5.md"
"05.T5.6","05","M4-0 birthdate encoding + six-layer identity branch","Idea/Bimba/Seeds/M/Legacy/plans/2026-07-03-m-prime-cycle-3-full-rerun/05-m4-nara-reconciliation.md","done","PASS","2026-07-15T14:19:24.574Z","K","","05.T5.5","Body/M/epi-theia/** | Idea/Bimba/Seeds/M/Legacy/plans/2026-06-02-m-prime-cycle-3-design-reconciliation/05-m4-nara-reconciliation.md | Idea/Pratibimba/System/** | vendor/legacy/epi-tauri/**","Idea/Bimba/Seeds/M/Legacy/plans/2026-07-03-m-prime-cycle-3-full-rerun/plan.runs/verifications/05.T5.6.md"
"05.T5.7","05","Execute DR-M4-2: q_personal output + axis-lock + identity-hash + Vāma policy + 0/1 polarity","Idea/Bimba/Seeds/M/Legacy/plans/2026-07-03-m-prime-cycle-3-full-rerun/05-m4-nara-reconciliation.md","done","PASS","2026-07-15T14:23:01.898Z","K","","05.T5.6","Body/M/epi-theia/** | Idea/Bimba/Seeds/M/Legacy/plans/2026-06-02-m-prime-cycle-3-design-reconciliation/05-m4-nara-reconciliation.md | Idea/Pratibimba/System/** | vendor/legacy/epi-tauri/**","Idea/Bimba/Seeds/M/Legacy/plans/2026-07-03-m-prime-cycle-3-full-rerun/plan.runs/verifications/05.T5.7.md"
"05.T5.8","05","Period reading trajectory reconstruction","Idea/Bimba/Seeds/M/Legacy/plans/2026-07-03-m-prime-cycle-3-full-rerun/05-m4-nara-reconciliation.md","done","PASS","2026-07-15T14:25:34.561Z","K","","05.T5.7","Body/M/epi-theia/** | Idea/Bimba/Seeds/M/Legacy/plans/2026-06-02-m-prime-cycle-3-design-reconciliation/05-m4-nara-reconciliation.md | Idea/Pratibimba/System/** | vendor/legacy/epi-tauri/**","Idea/Bimba/Seeds/M/Legacy/plans/2026-07-03-m-prime-cycle-3-full-rerun/plan.runs/verifications/05.T5.8.md"
"05.T5.9","05","Identity-augment proposal lifecycle (M4 side)","Idea/Bimba/Seeds/M/Legacy/plans/2026-07-03-m-prime-cycle-3-full-rerun/05-m4-nara-reconciliation.md","done","PASS","2026-07-15T14:28:35.802Z","K","","05.T5.8","Body/M/epi-theia/** | Idea/Bimba/Seeds/M/Legacy/plans/2026-06-02-m-prime-cycle-3-design-reconciliation/05-m4-nara-reconciliation.md | Idea/Pratibimba/System/** | vendor/legacy/epi-tauri/**","Idea/Bimba/Seeds/M/Legacy/plans/2026-07-03-m-prime-cycle-3-full-rerun/plan.runs/verifications/05.T5.9.md"
"05.T5.10","05","Connectivity-vs-bounded-access discriminator","Idea/Bimba/Seeds/M/Legacy/plans/2026-07-03-m-prime-cycle-3-full-rerun/05-m4-nara-reconciliation.md","done","PASS","2026-07-12T02:20:26.767Z","K","","05.T5.1","Body/M/epi-theia/** | Idea/Bimba/Seeds/M/Legacy/plans/2026-06-02-m-prime-cycle-3-design-reconciliation/05-m4-nara-reconciliation.md | Idea/Pratibimba/System/** | vendor/legacy/epi-tauri/**","Idea/Bimba/Seeds/M/Legacy/plans/2026-07-03-m-prime-cycle-3-full-rerun/plan.runs/verifications/05.T5.10.md"
"05.T5.11","05","Nara OracleFrame, deck-context, and symbolic-protein integration","Idea/Bimba/Seeds/M/Legacy/plans/2026-07-03-m-prime-cycle-3-full-rerun/05-m4-nara-reconciliation.md","done","PASS","2026-07-12T09:21:54.747Z","K","","05.T5.10","Body/M/epi-theia/** | Idea/Bimba/Seeds/M/Legacy/plans/2026-06-02-m-prime-cycle-3-design-reconciliation/05-m4-nara-reconciliation.md | Idea/Pratibimba/System/** | vendor/legacy/epi-tauri/**","Idea/Bimba/Seeds/M/Legacy/plans/2026-07-03-m-prime-cycle-3-full-rerun/plan.runs/verifications/05.T5.11.md"
"05.T5.12","05","DR-IG-6 dipyramid geometry sweep for psychoid renderer spec","Idea/Bimba/Seeds/M/Legacy/plans/2026-07-03-m-prime-cycle-3-full-rerun/05-m4-nara-reconciliation.md","done","PASS","2026-07-12T09:32:45.674Z","K","","05.T5.11","Body/M/epi-theia/** | Idea/Bimba/Seeds/M/Legacy/plans/2026-06-02-m-prime-cycle-3-design-reconciliation/05-m4-nara-reconciliation.md | Idea/Pratibimba/System/** | vendor/legacy/epi-tauri/**","Idea/Bimba/Seeds/M/Legacy/plans/2026-07-03-m-prime-cycle-3-full-rerun/plan.runs/verifications/05.T5.12.md"
"05.T5.13","05","DR-M4-3 strict-invariant sweep of M4-ARCHITECTURE §4.3","Idea/Bimba/Seeds/M/Legacy/plans/2026-07-03-m-prime-cycle-3-full-rerun/05-m4-nara-reconciliation.md","done","PASS","2026-07-12T10:15:49.590Z","K","","05.T5.12","Body/M/epi-theia/** | Idea/Bimba/Seeds/M/Legacy/plans/2026-06-02-m-prime-cycle-3-design-reconciliation/05-m4-nara-reconciliation.md | Idea/Pratibimba/System/** | vendor/legacy/epi-tauri/**","Idea/Bimba/Seeds/M/Legacy/plans/2026-07-03-m-prime-cycle-3-full-rerun/plan.runs/verifications/05.T5.13.md"
"05.T5.14","05","DR-M4-1 path coherence sweep","Idea/Bimba/Seeds/M/Legacy/plans/2026-07-03-m-prime-cycle-3-full-rerun/05-m4-nara-reconciliation.md","done","PASS","2026-07-12T10:23:58.176Z","K","","05.T5.13","Body/M/epi-theia/** | Idea/Bimba/Seeds/M/Legacy/plans/2026-06-02-m-prime-cycle-3-design-reconciliation/05-m4-nara-reconciliation.md | Idea/Pratibimba/System/** | vendor/legacy/epi-tauri/**","Idea/Bimba/Seeds/M/Legacy/plans/2026-07-03-m-prime-cycle-3-full-rerun/plan.runs/verifications/05.T5.14.md"
"05.T5.15","05","Prospective/Retrospective sense semantics on M4-Nara surface","Idea/Bimba/Seeds/M/Legacy/plans/2026-07-03-m-prime-cycle-3-full-rerun/05-m4-nara-reconciliation.md","done","PASS","2026-07-12T11:46:34.884Z","K","","05.T5.14","Body/M/epi-theia/** | Idea/Bimba/Seeds/M/Legacy/plans/2026-06-02-m-prime-cycle-3-design-reconciliation/05-m4-nara-reconciliation.md | Idea/Pratibimba/System/** | vendor/legacy/epi-tauri/**","Idea/Bimba/Seeds/M/Legacy/plans/2026-07-03-m-prime-cycle-3-full-rerun/plan.runs/verifications/05.T5.15.md"
"05.T5.16","05","L2' canonical element-ID harmonisation across M-stack","Idea/Bimba/Seeds/M/Legacy/plans/2026-07-03-m-prime-cycle-3-full-rerun/05-m4-nara-reconciliation.md","done","PASS","2026-07-12T12:21:31.166Z","K","","05.T5.15","Body/M/epi-theia/** | Idea/Bimba/Seeds/M/Legacy/plans/2026-06-02-m-prime-cycle-3-design-reconciliation/05-m4-nara-reconciliation.md | Idea/Pratibimba/System/** | vendor/legacy/epi-tauri/**","Idea/Bimba/Seeds/M/Legacy/plans/2026-07-03-m-prime-cycle-3-full-rerun/plan.runs/verifications/05.T5.16.md"
"05.T5.17","05","OracleSpread per-position aliveness state in SpacetimeDB","Idea/Bimba/Seeds/M/Legacy/plans/2026-07-03-m-prime-cycle-3-full-rerun/05-m4-nara-reconciliation.md","done","PASS","2026-07-12T16:03:53.916Z","K","","05.T5.16","Body/M/epi-theia/** | Idea/Bimba/Seeds/M/Legacy/plans/2026-06-02-m-prime-cycle-3-design-reconciliation/05-m4-nara-reconciliation.md | Idea/Pratibimba/System/** | vendor/legacy/epi-tauri/**","Idea/Bimba/Seeds/M/Legacy/plans/2026-07-03-m-prime-cycle-3-full-rerun/plan.runs/verifications/05.T5.17.md"
"05.T5.18","05","Nara Daily Briefing skill with somatic register from M4-1","Idea/Bimba/Seeds/M/Legacy/plans/2026-07-03-m-prime-cycle-3-full-rerun/05-m4-nara-reconciliation.md","done","PASS","2026-07-12T19:23:15.910Z","K","","05.T5.17","Body/M/epi-theia/** | Idea/Bimba/Seeds/M/Legacy/plans/2026-06-02-m-prime-cycle-3-design-reconciliation/05-m4-nara-reconciliation.md | Idea/Pratibimba/System/** | vendor/legacy/epi-tauri/**","Idea/Bimba/Seeds/M/Legacy/plans/2026-07-03-m-prime-cycle-3-full-rerun/plan.runs/verifications/05.T5.18.md"
"05.T5.19","05","NOW.md frontmatter schema extension for tranche/orbit/sense controls","Idea/Bimba/Seeds/M/Legacy/plans/2026-07-03-m-prime-cycle-3-full-rerun/05-m4-nara-reconciliation.md","done","PASS","2026-07-13T23:25:52.458Z","K","","05.T5.18","Body/M/epi-theia/** | Idea/Bimba/Seeds/M/Legacy/plans/2026-06-02-m-prime-cycle-3-design-reconciliation/05-m4-nara-reconciliation.md | Idea/Pratibimba/System/** | vendor/legacy/epi-tauri/**","Idea/Bimba/Seeds/M/Legacy/plans/2026-07-03-m-prime-cycle-3-full-rerun/plan.runs/verifications/05.T5.19.md"
"05.T5.20","05","LLM-Nara position 4' traversal-voice contract","Idea/Bimba/Seeds/M/Legacy/plans/2026-07-03-m-prime-cycle-3-full-rerun/05-m4-nara-reconciliation.md","done","PASS","2026-07-15T09:03:13.957Z","K","","05.T5.2","Body/M/epi-theia/** | Idea/Bimba/Seeds/M/Legacy/plans/2026-06-02-m-prime-cycle-3-design-reconciliation/05-m4-nara-reconciliation.md | Idea/Pratibimba/System/** | vendor/legacy/epi-tauri/**","Idea/Bimba/Seeds/M/Legacy/plans/2026-07-03-m-prime-cycle-3-full-rerun/plan.runs/verifications/05.T5.20.md"
"05.T5.21","05","`anuttara-symbolic-parse` skill for LLM-side Verifier-question parsing","Idea/Bimba/Seeds/M/Legacy/plans/2026-07-03-m-prime-cycle-3-full-rerun/05-m4-nara-reconciliation.md","done","PASS","2026-07-15T09:03:13.957Z","K","","05.T5.20","Body/M/epi-theia/** | Idea/Bimba/Seeds/M/Legacy/plans/2026-06-02-m-prime-cycle-3-design-reconciliation/05-m4-nara-reconciliation.md | Idea/Pratibimba/System/** | vendor/legacy/epi-tauri/**","Idea/Bimba/Seeds/M/Legacy/plans/2026-07-03-m-prime-cycle-3-full-rerun/plan.runs/verifications/05.T5.21.md"
"05.T5.22","05","Nara LoRA + E_4 personal-energy substrate (Stream F of [[33-harmonic-energy-channel-handoff.md]] §2.6)","Idea/Bimba/Seeds/M/Legacy/plans/2026-07-03-m-prime-cycle-3-full-rerun/05-m4-nara-reconciliation.md","done","PASS","2026-07-15T15:44:26.035Z","K","","05.T5.21","Body/M/epi-theia/** | Idea/Bimba/Seeds/M/Legacy/plans/2026-06-02-m-prime-cycle-3-design-reconciliation/05-m4-nara-reconciliation.md | Idea/Pratibimba/System/** | vendor/legacy/epi-tauri/**","Idea/Bimba/Seeds/M/Legacy/plans/2026-07-03-m-prime-cycle-3-full-rerun/plan.runs/verifications/05.T5.22.md"
"05.T5.23","05","`q_` content vocabulary canonicalisation + `q_4_{i?}_locality_signature` extension","Idea/Bimba/Seeds/M/Legacy/plans/2026-07-03-m-prime-cycle-3-full-rerun/05-m4-nara-reconciliation.md","done","PASS","2026-07-15T15:45:02.849Z","K","","05.T5.22","Body/M/epi-theia/** | Idea/Bimba/Seeds/M/Legacy/plans/2026-06-02-m-prime-cycle-3-design-reconciliation/05-m4-nara-reconciliation.md | Idea/Pratibimba/System/** | vendor/legacy/epi-tauri/**","Idea/Bimba/Seeds/M/Legacy/plans/2026-07-03-m-prime-cycle-3-full-rerun/plan.runs/verifications/05.T5.23.md"
"05.T5.24","05","Stamp Level 0 Fibonacci Ground coordinates into NOW.md frontmatter","Idea/Bimba/Seeds/M/Legacy/plans/2026-07-03-m-prime-cycle-3-full-rerun/05-m4-nara-reconciliation.md","done","PASS","2026-07-15T15:45:31.919Z","K","","05.T5.23","Body/M/epi-theia/** | Idea/Bimba/Seeds/M/Legacy/plans/2026-06-02-m-prime-cycle-3-design-reconciliation/05-m4-nara-reconciliation.md | Idea/Pratibimba/System/** | vendor/legacy/epi-tauri/**","Idea/Bimba/Seeds/M/Legacy/plans/2026-07-03-m-prime-cycle-3-full-rerun/plan.runs/verifications/05.T5.24.md"
"05.T5.25","05","`KairosFrame` discriminated union + atomic migration of all M4 consumers","Idea/Bimba/Seeds/M/Legacy/plans/2026-07-03-m-prime-cycle-3-full-rerun/05-m4-nara-reconciliation.md","done","PASS","2026-07-15T15:46:48.433Z","K","","05.T5.24","Body/M/epi-theia/** | Idea/Bimba/Seeds/M/Legacy/plans/2026-06-02-m-prime-cycle-3-design-reconciliation/05-m4-nara-reconciliation.md | Idea/Pratibimba/System/** | vendor/legacy/epi-tauri/**","Idea/Bimba/Seeds/M/Legacy/plans/2026-07-03-m-prime-cycle-3-full-rerun/plan.runs/verifications/05.T5.25.md"
"05.T5.26","05","`m4_session_close` + session-lifecycle transcription binding (session-as-transcription realisation)","Idea/Bimba/Seeds/M/Legacy/plans/2026-07-03-m-prime-cycle-3-full-rerun/05-m4-nara-reconciliation.md","done","PASS","2026-07-15T13:06:27.287Z","K","","05.T5.25","Body/M/epi-theia/** | Idea/Bimba/Seeds/M/Legacy/plans/2026-06-02-m-prime-cycle-3-design-reconciliation/05-m4-nara-reconciliation.md | Idea/Pratibimba/System/** | vendor/legacy/epi-tauri/**","Idea/Bimba/Seeds/M/Legacy/plans/2026-07-03-m-prime-cycle-3-full-rerun/plan.runs/verifications/05.T5.26.md"
"05.T5.27","05","Mythos as in-session symbolic-protein narrative reader (Paśyantī pattern-naming over codon chain)","Idea/Bimba/Seeds/M/Legacy/plans/2026-07-03-m-prime-cycle-3-full-rerun/05-m4-nara-reconciliation.md","done","PASS","2026-07-15T13:23:16.935Z","K","","05.T5.26","Body/M/epi-theia/** | Idea/Bimba/Seeds/M/Legacy/plans/2026-06-02-m-prime-cycle-3-design-reconciliation/05-m4-nara-reconciliation.md | Idea/Pratibimba/System/** | vendor/legacy/epi-tauri/**","Idea/Bimba/Seeds/M/Legacy/plans/2026-07-03-m-prime-cycle-3-full-rerun/plan.runs/verifications/05.T5.27.md"
"06.T6.1","06","Register `s5'.gnostic.*` over production epi-gnostic — EXPANDED to ONE substrate layer","Idea/Bimba/Seeds/M/Legacy/plans/2026-07-03-m-prime-cycle-3-full-rerun/06-m5-epii-reconciliation.md","done","PASS","2026-07-14T18:24:32.889Z","W","","00.T3","Idea/Bimba/Seeds/M/Legacy/plans/2026-06-02-m-prime-cycle-3-design-reconciliation/06-m5-epii-reconciliation.md | vendor/legacy/epi-tauri/**","Idea/Bimba/Seeds/M/Legacy/plans/2026-07-03-m-prime-cycle-3-full-rerun/plan.runs/verifications/06.T6.1.md"
"06.T6.2","06","Activate Atelier as etymological-cluster lens on m0-anuttara graph viewer + OmniPanel commands","Idea/Bimba/Seeds/M/Legacy/plans/2026-07-03-m-prime-cycle-3-full-rerun/06-m5-epii-reconciliation.md","done","PASS","2026-07-16T00:13:47.649Z","W","","06.T6.12","Idea/Bimba/Seeds/M/Legacy/plans/2026-06-02-m-prime-cycle-3-design-reconciliation/06-m5-epii-reconciliation.md | vendor/legacy/epi-tauri/**","Idea/Bimba/Seeds/M/Legacy/plans/2026-07-03-m-prime-cycle-3-full-rerun/plan.runs/verifications/06.T6.2.md"
"06.T6.3","06","Six operational-capacity panes over `capacity_workflows.rs`","Idea/Bimba/Seeds/M/Legacy/plans/2026-07-03-m-prime-cycle-3-full-rerun/06-m5-epii-reconciliation.md","done","PASS","2026-07-16T00:24:11.494Z","W","","06.T6.2","Idea/Bimba/Seeds/M/Legacy/plans/2026-06-02-m-prime-cycle-3-design-reconciliation/06-m5-epii-reconciliation.md | vendor/legacy/epi-tauri/**","Idea/Bimba/Seeds/M/Legacy/plans/2026-07-03-m-prime-cycle-3-full-rerun/plan.runs/verifications/06.T6.3.md"
"06.T6.4","06","Canon Studio + Backend Studio Theia extensions","Idea/Bimba/Seeds/M/Legacy/plans/2026-07-03-m-prime-cycle-3-full-rerun/06-m5-epii-reconciliation.md","done","PASS","2026-07-16T01:45:27.320Z","W","","06.T6.3","Idea/Bimba/Seeds/M/Legacy/plans/2026-06-02-m-prime-cycle-3-design-reconciliation/06-m5-epii-reconciliation.md | vendor/legacy/epi-tauri/**","Idea/Bimba/Seeds/M/Legacy/plans/2026-07-03-m-prime-cycle-3-full-rerun/plan.runs/verifications/06.T6.4.md"
"06.T6.5","06","Execute DR-M5-1 + DR-M5-2 register cleanup","Idea/Bimba/Seeds/M/Legacy/plans/2026-07-03-m-prime-cycle-3-full-rerun/06-m5-epii-reconciliation.md","done","PASS","2026-07-16T03:40:50.079Z","W","","06.T6.4","Idea/Bimba/Seeds/M/Legacy/plans/2026-06-02-m-prime-cycle-3-design-reconciliation/06-m5-epii-reconciliation.md | vendor/legacy/epi-tauri/**","Idea/Bimba/Seeds/M/Legacy/plans/2026-07-03-m-prime-cycle-3-full-rerun/plan.runs/verifications/06.T6.5.md"
"06.T6.6","06","`anuttara_trace` orphan-fill referral","Idea/Bimba/Seeds/M/Legacy/plans/2026-07-03-m-prime-cycle-3-full-rerun/06-m5-epii-reconciliation.md","done","PASS","2026-07-16T03:44:20.450Z","W","","06.T6.5","Idea/Bimba/Seeds/M/Legacy/plans/2026-06-02-m-prime-cycle-3-design-reconciliation/06-m5-epii-reconciliation.md | vendor/legacy/epi-tauri/**","Idea/Bimba/Seeds/M/Legacy/plans/2026-07-03-m-prime-cycle-3-full-rerun/plan.runs/verifications/06.T6.6.md"
"06.T6.7","06","DR-M5-1 implementation landing tranche","Idea/Bimba/Seeds/M/Legacy/plans/2026-07-03-m-prime-cycle-3-full-rerun/06-m5-epii-reconciliation.md","done","PASS","2026-07-16T09:18:37.391Z","W","","06.T6.6","Idea/Bimba/Seeds/M/Legacy/plans/2026-06-02-m-prime-cycle-3-design-reconciliation/06-m5-epii-reconciliation.md | vendor/legacy/epi-tauri/**","Idea/Bimba/Seeds/M/Legacy/plans/2026-07-03-m-prime-cycle-3-full-rerun/plan.runs/verifications/06.T6.7.md"
"06.T6.8","06","EBM-Epii position 5' resonance-vector predictor module (72-dim N-channel head, Rust-native)","Idea/Bimba/Seeds/M/Legacy/plans/2026-07-03-m-prime-cycle-3-full-rerun/06-m5-epii-reconciliation.md","done","PASS","2026-07-16T09:37:06.399Z","W","","06.T6.7","Idea/Bimba/Seeds/M/Legacy/plans/2026-06-02-m-prime-cycle-3-design-reconciliation/06-m5-epii-reconciliation.md | vendor/legacy/epi-tauri/**","Idea/Bimba/Seeds/M/Legacy/plans/2026-07-03-m-prime-cycle-3-full-rerun/plan.runs/verifications/06.T6.8.md"
"06.T6.9","06","`pi train-ebm` + `pi export-ebm-state` CLI commands","Idea/Bimba/Seeds/M/Legacy/plans/2026-07-03-m-prime-cycle-3-full-rerun/06-m5-epii-reconciliation.md","done","PASS","2026-07-16T09:55:24.261Z","W","","06.T6.8","Idea/Bimba/Seeds/M/Legacy/plans/2026-06-02-m-prime-cycle-3-design-reconciliation/06-m5-epii-reconciliation.md | vendor/legacy/epi-tauri/**","Idea/Bimba/Seeds/M/Legacy/plans/2026-07-03-m-prime-cycle-3-full-rerun/plan.runs/verifications/06.T6.9.md"
"06.T6.10","06","EBM kernel-runtime integration + Möbius descent step (Riemannian-quaternion gradient pipeline, per-element-tick invocation)","Idea/Bimba/Seeds/M/Legacy/plans/2026-07-03-m-prime-cycle-3-full-rerun/06-m5-epii-reconciliation.md","done","PASS","2026-07-15T09:50:42.103Z","W","","06.T6.1","Idea/Bimba/Seeds/M/Legacy/plans/2026-06-02-m-prime-cycle-3-design-reconciliation/06-m5-epii-reconciliation.md | vendor/legacy/epi-tauri/**","Idea/Bimba/Seeds/M/Legacy/plans/2026-07-03-m-prime-cycle-3-full-rerun/plan.runs/verifications/06.T6.10.md"
"06.T6.11","06","`kernel.rs` total_energy formula + E_4 parameter restructure (canonical 4:5:6 weighting)","Idea/Bimba/Seeds/M/Legacy/plans/2026-07-03-m-prime-cycle-3-full-rerun/06-m5-epii-reconciliation.md","done","PASS","2026-07-15T14:32:24.303Z","W","","06.T6.10","Idea/Bimba/Seeds/M/Legacy/plans/2026-06-02-m-prime-cycle-3-design-reconciliation/06-m5-epii-reconciliation.md | vendor/legacy/epi-tauri/**","Idea/Bimba/Seeds/M/Legacy/plans/2026-07-03-m-prime-cycle-3-full-rerun/plan.runs/verifications/06.T6.11.md"
"06.T6.12","06","Wisdom curation loop: Epii M5'-self-referential autoresearch + ML at M5-4' + VAK-gated pair-development surface","Idea/Bimba/Seeds/M/Legacy/plans/2026-07-03-m-prime-cycle-3-full-rerun/06-m5-epii-reconciliation.md","done","PASS","2026-07-15T19:24:09.570Z","W","","06.T6.11","Idea/Bimba/Seeds/M/Legacy/plans/2026-06-02-m-prime-cycle-3-design-reconciliation/06-m5-epii-reconciliation.md | vendor/legacy/epi-tauri/**","Idea/Bimba/Seeds/M/Legacy/plans/2026-07-03-m-prime-cycle-3-full-rerun/plan.runs/verifications/06.T6.12.md"
"07.T7.1","07","Integrated readiness gate against Wave-A pending profile fields","Idea/Bimba/Seeds/M/Legacy/plans/2026-07-03-m-prime-cycle-3-full-rerun/07-integrated-1-2-3-cosmic-engine-reconciliation.md","done","PASS","2026-07-10T23:07:45.710Z","K","","00.T3","Body/M/epi-theia/extensions/** | Idea/Bimba/Seeds/M/Legacy/plans/2026-06-02-m-prime-cycle-3-design-reconciliation/07-integrated-1-2-3-cosmic-engine-reconciliation.md","Idea/Bimba/Seeds/M/Legacy/plans/2026-07-03-m-prime-cycle-3-full-rerun/plan.runs/verifications/07.T7.1.md"
"07.T7.2","07","137 = 64 + 72 + 1 composition assertion (Third Spanda Equation, five canonical forms)","Idea/Bimba/Seeds/M/Legacy/plans/2026-07-03-m-prime-cycle-3-full-rerun/07-integrated-1-2-3-cosmic-engine-reconciliation.md","done","PASS","2026-07-12T20:07:45.400Z","K","","07.T7.1","Body/M/epi-theia/extensions/** | Idea/Bimba/Seeds/M/Legacy/plans/2026-06-02-m-prime-cycle-3-design-reconciliation/07-integrated-1-2-3-cosmic-engine-reconciliation.md","Idea/Bimba/Seeds/M/Legacy/plans/2026-07-03-m-prime-cycle-3-full-rerun/plan.runs/verifications/07.T7.2.md"
"07.T7.3","07","Solar-anchor design principle integration","Idea/Bimba/Seeds/M/Legacy/plans/2026-07-03-m-prime-cycle-3-full-rerun/07-integrated-1-2-3-cosmic-engine-reconciliation.md","done","PASS","2026-07-14T00:14:38.759Z","K","","07.T7.2","Body/M/epi-theia/extensions/** | Idea/Bimba/Seeds/M/Legacy/plans/2026-06-02-m-prime-cycle-3-design-reconciliation/07-integrated-1-2-3-cosmic-engine-reconciliation.md","Idea/Bimba/Seeds/M/Legacy/plans/2026-07-03-m-prime-cycle-3-full-rerun/plan.runs/verifications/07.T7.3.md"
"07.T7.4","07","Cl(4,2) one-algebra cross-pole assertion","Idea/Bimba/Seeds/M/Legacy/plans/2026-07-03-m-prime-cycle-3-full-rerun/07-integrated-1-2-3-cosmic-engine-reconciliation.md","done","PASS","2026-07-15T09:03:13.957Z","K","","07.T7.3","Body/M/epi-theia/extensions/** | Idea/Bimba/Seeds/M/Legacy/plans/2026-06-02-m-prime-cycle-3-design-reconciliation/07-integrated-1-2-3-cosmic-engine-reconciliation.md","Idea/Bimba/Seeds/M/Legacy/plans/2026-07-03-m-prime-cycle-3-full-rerun/plan.runs/verifications/07.T7.4.md"
"07.T7.5","07","Plugin layout claim against shell-0 (cosmic) decision","Idea/Bimba/Seeds/M/Legacy/plans/2026-07-03-m-prime-cycle-3-full-rerun/07-integrated-1-2-3-cosmic-engine-reconciliation.md","done","PASS","2026-07-16T00:27:20.751Z","K","","07.T7.4","Body/M/epi-theia/extensions/** | Idea/Bimba/Seeds/M/Legacy/plans/2026-06-02-m-prime-cycle-3-design-reconciliation/07-integrated-1-2-3-cosmic-engine-reconciliation.md","Idea/Bimba/Seeds/M/Legacy/plans/2026-07-03-m-prime-cycle-3-full-rerun/plan.runs/verifications/07.T7.5.md"
"07.T7.6","07","Coupling-flow overlay on the 137 visual signature","Idea/Bimba/Seeds/M/Legacy/plans/2026-07-03-m-prime-cycle-3-full-rerun/07-integrated-1-2-3-cosmic-engine-reconciliation.md","done","PASS","2026-07-16T00:33:13.086Z","K","","07.T7.5","Body/M/epi-theia/extensions/** | Idea/Bimba/Seeds/M/Legacy/plans/2026-06-02-m-prime-cycle-3-design-reconciliation/07-integrated-1-2-3-cosmic-engine-reconciliation.md","Idea/Bimba/Seeds/M/Legacy/plans/2026-07-03-m-prime-cycle-3-full-rerun/plan.runs/verifications/07.T7.6.md"
"07.T7.7","07","M3 codon-ring rotation-axis flip on Klein-flip event","Idea/Bimba/Seeds/M/Legacy/plans/2026-07-03-m-prime-cycle-3-full-rerun/07-integrated-1-2-3-cosmic-engine-reconciliation.md","done","PASS","2026-07-16T00:37:25.604Z","K","","07.T7.6","Body/M/epi-theia/extensions/** | Idea/Bimba/Seeds/M/Legacy/plans/2026-06-02-m-prime-cycle-3-design-reconciliation/07-integrated-1-2-3-cosmic-engine-reconciliation.md","Idea/Bimba/Seeds/M/Legacy/plans/2026-07-03-m-prime-cycle-3-full-rerun/plan.runs/verifications/07.T7.7.md"
"07.T7.8","07","Consume `MathemeHarmonicProfile.m1_topology.torus_knot_phase` SSOT","Idea/Bimba/Seeds/M/Legacy/plans/2026-07-03-m-prime-cycle-3-full-rerun/07-integrated-1-2-3-cosmic-engine-reconciliation.md","done","PASS","2026-07-16T00:41:50.205Z","K","","07.T7.7","Body/M/epi-theia/extensions/** | Idea/Bimba/Seeds/M/Legacy/plans/2026-06-02-m-prime-cycle-3-design-reconciliation/07-integrated-1-2-3-cosmic-engine-reconciliation.md","Idea/Bimba/Seeds/M/Legacy/plans/2026-07-03-m-prime-cycle-3-full-rerun/plan.runs/verifications/07.T7.8.md"
"07.T7.9","07","Consume ratified three-variant `KleinFlipEvent` SSOT","Idea/Bimba/Seeds/M/Legacy/plans/2026-07-03-m-prime-cycle-3-full-rerun/07-integrated-1-2-3-cosmic-engine-reconciliation.md","done","PASS","2026-07-16T00:44:43.773Z","K","","07.T7.8","Body/M/epi-theia/extensions/** | Idea/Bimba/Seeds/M/Legacy/plans/2026-06-02-m-prime-cycle-3-design-reconciliation/07-integrated-1-2-3-cosmic-engine-reconciliation.md","Idea/Bimba/Seeds/M/Legacy/plans/2026-07-03-m-prime-cycle-3-full-rerun/plan.runs/verifications/07.T7.9.md"
"08.T8.1","08","Privacy-first composition contract (no raw bodies cross plugin)","Idea/Bimba/Seeds/M/Legacy/plans/2026-07-03-m-prime-cycle-3-full-rerun/08-integrated-4-5-0-recognition-reconciliation.md","done","PASS","2026-07-06T18:39:17.296Z","W","","00.T3","Body/M/epi-theia/extensions/** | Idea/Bimba/Seeds/M/Legacy/plans/2026-06-02-m-prime-cycle-3-design-reconciliation/08-integrated-4-5-0-recognition-reconciliation.md","Idea/Bimba/Seeds/M/Legacy/plans/2026-07-03-m-prime-cycle-3-full-rerun/plan.runs/verifications/08.T8.1.md"
"08.T8.2","08","M2 → M4 deposit-handle reception","Idea/Bimba/Seeds/M/Legacy/plans/2026-07-03-m-prime-cycle-3-full-rerun/08-integrated-4-5-0-recognition-reconciliation.md","done","PASS","2026-07-10T15:04:43.397Z","W","","08.T8.1","Body/M/epi-theia/extensions/** | Idea/Bimba/Seeds/M/Legacy/plans/2026-06-02-m-prime-cycle-3-design-reconciliation/08-integrated-4-5-0-recognition-reconciliation.md","Idea/Bimba/Seeds/M/Legacy/plans/2026-07-03-m-prime-cycle-3-full-rerun/plan.runs/verifications/08.T8.2.md"
"08.T8.3","08","M5 recursive-self-review gate consumption","Idea/Bimba/Seeds/M/Legacy/plans/2026-07-03-m-prime-cycle-3-full-rerun/08-integrated-4-5-0-recognition-reconciliation.md","done","PASS","2026-07-10T15:07:38.283Z","W","","08.T8.2","Body/M/epi-theia/extensions/** | Idea/Bimba/Seeds/M/Legacy/plans/2026-06-02-m-prime-cycle-3-design-reconciliation/08-integrated-4-5-0-recognition-reconciliation.md","Idea/Bimba/Seeds/M/Legacy/plans/2026-07-03-m-prime-cycle-3-full-rerun/plan.runs/verifications/08.T8.3.md"
"08.T8.4","08","M5 → M0 pedagogical return (Möbius write-back)","Idea/Bimba/Seeds/M/Legacy/plans/2026-07-03-m-prime-cycle-3-full-rerun/08-integrated-4-5-0-recognition-reconciliation.md","done","PASS","2026-07-10T15:09:35.075Z","W","","08.T8.3","Body/M/epi-theia/extensions/** | Idea/Bimba/Seeds/M/Legacy/plans/2026-06-02-m-prime-cycle-3-design-reconciliation/08-integrated-4-5-0-recognition-reconciliation.md","Idea/Bimba/Seeds/M/Legacy/plans/2026-07-03-m-prime-cycle-3-full-rerun/plan.runs/verifications/08.T8.4.md"
"08.T8.5","08","Plugin layout claim against shell-1 (personal) decision","Idea/Bimba/Seeds/M/Legacy/plans/2026-07-03-m-prime-cycle-3-full-rerun/08-integrated-4-5-0-recognition-reconciliation.md","done","PASS","2026-07-10T15:12:46.070Z","W","","08.T8.4","Body/M/epi-theia/extensions/** | Idea/Bimba/Seeds/M/Legacy/plans/2026-06-02-m-prime-cycle-3-design-reconciliation/08-integrated-4-5-0-recognition-reconciliation.md","Idea/Bimba/Seeds/M/Legacy/plans/2026-07-03-m-prime-cycle-3-full-rerun/plan.runs/verifications/08.T8.5.md"
"08.T8.6","08","0/1 cymatic polarity consumer","Idea/Bimba/Seeds/M/Legacy/plans/2026-07-03-m-prime-cycle-3-full-rerun/08-integrated-4-5-0-recognition-reconciliation.md","done","PASS","2026-07-10T15:14:23.031Z","W","","08.T8.5","Body/M/epi-theia/extensions/** | Idea/Bimba/Seeds/M/Legacy/plans/2026-06-02-m-prime-cycle-3-design-reconciliation/08-integrated-4-5-0-recognition-reconciliation.md","Idea/Bimba/Seeds/M/Legacy/plans/2026-07-03-m-prime-cycle-3-full-rerun/plan.runs/verifications/08.T8.6.md"
"08.T8.7","08","Dipyramid renderer enforces DR-IG-6 corrected 6+6 geometry","Idea/Bimba/Seeds/M/Legacy/plans/2026-07-03-m-prime-cycle-3-full-rerun/08-integrated-4-5-0-recognition-reconciliation.md","done","PASS","2026-07-10T15:16:42.116Z","W","","08.T8.6","Body/M/epi-theia/extensions/** | Idea/Bimba/Seeds/M/Legacy/plans/2026-06-02-m-prime-cycle-3-design-reconciliation/08-integrated-4-5-0-recognition-reconciliation.md","Idea/Bimba/Seeds/M/Legacy/plans/2026-07-03-m-prime-cycle-3-full-rerun/plan.runs/verifications/08.T8.7.md"
"08.T8.8","08","`q_personal` privacy partition extension for q_-economy carrier path","Idea/Bimba/Seeds/M/Legacy/plans/2026-07-03-m-prime-cycle-3-full-rerun/08-integrated-4-5-0-recognition-reconciliation.md","done","PASS","2026-07-10T15:19:17.221Z","W","","08.T8.7","Body/M/epi-theia/extensions/** | Idea/Bimba/Seeds/M/Legacy/plans/2026-06-02-m-prime-cycle-3-design-reconciliation/08-integrated-4-5-0-recognition-reconciliation.md","Idea/Bimba/Seeds/M/Legacy/plans/2026-07-03-m-prime-cycle-3-full-rerun/plan.runs/verifications/08.T8.8.md"
"08.T8.9","08","Unified VAK Choreography Across 4/5/0 (one act per tick, six faces) — kernel + tunability co-design","Idea/Bimba/Seeds/M/Legacy/plans/2026-07-03-m-prime-cycle-3-full-rerun/08-integrated-4-5-0-recognition-reconciliation.md","done","PASS","2026-07-10T15:21:06.060Z","W","","08.T8.8","Body/M/epi-theia/extensions/** | Idea/Bimba/Seeds/M/Legacy/plans/2026-06-02-m-prime-cycle-3-design-reconciliation/08-integrated-4-5-0-recognition-reconciliation.md","Idea/Bimba/Seeds/M/Legacy/plans/2026-07-03-m-prime-cycle-3-full-rerun/plan.runs/verifications/08.T8.9.md"
"09.T9.1","09","M0' six-layer surface contract — author per-layer routing model","Idea/Bimba/Seeds/M/Legacy/plans/2026-07-03-m-prime-cycle-3-full-rerun/09-integrated-bimba-graph-reconciliation.md","done","PASS","2026-07-06T18:46:52.261Z","W","G","00.T3","Body/M/epi-theia/extensions/** | Body/S/S4/** | Body/S/S5/** | Idea/Bimba/Seeds/M/Legacy/plans/2026-06-02-m-prime-cycle-3-design-reconciliation/09-integrated-bimba-graph-reconciliation.md | Idea/Pratibimba/System/**","Idea/Bimba/Seeds/M/Legacy/plans/2026-07-03-m-prime-cycle-3-full-rerun/plan.runs/verifications/09.T9.1.md"
"09.T9.2","09","Two-relation-families schema discriminator","Idea/Bimba/Seeds/M/Legacy/plans/2026-07-03-m-prime-cycle-3-full-rerun/09-integrated-bimba-graph-reconciliation.md","done","PASS","2026-07-13T23:21:35.193Z","W","G","09.T9.14","Body/M/epi-theia/extensions/** | Body/S/S4/** | Body/S/S5/** | Idea/Bimba/Seeds/M/Legacy/plans/2026-06-02-m-prime-cycle-3-design-reconciliation/09-integrated-bimba-graph-reconciliation.md | Idea/Pratibimba/System/**","Idea/Bimba/Seeds/M/Legacy/plans/2026-07-03-m-prime-cycle-3-full-rerun/plan.runs/verifications/09.T9.2.md"
"09.T9.3","09","Image-assets-on-nodes schema slot + dataset-import path","Idea/Bimba/Seeds/M/Legacy/plans/2026-07-03-m-prime-cycle-3-full-rerun/09-integrated-bimba-graph-reconciliation.md","done","PASS","2026-07-14T15:27:58.628Z","W","G","09.T9.2","Body/M/epi-theia/extensions/** | Body/S/S4/** | Body/S/S5/** | Idea/Bimba/Seeds/M/Legacy/plans/2026-06-02-m-prime-cycle-3-design-reconciliation/09-integrated-bimba-graph-reconciliation.md | Idea/Pratibimba/System/**","Idea/Bimba/Seeds/M/Legacy/plans/2026-07-03-m-prime-cycle-3-full-rerun/plan.runs/verifications/09.T9.3.md"
"09.T9.4","09","Governed-route gateway posture","Idea/Bimba/Seeds/M/Legacy/plans/2026-07-03-m-prime-cycle-3-full-rerun/09-integrated-bimba-graph-reconciliation.md","done","PASS","2026-07-15T09:50:42.103Z","W","G","09.T9.3","Body/M/epi-theia/extensions/** | Body/S/S4/** | Body/S/S5/** | Idea/Bimba/Seeds/M/Legacy/plans/2026-06-02-m-prime-cycle-3-design-reconciliation/09-integrated-bimba-graph-reconciliation.md | Idea/Pratibimba/System/**","Idea/Bimba/Seeds/M/Legacy/plans/2026-07-03-m-prime-cycle-3-full-rerun/plan.runs/verifications/09.T9.4.md"
"09.T9.5","09","One-substrate / three-rendering integration plugin ownership","Idea/Bimba/Seeds/M/Legacy/plans/2026-07-03-m-prime-cycle-3-full-rerun/09-integrated-bimba-graph-reconciliation.md","done","PASS","2026-07-16T09:18:00.761Z","W","G","09.T9.4","Body/M/epi-theia/extensions/** | Body/M/pratibimba-app/src/composition/compositionContract.ts | Body/S/S4/** | Body/S/S5/** | Idea/Bimba/Seeds/M/Legacy/plans/2026-06-02-m-prime-cycle-3-design-reconciliation/09-integrated-bimba-graph-reconciliation.md | Idea/Pratibimba/System/**","Idea/Bimba/Seeds/M/Legacy/plans/2026-07-03-m-prime-cycle-3-full-rerun/plan.runs/verifications/09.T9.5.md"
"09.T9.6","09","M0-3' synchronic community + diachronic clock overlay","Idea/Bimba/Seeds/M/Legacy/plans/2026-07-03-m-prime-cycle-3-full-rerun/09-integrated-bimba-graph-reconciliation.md","done","PASS","2026-07-16T10:08:32.336Z","W","G","09.T9.5","Body/M/epi-theia/extensions/** | Body/S/S4/** | Body/S/S5/** | Idea/Bimba/Seeds/M/Legacy/plans/2026-06-02-m-prime-cycle-3-design-reconciliation/09-integrated-bimba-graph-reconciliation.md | Idea/Pratibimba/System/**","Idea/Bimba/Seeds/M/Legacy/plans/2026-07-03-m-prime-cycle-3-full-rerun/plan.runs/verifications/09.T9.6.md"
"09.T9.7","09","One-substrate / no-fork invariant codification","Idea/Bimba/Seeds/M/Legacy/plans/2026-07-03-m-prime-cycle-3-full-rerun/09-integrated-bimba-graph-reconciliation.md","done","PASS","2026-07-16T10:11:50.965Z","W","G","09.T9.6","Body/M/epi-theia/extensions/** | Body/S/S4/** | Body/S/S5/** | Idea/Bimba/Seeds/M/Legacy/plans/2026-06-02-m-prime-cycle-3-design-reconciliation/09-integrated-bimba-graph-reconciliation.md | Idea/Pratibimba/System/**","Idea/Bimba/Seeds/M/Legacy/plans/2026-07-03-m-prime-cycle-3-full-rerun/plan.runs/verifications/09.T9.7.md"
"09.T9.8","09","Anuttara property naming round-trip","Idea/Bimba/Seeds/M/Legacy/plans/2026-07-03-m-prime-cycle-3-full-rerun/09-integrated-bimba-graph-reconciliation.md","done","PASS","2026-07-16T10:14:38.180Z","W","G","09.T9.7","Body/M/epi-theia/extensions/** | Body/S/S4/** | Body/S/S5/** | Idea/Bimba/Seeds/M/Legacy/plans/2026-06-02-m-prime-cycle-3-design-reconciliation/09-integrated-bimba-graph-reconciliation.md | Idea/Pratibimba/System/**","Idea/Bimba/Seeds/M/Legacy/plans/2026-07-03-m-prime-cycle-3-full-rerun/plan.runs/verifications/09.T9.8.md"
"09.T9.9","09","M0' graph chrome ↔ M5-0' library chrome Klein seam","Idea/Bimba/Seeds/M/Legacy/plans/2026-07-03-m-prime-cycle-3-full-rerun/09-integrated-bimba-graph-reconciliation.md","done","PASS","2026-07-16T10:22:56.544Z","W","G","09.T9.8","Body/M/epi-theia/extensions/** | Body/S/S4/** | Body/S/S5/** | Body/S/S5/epi-gnostic/.venv/bin/python -m pytest Body/S/S5/epi-gnostic/tests/test_coordinate_tags.py Body/S/S5/epi-gnostic/tests/test_one_substrate_smoke.py -q | Idea/Bimba/Seeds/M/Legacy/plans/2026-06-02-m-prime-cycle-3-design-reconciliation/09-integrated-bimba-graph-reconciliation.md | Idea/Pratibimba/System/**","Idea/Bimba/Seeds/M/Legacy/plans/2026-07-03-m-prime-cycle-3-full-rerun/plan.runs/verifications/09.T9.9.md"
"09.T9.10","09","S2 gateway exposure of graph methods","Idea/Bimba/Seeds/M/Legacy/plans/2026-07-03-m-prime-cycle-3-full-rerun/09-integrated-bimba-graph-reconciliation.md","done","PASS","2026-07-10T22:11:41.088Z","W","G","09.T9.1","Body/M/epi-theia/extensions/** | Body/S/S4/** | Body/S/S5/** | Idea/Bimba/Seeds/M/Legacy/plans/2026-06-02-m-prime-cycle-3-design-reconciliation/09-integrated-bimba-graph-reconciliation.md | Idea/Pratibimba/System/**","Idea/Bimba/Seeds/M/Legacy/plans/2026-07-03-m-prime-cycle-3-full-rerun/plan.runs/verifications/09.T9.10.md"
"09.T9.11","09","C-layer graph parser + retrieval intelligence","Idea/Bimba/Seeds/M/Legacy/plans/2026-07-03-m-prime-cycle-3-full-rerun/09-integrated-bimba-graph-reconciliation.md","done","PASS","2026-07-12T01:26:19.707Z","W","G","09.T9.10","Body/M/epi-theia/extensions/** | Body/S/S4/** | Body/S/S5/** | Idea/Bimba/Seeds/M/Legacy/plans/2026-06-02-m-prime-cycle-3-design-reconciliation/09-integrated-bimba-graph-reconciliation.md | Idea/Pratibimba/System/**","Idea/Bimba/Seeds/M/Legacy/plans/2026-07-03-m-prime-cycle-3-full-rerun/plan.runs/verifications/09.T9.11.md"
"09.T9.12","09","Hen graph-promotion C-first evidence contract","Idea/Bimba/Seeds/M/Legacy/plans/2026-07-03-m-prime-cycle-3-full-rerun/09-integrated-bimba-graph-reconciliation.md","done","PASS","2026-07-12T01:27:59.412Z","W","G","09.T9.11","Body/M/epi-theia/extensions/** | Body/S/S4/** | Body/S/S5/** | Idea/Bimba/Seeds/M/Legacy/plans/2026-06-02-m-prime-cycle-3-design-reconciliation/09-integrated-bimba-graph-reconciliation.md | Idea/Pratibimba/System/**","Idea/Bimba/Seeds/M/Legacy/plans/2026-07-03-m-prime-cycle-3-full-rerun/plan.runs/verifications/09.T9.12.md"
"09.T9.13","09","`epi canon coord` depth ladder + canon-CLI surface family","Idea/Bimba/Seeds/M/Legacy/plans/2026-07-03-m-prime-cycle-3-full-rerun/09-integrated-bimba-graph-reconciliation.md","done","PASS","2026-07-13T11:33:31.771Z","W","G","09.T9.12","Body/M/epi-theia/extensions/** | Body/S/S4/** | Body/S/S5/** | Idea/Bimba/Seeds/M/Legacy/plans/2026-06-02-m-prime-cycle-3-design-reconciliation/09-integrated-bimba-graph-reconciliation.md | Idea/Pratibimba/System/**","Idea/Bimba/Seeds/M/Legacy/plans/2026-07-03-m-prime-cycle-3-full-rerun/plan.runs/verifications/09.T9.13.md"
"09.T9.14","09","`/World` as 1st-class S2 namespace + `:Gnostic` label promotion","Idea/Bimba/Seeds/M/Legacy/plans/2026-07-03-m-prime-cycle-3-full-rerun/09-integrated-bimba-graph-reconciliation.md","done","PASS","2026-08-01T23:51:13.815Z","W","G","09.T9.13","Body/M/epi-theia/extensions/** | Body/S/S4/** | Body/S/S5/** | Idea/Bimba/Seeds/M/Legacy/plans/2026-06-02-m-prime-cycle-3-design-reconciliation/09-integrated-bimba-graph-reconciliation.md | Idea/Pratibimba/System/**","Idea/Bimba/Seeds/M/Legacy/plans/2026-07-03-m-prime-cycle-3-full-rerun/plan.runs/verifications/09.T9.14.md"
"10.T10.1","10","Profile-field readiness ledger (this document + matrix file)","Idea/Bimba/Seeds/M/Legacy/plans/2026-07-03-m-prime-cycle-3-full-rerun/10-kernel-bridge-profile-contract.md","done","PASS","2026-07-10T11:26:20.530Z","K","","00.T3",".omx/** | Idea/Bimba/Seeds/M/Legacy/plans/** | Idea/Bimba/Seeds/M/Legacy/plans/2026-06-02-m-prime-cycle-3-design-reconciliation/10-kernel-bridge-profile-contract.md | Idea/Bimba/Seeds/S/Legacy/plans/**","Idea/Bimba/Seeds/M/Legacy/plans/2026-07-03-m-prime-cycle-3-full-rerun/plan.runs/verifications/10.T10.1.md"
"10.T10.2","10","Land `MathemeHarmonicProfile.klein_flip` + bridge JSON emit","Idea/Bimba/Seeds/M/Legacy/plans/2026-07-03-m-prime-cycle-3-full-rerun/10-kernel-bridge-profile-contract.md","done","PASS","2026-07-10T12:06:16.180Z","K","","10.T10.10",".omx/** | Idea/Bimba/Seeds/M/Legacy/plans/** | Idea/Bimba/Seeds/M/Legacy/plans/2026-06-02-m-prime-cycle-3-design-reconciliation/10-kernel-bridge-profile-contract.md | Idea/Bimba/Seeds/S/Legacy/plans/**","Idea/Bimba/Seeds/M/Legacy/plans/2026-07-03-m-prime-cycle-3-full-rerun/plan.runs/verifications/10.T10.2.md"
"10.T10.3","10","Execute DR-KB-1: planetary projection LUT cardinality","Idea/Bimba/Seeds/M/Legacy/plans/2026-07-03-m-prime-cycle-3-full-rerun/10-kernel-bridge-profile-contract.md","done","PASS","2026-07-10T12:07:41.186Z","K","","10.T10.2",".omx/** | Idea/Bimba/Seeds/M/Legacy/plans/** | Idea/Bimba/Seeds/M/Legacy/plans/2026-06-02-m-prime-cycle-3-design-reconciliation/10-kernel-bridge-profile-contract.md | Idea/Bimba/Seeds/S/Legacy/plans/**","Idea/Bimba/Seeds/M/Legacy/plans/2026-07-03-m-prime-cycle-3-full-rerun/plan.runs/verifications/10.T10.3.md"
"10.T10.4","10","DR-KB-2: `depositionAnchor` typed-field vs bridge-DTO","Idea/Bimba/Seeds/M/Legacy/plans/2026-07-03-m-prime-cycle-3-full-rerun/10-kernel-bridge-profile-contract.md","done","PASS","2026-07-10T12:08:47.821Z","K","","10.T10.3",".omx/** | Idea/Bimba/Seeds/M/Legacy/plans/** | Idea/Bimba/Seeds/M/Legacy/plans/2026-06-02-m-prime-cycle-3-design-reconciliation/10-kernel-bridge-profile-contract.md | Idea/Bimba/Seeds/S/Legacy/plans/**","Idea/Bimba/Seeds/M/Legacy/plans/2026-07-03-m-prime-cycle-3-full-rerun/plan.runs/verifications/10.T10.4.md"
"10.T10.5","10","Audit `s2_anchor` / `s3_anchor` future-anchor placeholder fields","Idea/Bimba/Seeds/M/Legacy/plans/2026-07-03-m-prime-cycle-3-full-rerun/10-kernel-bridge-profile-contract.md","done","PASS","2026-07-10T12:10:05.757Z","K","","10.T10.4",".omx/** | Idea/Bimba/Seeds/M/Legacy/plans/** | Idea/Bimba/Seeds/M/Legacy/plans/2026-06-02-m-prime-cycle-3-design-reconciliation/10-kernel-bridge-profile-contract.md | Idea/Bimba/Seeds/S/Legacy/plans/**","Idea/Bimba/Seeds/M/Legacy/plans/2026-07-03-m-prime-cycle-3-full-rerun/plan.runs/verifications/10.T10.5.md"
"10.T10.6","10","Bridge contract test: six-axes-of-72 carrier round-trip","Idea/Bimba/Seeds/M/Legacy/plans/2026-07-03-m-prime-cycle-3-full-rerun/10-kernel-bridge-profile-contract.md","done","PASS","2026-07-10T12:11:43.830Z","K","","10.T10.5",".omx/** | Idea/Bimba/Seeds/M/Legacy/plans/** | Idea/Bimba/Seeds/M/Legacy/plans/2026-06-02-m-prime-cycle-3-design-reconciliation/10-kernel-bridge-profile-contract.md | Idea/Bimba/Seeds/S/Legacy/plans/**","Idea/Bimba/Seeds/M/Legacy/plans/2026-07-03-m-prime-cycle-3-full-rerun/plan.runs/verifications/10.T10.6.md"
"10.T10.7","10","Audit four-scale Cl(4,2) one-algebra identity in `kernel.rs`","Idea/Bimba/Seeds/M/Legacy/plans/2026-07-03-m-prime-cycle-3-full-rerun/10-kernel-bridge-profile-contract.md","done","PASS","2026-07-10T12:16:09.793Z","K","","10.T10.6",".omx/** | Idea/Bimba/Seeds/M/Legacy/plans/** | Idea/Bimba/Seeds/M/Legacy/plans/2026-06-02-m-prime-cycle-3-design-reconciliation/10-kernel-bridge-profile-contract.md | Idea/Bimba/Seeds/S/Legacy/plans/**","Idea/Bimba/Seeds/M/Legacy/plans/2026-07-03-m-prime-cycle-3-full-rerun/plan.runs/verifications/10.T10.7.md"
"10.T10.8","10","Update contract preflight blocker list after 10.2 lands","Idea/Bimba/Seeds/M/Legacy/plans/2026-07-03-m-prime-cycle-3-full-rerun/10-kernel-bridge-profile-contract.md","done","PASS","2026-07-10T12:17:21.239Z","K","","10.T10.7",".omx/** | Idea/Bimba/Seeds/M/Legacy/plans/** | Idea/Bimba/Seeds/M/Legacy/plans/2026-06-02-m-prime-cycle-3-design-reconciliation/10-kernel-bridge-profile-contract.md | Idea/Bimba/Seeds/S/Legacy/plans/**","Idea/Bimba/Seeds/M/Legacy/plans/2026-07-03-m-prime-cycle-3-full-rerun/plan.runs/verifications/10.T10.8.md"
"10.T10.9","10","Correction: `dataset_lut_state` / `m3_codec_provenance` host struct","Idea/Bimba/Seeds/M/Legacy/plans/2026-07-03-m-prime-cycle-3-full-rerun/10-kernel-bridge-profile-contract.md","done","PASS","2026-07-10T12:19:24.879Z","K","","10.T10.8",".omx/** | Idea/Bimba/Seeds/M/Legacy/plans/** | Idea/Bimba/Seeds/M/Legacy/plans/2026-06-02-m-prime-cycle-3-design-reconciliation/10-kernel-bridge-profile-contract.md | Idea/Bimba/Seeds/S/Legacy/plans/**","Idea/Bimba/Seeds/M/Legacy/plans/2026-07-03-m-prime-cycle-3-full-rerun/plan.runs/verifications/10.T10.9.md"
"10.T10.10","10","Surface M1-2 ananda vortex state through the profile bus","Idea/Bimba/Seeds/M/Legacy/plans/2026-07-03-m-prime-cycle-3-full-rerun/10-kernel-bridge-profile-contract.md","done","PASS","2026-07-10T11:27:34.184Z","K","","10.T10.1",".omx/** | Idea/Bimba/Seeds/M/Legacy/plans/** | Idea/Bimba/Seeds/M/Legacy/plans/2026-06-02-m-prime-cycle-3-design-reconciliation/10-kernel-bridge-profile-contract.md | Idea/Bimba/Seeds/S/Legacy/plans/**","Idea/Bimba/Seeds/M/Legacy/plans/2026-07-03-m-prime-cycle-3-full-rerun/plan.runs/verifications/10.T10.10.md"
"11.T11.0","11","Electron target package parity gate","Idea/Bimba/Seeds/M/Legacy/plans/2026-07-03-m-prime-cycle-3-full-rerun/11-theia-shell-surface-hosting.md","done","PASS","2026-07-10T23:11:56.588Z","UF","","00.T3","Idea/Bimba/Seeds/M/Legacy/plans/** | Idea/Bimba/Seeds/M/Legacy/plans/2026-06-02-m-prime-cycle-3-design-reconciliation/11-theia-shell-surface-hosting.md | Idea/Bimba/Seeds/S/Legacy/plans/**","Idea/Bimba/Seeds/M/Legacy/plans/2026-07-03-m-prime-cycle-3-full-rerun/plan.runs/verifications/11.T11.0.md"
"11.T11.1","11","Shell-0/Shell-1/4+2/`/` separation reading (clarification, not contradiction)","Idea/Bimba/Seeds/M/Legacy/plans/2026-07-03-m-prime-cycle-3-full-rerun/11-theia-shell-surface-hosting.md","done","PASS","2026-07-15T10:17:23.257Z","UF","","11.T11.0","Idea/Bimba/Seeds/M/Legacy/plans/** | Idea/Bimba/Seeds/M/Legacy/plans/2026-06-02-m-prime-cycle-3-design-reconciliation/11-theia-shell-surface-hosting.md | Idea/Bimba/Seeds/S/Legacy/plans/**","Idea/Bimba/Seeds/M/Legacy/plans/2026-07-03-m-prime-cycle-3-full-rerun/plan.runs/verifications/11.T11.1.md"
"11.T11.2","11","Cross-layout intent routing T5 promotion","Idea/Bimba/Seeds/M/Legacy/plans/2026-07-03-m-prime-cycle-3-full-rerun/11-theia-shell-surface-hosting.md","done","PASS","2026-07-16T12:20:58.636Z","UF","","11.T11.12","Idea/Bimba/Seeds/M/Legacy/plans/** | Idea/Bimba/Seeds/M/Legacy/plans/2026-06-02-m-prime-cycle-3-design-reconciliation/11-theia-shell-surface-hosting.md | Idea/Bimba/Seeds/S/Legacy/plans/**","Idea/Bimba/Seeds/M/Legacy/plans/2026-07-03-m-prime-cycle-3-full-rerun/plan.runs/verifications/11.T11.2.md"
"11.T11.3","11","Daily-layer widget ownership trace + ORPHAN closure","Idea/Bimba/Seeds/M/Legacy/plans/2026-07-03-m-prime-cycle-3-full-rerun/11-theia-shell-surface-hosting.md","done","PASS","2026-07-16T12:43:07.002Z","UF","","11.T11.2","Body/M/pratibimba-app/src/ui/dailySurfaceOwnership.ts | Idea/Bimba/Seeds/M/Legacy/plans/** | Idea/Bimba/Seeds/M/Legacy/plans/2026-06-02-m-prime-cycle-3-design-reconciliation/11-theia-shell-surface-hosting.md | Idea/Bimba/Seeds/S/Legacy/plans/**","Idea/Bimba/Seeds/M/Legacy/plans/2026-07-03-m-prime-cycle-3-full-rerun/plan.runs/verifications/11.T11.3.md"
"11.T11.4","11","`smart-connections-sidebar` layout-claim code-pending marker","Idea/Bimba/Seeds/M/Legacy/plans/2026-07-03-m-prime-cycle-3-full-rerun/11-theia-shell-surface-hosting.md","done","PASS","2026-07-16T12:56:41.203Z","UF","","11.T11.3","Body/M/epi-theia/extensions/MIGRATION-SOURCES.md | Body/M/pratibimba-app/src/ui/layoutClaims.ts | Idea/Bimba/Seeds/M/Legacy/plans/** | Idea/Bimba/Seeds/M/Legacy/plans/2026-06-02-m-prime-cycle-3-design-reconciliation/11-theia-shell-surface-hosting.md | Idea/Bimba/Seeds/S/Legacy/plans/**","Idea/Bimba/Seeds/M/Legacy/plans/2026-07-03-m-prime-cycle-3-full-rerun/plan.runs/verifications/11.T11.4.md"
"11.T11.5","11","Forbidden-direct-import lint enforcement against six M-extension source trees","Idea/Bimba/Seeds/M/Legacy/plans/2026-07-03-m-prime-cycle-3-full-rerun/11-theia-shell-surface-hosting.md","done","PASS","2026-07-16T13:08:07.312Z","UF","","11.T11.4","Body/M/pratibimba-app/scripts/lint-import-boundaries.mjs | Idea/Bimba/Seeds/M/Legacy/plans/** | Idea/Bimba/Seeds/M/Legacy/plans/2026-06-02-m-prime-cycle-3-design-reconciliation/11-theia-shell-surface-hosting.md | Idea/Bimba/Seeds/S/Legacy/plans/**","Idea/Bimba/Seeds/M/Legacy/plans/2026-07-03-m-prime-cycle-3-full-rerun/plan.runs/verifications/11.T11.5.md"
"11.T11.6","11","Acceptance-harness cross-layout state-identity preservation assertion","Idea/Bimba/Seeds/M/Legacy/plans/2026-07-03-m-prime-cycle-3-full-rerun/11-theia-shell-surface-hosting.md","done","REFUSED","2026-08-02T10:04:44.091Z","UF","","11.T11.5","Body/M/pratibimba-app | Idea/Bimba/Seeds/M/Legacy/plans/** | Idea/Bimba/Seeds/M/Legacy/plans/2026-06-02-m-prime-cycle-3-design-reconciliation/11-theia-shell-surface-hosting.md | Idea/Bimba/Seeds/S/Legacy/plans/**","Idea/Bimba/Seeds/M/Legacy/plans/2026-07-03-m-prime-cycle-3-full-rerun/plan.runs/verifications/11.T11.6.md"
"11.T11.7","11","Spec-side stale `Tauri implementation` wording audit","Idea/Bimba/Seeds/M/Legacy/plans/2026-07-03-m-prime-cycle-3-full-rerun/11-theia-shell-surface-hosting.md","done","REFUSED","2026-08-02T10:04:44.092Z","UF","","11.T11.6","Idea/Bimba/Seeds/M/Legacy/plans/** | Idea/Bimba/Seeds/M/Legacy/plans/2026-06-02-m-prime-cycle-3-design-reconciliation/11-theia-shell-surface-hosting.md | Idea/Bimba/Seeds/S/Legacy/plans/**","Idea/Bimba/Seeds/M/Legacy/plans/2026-07-03-m-prime-cycle-3-full-rerun/plan.runs/verifications/11.T11.7.md"
"11.T11.8","11","Integrated-plugin readiness gate against Wave-A profile-field pending markers","Idea/Bimba/Seeds/M/Legacy/plans/2026-07-03-m-prime-cycle-3-full-rerun/11-theia-shell-surface-hosting.md","done","PASS","2026-07-17T11:28:59.605Z","UF","","11.T11.7","Idea/Bimba/Seeds/M/Legacy/plans/** | Idea/Bimba/Seeds/M/Legacy/plans/2026-06-02-m-prime-cycle-3-design-reconciliation/11-theia-shell-surface-hosting.md | Idea/Bimba/Seeds/S/Legacy/plans/**","Idea/Bimba/Seeds/M/Legacy/plans/2026-07-03-m-prime-cycle-3-full-rerun/plan.runs/verifications/11.T11.8.md"
"11.T11.9","11","Surface → extension → contract closure ledger","Idea/Bimba/Seeds/M/Legacy/plans/2026-07-03-m-prime-cycle-3-full-rerun/11-theia-shell-surface-hosting.md","done","PASS","2026-07-17T11:28:59.607Z","UF","","11.T11.8","Idea/Bimba/Seeds/M/Legacy/plans/** | Idea/Bimba/Seeds/M/Legacy/plans/2026-06-02-m-prime-cycle-3-design-reconciliation/11-theia-shell-surface-hosting.md | Idea/Bimba/Seeds/S/Legacy/plans/**","Idea/Bimba/Seeds/M/Legacy/plans/2026-07-03-m-prime-cycle-3-full-rerun/plan.runs/verifications/11.T11.9.md"
"11.T11.10","11","Theia canvas-as-input port for M4-Nara: Tiptap mount + Inversify HighlightService + HighlightMark port","Idea/Bimba/Seeds/M/Legacy/plans/2026-07-03-m-prime-cycle-3-full-rerun/11-theia-shell-surface-hosting.md","done","PASS","2026-07-16T10:44:23.035Z","UF","","11.T11.1","Idea/Bimba/Seeds/M/Legacy/plans/** | Idea/Bimba/Seeds/M/Legacy/plans/2026-06-02-m-prime-cycle-3-design-reconciliation/11-theia-shell-surface-hosting.md | Idea/Bimba/Seeds/S/Legacy/plans/**","Idea/Bimba/Seeds/M/Legacy/plans/2026-07-03-m-prime-cycle-3-full-rerun/plan.runs/verifications/11.T11.10.md"
"11.T11.11","11","Agent inscription highlight categories + visual register","Idea/Bimba/Seeds/M/Legacy/plans/2026-07-03-m-prime-cycle-3-full-rerun/11-theia-shell-surface-hosting.md","done","PASS","2026-07-16T10:51:36.325Z","UF","","11.T11.10","Idea/Bimba/Seeds/M/Legacy/plans/** | Idea/Bimba/Seeds/M/Legacy/plans/2026-06-02-m-prime-cycle-3-design-reconciliation/11-theia-shell-surface-hosting.md | Idea/Bimba/Seeds/S/Legacy/plans/**","Idea/Bimba/Seeds/M/Legacy/plans/2026-07-03-m-prime-cycle-3-full-rerun/plan.runs/verifications/11.T11.11.md"
"11.T11.12","11","Ambient state strip + Tuning bar widgets on m4-nara surface","Idea/Bimba/Seeds/M/Legacy/plans/2026-07-03-m-prime-cycle-3-full-rerun/11-theia-shell-surface-hosting.md","done","PASS","2026-07-16T11:01:17.419Z","UF","","11.T11.11","Idea/Bimba/Seeds/M/Legacy/plans/** | Idea/Bimba/Seeds/M/Legacy/plans/2026-06-02-m-prime-cycle-3-design-reconciliation/11-theia-shell-surface-hosting.md | Idea/Bimba/Seeds/S/Legacy/plans/**","Idea/Bimba/Seeds/M/Legacy/plans/2026-07-03-m-prime-cycle-3-full-rerun/plan.runs/verifications/11.T11.12.md"
"12.T12.01","12","Terminal session-safety inventory and binding contract","Idea/Bimba/Seeds/M/Legacy/plans/2026-07-03-m-prime-cycle-3-full-rerun/12-agentic-layer-s4-s5.md","done","PASS","2026-07-07T19:42:03.425Z","W","","00.T3","Idea/Bimba/Seeds/M/Legacy/plans/2026-06-02-m-prime-cycle-3-design-reconciliation/12-agentic-layer-s4-s5.md","Idea/Bimba/Seeds/M/Legacy/plans/2026-07-03-m-prime-cycle-3-full-rerun/plan.runs/verifications/12.T12.01.md"
"12.T12.02","12","Gateway session record terminal binding fields","Idea/Bimba/Seeds/M/Legacy/plans/2026-07-03-m-prime-cycle-3-full-rerun/12-agentic-layer-s4-s5.md","done","PASS","2026-07-07T20:41:37.105Z","W","","12.T12.01","Idea/Bimba/Seeds/M/Legacy/plans/2026-06-02-m-prime-cycle-3-design-reconciliation/12-agentic-layer-s4-s5.md","Idea/Bimba/Seeds/M/Legacy/plans/2026-07-03-m-prime-cycle-3-full-rerun/plan.runs/verifications/12.T12.02.md"
"12.T12.03","12","`epi agent --persist` launches real Pi inside tmux with session lease","Idea/Bimba/Seeds/M/Legacy/plans/2026-07-03-m-prime-cycle-3-full-rerun/12-agentic-layer-s4-s5.md","done","PASS","2026-07-07T20:45:59.884Z","W","","12.T12.02","Idea/Bimba/Seeds/M/Legacy/plans/2026-06-02-m-prime-cycle-3-design-reconciliation/12-agentic-layer-s4-s5.md","Idea/Bimba/Seeds/M/Legacy/plans/2026-07-03-m-prime-cycle-3-full-rerun/plan.runs/verifications/12.T12.03.md"
"12.T12.04","12","Subagent/team/chain terminal authority propagation and stop semantics","Idea/Bimba/Seeds/M/Legacy/plans/2026-07-03-m-prime-cycle-3-full-rerun/12-agentic-layer-s4-s5.md","done","PASS","2026-07-07T20:48:02.654Z","W","","12.T12.03","Idea/Bimba/Seeds/M/Legacy/plans/2026-06-02-m-prime-cycle-3-design-reconciliation/12-agentic-layer-s4-s5.md","Idea/Bimba/Seeds/M/Legacy/plans/2026-07-03-m-prime-cycle-3-full-rerun/plan.runs/verifications/12.T12.04.md"
"12.T12.05","12","Gateway, Redis, SpaceTimeDB, and portal terminal projection","Idea/Bimba/Seeds/M/Legacy/plans/2026-07-03-m-prime-cycle-3-full-rerun/12-agentic-layer-s4-s5.md","done","PASS","2026-07-07T20:48:26.501Z","W","","12.T12.04","Idea/Bimba/Seeds/M/Legacy/plans/2026-06-02-m-prime-cycle-3-design-reconciliation/12-agentic-layer-s4-s5.md","Idea/Bimba/Seeds/M/Legacy/plans/2026-07-03-m-prime-cycle-3-full-rerun/plan.runs/verifications/12.T12.05.md"
"12.T12.06","12","Pleroma-Techne terminal tools replace stale direct cmux patch paths","Idea/Bimba/Seeds/M/Legacy/plans/2026-07-03-m-prime-cycle-3-full-rerun/12-agentic-layer-s4-s5.md","done","PASS","2026-07-07T20:48:50.350Z","W","","12.T12.05","Idea/Bimba/Seeds/M/Legacy/plans/2026-06-02-m-prime-cycle-3-design-reconciliation/12-agentic-layer-s4-s5.md","Idea/Bimba/Seeds/M/Legacy/plans/2026-07-03-m-prime-cycle-3-full-rerun/plan.runs/verifications/12.T12.06.md"
"12.T12.07","12","Pi-runtime monitor / OmniPanel terminal observability","Idea/Bimba/Seeds/M/Legacy/plans/2026-07-03-m-prime-cycle-3-full-rerun/12-agentic-layer-s4-s5.md","done","PASS","2026-07-07T20:49:15.233Z","W","","12.T12.06","Idea/Bimba/Seeds/M/Legacy/plans/2026-06-02-m-prime-cycle-3-design-reconciliation/12-agentic-layer-s4-s5.md","Idea/Bimba/Seeds/M/Legacy/plans/2026-07-03-m-prime-cycle-3-full-rerun/plan.runs/verifications/12.T12.07.md"
"12.T12.08","12","End-to-end terminal session safety acceptance harness","Idea/Bimba/Seeds/M/Legacy/plans/2026-07-03-m-prime-cycle-3-full-rerun/12-agentic-layer-s4-s5.md","done","PASS","2026-07-07T20:49:38.685Z","W","","12.T12.07","Idea/Bimba/Seeds/M/Legacy/plans/2026-06-02-m-prime-cycle-3-design-reconciliation/12-agentic-layer-s4-s5.md","Idea/Bimba/Seeds/M/Legacy/plans/2026-07-03-m-prime-cycle-3-full-rerun/plan.runs/verifications/12.T12.08.md"
"12.T12.1","12","Pi + Anima + subagents architecture audit (replaces ACR-actor parity)","Idea/Bimba/Seeds/M/Legacy/plans/2026-07-03-m-prime-cycle-3-full-rerun/12-agentic-layer-s4-s5.md","done","PASS","2026-07-07T21:02:43.250Z","W","","12.T12.08","Idea/Bimba/Seeds/M/Legacy/plans/2026-06-02-m-prime-cycle-3-design-reconciliation/12-agentic-layer-s4-s5.md","Idea/Bimba/Seeds/M/Legacy/plans/2026-07-03-m-prime-cycle-3-full-rerun/plan.runs/verifications/12.T12.1.md"
"12.T12.2","12","`s5'.gnostic.*` gateway-endpoint registration as ONE-substrate scope","Idea/Bimba/Seeds/M/Legacy/plans/2026-07-03-m-prime-cycle-3-full-rerun/12-agentic-layer-s4-s5.md","done","PASS","2026-07-14T18:17:31.601Z","W","","12.T12.19","Idea/Bimba/Seeds/M/Legacy/plans/2026-06-02-m-prime-cycle-3-design-reconciliation/12-agentic-layer-s4-s5.md","Idea/Bimba/Seeds/M/Legacy/plans/2026-07-03-m-prime-cycle-3-full-rerun/plan.runs/verifications/12.T12.2.md"
"12.T12.3","12","`constitutional_agents` array audit and disposition","Idea/Bimba/Seeds/M/Legacy/plans/2026-07-03-m-prime-cycle-3-full-rerun/12-agentic-layer-s4-s5.md","done","PASS","2026-07-17T11:28:59.607Z","W","","12.T12.29","Idea/Bimba/Seeds/M/Legacy/plans/2026-06-02-m-prime-cycle-3-design-reconciliation/12-agentic-layer-s4-s5.md","Idea/Bimba/Seeds/M/Legacy/plans/2026-07-03-m-prime-cycle-3-full-rerun/plan.runs/verifications/12.T12.3.md"
"12.T12.4","12","Recursive-self-review gate (relocated from ACR to Pi)","Idea/Bimba/Seeds/M/Legacy/plans/2026-07-03-m-prime-cycle-3-full-rerun/12-agentic-layer-s4-s5.md","done","PASS","2026-07-18T06:55:25.692Z","W","","12.T12.38","Idea/Bimba/Seeds/M/Legacy/plans/2026-06-02-m-prime-cycle-3-design-reconciliation/12-agentic-layer-s4-s5.md","Idea/Bimba/Seeds/M/Legacy/plans/2026-07-03-m-prime-cycle-3-full-rerun/plan.runs/verifications/12.T12.4.md"
"12.T12.5","12","Six operational-capacity views (audit; possibly Pi-monitoring repurpose)","Idea/Bimba/Seeds/M/Legacy/plans/2026-07-03-m-prime-cycle-3-full-rerun/12-agentic-layer-s4-s5.md","done","PASS","2026-07-18T06:55:25.692Z","W","","12.T12.4","Idea/Bimba/Seeds/M/Legacy/plans/2026-06-02-m-prime-cycle-3-design-reconciliation/12-agentic-layer-s4-s5.md","Idea/Bimba/Seeds/M/Legacy/plans/2026-07-03-m-prime-cycle-3-full-rerun/plan.runs/verifications/12.T12.5.md"
"12.T12.6","12","`MediatedRunEvidencePacket` field-parity closure","Idea/Bimba/Seeds/M/Legacy/plans/2026-07-03-m-prime-cycle-3-full-rerun/12-agentic-layer-s4-s5.md","done","PASS","2026-07-18T06:55:25.692Z","W","","12.T12.5","Idea/Bimba/Seeds/M/Legacy/plans/2026-06-02-m-prime-cycle-3-design-reconciliation/12-agentic-layer-s4-s5.md","Idea/Bimba/Seeds/M/Legacy/plans/2026-07-03-m-prime-cycle-3-full-rerun/plan.runs/verifications/12.T12.6.md"
"12.T12.7","12","Pi axiom-translation tooling (DR-B-2 land)","Idea/Bimba/Seeds/M/Legacy/plans/2026-07-03-m-prime-cycle-3-full-rerun/12-agentic-layer-s4-s5.md","done","PASS","2026-07-18T06:55:25.692Z","W","","12.T12.6","Idea/Bimba/Seeds/M/Legacy/plans/2026-06-02-m-prime-cycle-3-design-reconciliation/12-agentic-layer-s4-s5.md","Idea/Bimba/Seeds/M/Legacy/plans/2026-07-03-m-prime-cycle-3-full-rerun/plan.runs/verifications/12.T12.7.md"
"12.T12.8","12","DEPRECATED","Idea/Bimba/Seeds/M/Legacy/plans/2026-07-03-m-prime-cycle-3-full-rerun/12-agentic-layer-s4-s5.md","done","PASS","2026-07-16T02:16:41.131Z","W","","","Idea/Bimba/Seeds/M/Legacy/plans/2026-06-02-m-prime-cycle-3-design-reconciliation/12-agentic-layer-s4-s5.md","Idea/Bimba/Seeds/M/Legacy/plans/2026-07-03-m-prime-cycle-3-full-rerun/plan.runs/verifications/12.T12.8.md"
"12.T12.9","12","Gateway handler audit for `dispatch_moirai_night_pass` + Aletheia Möbius routing","Idea/Bimba/Seeds/M/Legacy/plans/2026-07-03-m-prime-cycle-3-full-rerun/12-agentic-layer-s4-s5.md","done","PASS","2026-07-18T06:55:25.692Z","W","","12.T12.7","Idea/Bimba/Seeds/M/Legacy/plans/2026-06-02-m-prime-cycle-3-design-reconciliation/12-agentic-layer-s4-s5.md","Idea/Bimba/Seeds/M/Legacy/plans/2026-07-03-m-prime-cycle-3-full-rerun/plan.runs/verifications/12.T12.9.md"
"12.T12.10","12","Capability-parity live-assertion wiring (Pi gateway)","Idea/Bimba/Seeds/M/Legacy/plans/2026-07-03-m-prime-cycle-3-full-rerun/12-agentic-layer-s4-s5.md","done","PASS","2026-07-07T22:36:41.335Z","W","","12.T12.1","Idea/Bimba/Seeds/M/Legacy/plans/2026-06-02-m-prime-cycle-3-design-reconciliation/12-agentic-layer-s4-s5.md","Idea/Bimba/Seeds/M/Legacy/plans/2026-07-03-m-prime-cycle-3-full-rerun/plan.runs/verifications/12.T12.10.md"
"12.T12.11","12","TillDone substrate residency confirmation","Idea/Bimba/Seeds/M/Legacy/plans/2026-07-03-m-prime-cycle-3-full-rerun/12-agentic-layer-s4-s5.md","done","PASS","2026-07-07T22:37:56.989Z","W","","12.T12.10","Idea/Bimba/Seeds/M/Legacy/plans/2026-06-02-m-prime-cycle-3-design-reconciliation/12-agentic-layer-s4-s5.md","Idea/Bimba/Seeds/M/Legacy/plans/2026-07-03-m-prime-cycle-3-full-rerun/plan.runs/verifications/12.T12.11.md"
"12.T12.12","12","DEPRECATED","Idea/Bimba/Seeds/M/Legacy/plans/2026-07-03-m-prime-cycle-3-full-rerun/12-agentic-layer-s4-s5.md","done","PASS","2026-07-16T02:16:41.132Z","W","","","Idea/Bimba/Seeds/M/Legacy/plans/2026-06-02-m-prime-cycle-3-design-reconciliation/12-agentic-layer-s4-s5.md","Idea/Bimba/Seeds/M/Legacy/plans/2026-07-03-m-prime-cycle-3-full-rerun/plan.runs/verifications/12.T12.12.md"
"12.T12.13","12","S4 ↔ S5 shared-intelligence seam runtime audit","Idea/Bimba/Seeds/M/Legacy/plans/2026-07-03-m-prime-cycle-3-full-rerun/12-agentic-layer-s4-s5.md","done","PASS","2026-08-01T08:43:06.689Z","W","","12.T12.11","Idea/Bimba/Seeds/M/Legacy/plans/2026-06-02-m-prime-cycle-3-design-reconciliation/12-agentic-layer-s4-s5.md","Idea/Bimba/Seeds/M/Legacy/plans/2026-07-03-m-prime-cycle-3-full-rerun/plan.runs/verifications/12.T12.13.md"
"12.T12.15","12","VAK reading-frame evaluator for OracleFrame / SymbolicProtein","Idea/Bimba/Seeds/M/Legacy/plans/2026-07-03-m-prime-cycle-3-full-rerun/12-agentic-layer-s4-s5.md","done","PASS","2026-07-08T11:35:41.663Z","W","","12.T12.13","Idea/Bimba/Seeds/M/Legacy/plans/2026-06-02-m-prime-cycle-3-design-reconciliation/12-agentic-layer-s4-s5.md","Idea/Bimba/Seeds/M/Legacy/plans/2026-07-03-m-prime-cycle-3-full-rerun/plan.runs/verifications/12.T12.15.md"
"12.T12.16","12","S4-SPEC Techne wording patch","Idea/Bimba/Seeds/M/Legacy/plans/2026-07-03-m-prime-cycle-3-full-rerun/12-agentic-layer-s4-s5.md","done","PASS","2026-07-08T12:12:54.407Z","W","","12.T12.15","Idea/Bimba/Seeds/M/Legacy/plans/2026-06-02-m-prime-cycle-3-design-reconciliation/12-agentic-layer-s4-s5.md","Idea/Bimba/Seeds/M/Legacy/plans/2026-07-03-m-prime-cycle-3-full-rerun/plan.runs/verifications/12.T12.16.md"
"12.T12.17","12","Aletheia tool-guardian carrier contract verification","Idea/Bimba/Seeds/M/Legacy/plans/2026-07-03-m-prime-cycle-3-full-rerun/12-agentic-layer-s4-s5.md","done","PASS","2026-07-14T13:23:07.161Z","W","","12.T12.16","Idea/Bimba/Seeds/M/Legacy/plans/2026-06-02-m-prime-cycle-3-design-reconciliation/12-agentic-layer-s4-s5.md","Idea/Bimba/Seeds/M/Legacy/plans/2026-07-03-m-prime-cycle-3-full-rerun/plan.runs/verifications/12.T12.17.md"
"12.T12.18","12","Janus widens to operate the Klein: prospective/retrospective binary, OracleSpread aliveness, kairos-driven weighting","Idea/Bimba/Seeds/M/Legacy/plans/2026-07-03-m-prime-cycle-3-full-rerun/12-agentic-layer-s4-s5.md","done","PASS","2026-07-14T13:35:50.262Z","W","","12.T12.17","Idea/Bimba/Seeds/M/Legacy/plans/2026-06-02-m-prime-cycle-3-design-reconciliation/12-agentic-layer-s4-s5.md","Idea/Bimba/Seeds/M/Legacy/plans/2026-07-03-m-prime-cycle-3-full-rerun/plan.runs/verifications/12.T12.18.md"
"12.T12.19","12","Aletheia subagent veto primitive in dispatch contract","Idea/Bimba/Seeds/M/Legacy/plans/2026-07-03-m-prime-cycle-3-full-rerun/12-agentic-layer-s4-s5.md","done","PASS","2026-07-14T13:47:54.643Z","W","","12.T12.18","Idea/Bimba/Seeds/M/Legacy/plans/2026-06-02-m-prime-cycle-3-design-reconciliation/12-agentic-layer-s4-s5.md","Idea/Bimba/Seeds/M/Legacy/plans/2026-07-03-m-prime-cycle-3-full-rerun/plan.runs/verifications/12.T12.19.md"
"12.T12.20","12","Elo-bookkeeping infrastructure across Mercurius / Janus / Anansi / Moirai","Idea/Bimba/Seeds/M/Legacy/plans/2026-07-03-m-prime-cycle-3-full-rerun/12-agentic-layer-s4-s5.md","done","PASS","2026-08-02T09:37:31.835Z","W","","12.T12.2","Idea/Bimba/Seeds/M/Legacy/plans/2026-06-02-m-prime-cycle-3-design-reconciliation/12-agentic-layer-s4-s5.md","Idea/Bimba/Seeds/M/Legacy/plans/2026-07-03-m-prime-cycle-3-full-rerun/plan.runs/verifications/12.T12.20.md"
"12.T12.21","12","`user-context` skill implementation with mandatory routing","Idea/Bimba/Seeds/M/Legacy/plans/2026-07-03-m-prime-cycle-3-full-rerun/12-agentic-layer-s4-s5.md","done","PASS","2026-07-17T09:21:35.846Z","W","","12.T12.20","Idea/Bimba/Seeds/M/Legacy/plans/2026-06-02-m-prime-cycle-3-design-reconciliation/12-agentic-layer-s4-s5.md","Idea/Bimba/Seeds/M/Legacy/plans/2026-07-03-m-prime-cycle-3-full-rerun/plan.runs/verifications/12.T12.21.md"
"12.T12.22","12","Pi-Agent model-slot AND harness-slot configuration interface (orthogonal namespaces)","Idea/Bimba/Seeds/M/Legacy/plans/2026-07-03-m-prime-cycle-3-full-rerun/12-agentic-layer-s4-s5.md","done","PASS","2026-07-17T09:21:35.847Z","W","","12.T12.21","Idea/Bimba/Seeds/M/Legacy/plans/2026-06-02-m-prime-cycle-3-design-reconciliation/12-agentic-layer-s4-s5.md","Idea/Bimba/Seeds/M/Legacy/plans/2026-07-03-m-prime-cycle-3-full-rerun/plan.runs/verifications/12.T12.22.md"
"12.T12.23","12","Anima MoE dispatch policy implementation","Idea/Bimba/Seeds/M/Legacy/plans/2026-07-03-m-prime-cycle-3-full-rerun/12-agentic-layer-s4-s5.md","done","PASS","2026-07-17T09:21:35.847Z","W","","12.T12.22","Idea/Bimba/Seeds/M/Legacy/plans/2026-06-02-m-prime-cycle-3-design-reconciliation/12-agentic-layer-s4-s5.md","Idea/Bimba/Seeds/M/Legacy/plans/2026-07-03-m-prime-cycle-3-full-rerun/plan.runs/verifications/12.T12.23.md"
"12.T12.24","12","ML skill surface: vendor priority-13 Hermes + build 5 core gaps + per-subsystem domain skills + drift-detection retrain loop","Idea/Bimba/Seeds/M/Legacy/plans/2026-07-03-m-prime-cycle-3-full-rerun/12-agentic-layer-s4-s5.md","done","PASS","2026-07-17T11:28:59.607Z","W","","12.T12.23","Idea/Bimba/Seeds/M/Legacy/plans/2026-06-02-m-prime-cycle-3-design-reconciliation/12-agentic-layer-s4-s5.md","Idea/Bimba/Seeds/M/Legacy/plans/2026-07-03-m-prime-cycle-3-full-rerun/plan.runs/verifications/12.T12.24.md"
"12.T12.25","12","Evolver / DGM integration as typed VAK choreography over existing primitives","Idea/Bimba/Seeds/M/Legacy/plans/2026-07-03-m-prime-cycle-3-full-rerun/12-agentic-layer-s4-s5.md","done","PASS","2026-07-17T11:28:59.607Z","W","","12.T12.24","Idea/Bimba/Seeds/M/Legacy/plans/2026-06-02-m-prime-cycle-3-design-reconciliation/12-agentic-layer-s4-s5.md","Idea/Bimba/Seeds/M/Legacy/plans/2026-07-03-m-prime-cycle-3-full-rerun/plan.runs/verifications/12.T12.25.md"
"12.T12.26","12","Sophia disclosure seam: q_ proposal contract + aphoristic-skill composition module + Psyche-coordinated Aletheia-mode routing","Idea/Bimba/Seeds/M/Legacy/plans/2026-07-03-m-prime-cycle-3-full-rerun/12-agentic-layer-s4-s5.md","done","PASS","2026-07-17T11:28:59.607Z","W","","12.T12.25","Idea/Bimba/Seeds/M/Legacy/plans/2026-06-02-m-prime-cycle-3-design-reconciliation/12-agentic-layer-s4-s5.md","Idea/Bimba/Seeds/M/Legacy/plans/2026-07-03-m-prime-cycle-3-full-rerun/plan.runs/verifications/12.T12.26.md"
"12.T12.27","12","Eros spec rectification: relational operator restoration","Idea/Bimba/Seeds/M/Legacy/plans/2026-07-03-m-prime-cycle-3-full-rerun/12-agentic-layer-s4-s5.md","done","PASS","2026-07-17T11:28:59.607Z","W","","12.T12.26","Idea/Bimba/Seeds/M/Legacy/plans/2026-06-02-m-prime-cycle-3-design-reconciliation/12-agentic-layer-s4-s5.md","Idea/Bimba/Seeds/M/Legacy/plans/2026-07-03-m-prime-cycle-3-full-rerun/plan.runs/verifications/12.T12.27.md"
"12.T12.28","12","Hermes-style `skill_lookup` skill primitive (replaces eager XML manifest filter)","Idea/Bimba/Seeds/M/Legacy/plans/2026-07-03-m-prime-cycle-3-full-rerun/12-agentic-layer-s4-s5.md","done","PASS","2026-07-17T11:28:59.607Z","W","","12.T12.27","Idea/Bimba/Seeds/M/Legacy/plans/2026-06-02-m-prime-cycle-3-design-reconciliation/12-agentic-layer-s4-s5.md","Idea/Bimba/Seeds/M/Legacy/plans/2026-07-03-m-prime-cycle-3-full-rerun/plan.runs/verifications/12.T12.28.md"
"12.T12.29","12","Constitutional CT0-CT5 mapping + CF1-CF5 team-composition gates canonical","Idea/Bimba/Seeds/M/Legacy/plans/2026-07-03-m-prime-cycle-3-full-rerun/12-agentic-layer-s4-s5.md","done","PASS","2026-07-17T11:28:59.607Z","W","","12.T12.28","Idea/Bimba/Seeds/M/Legacy/plans/2026-06-02-m-prime-cycle-3-design-reconciliation/12-agentic-layer-s4-s5.md","Idea/Bimba/Seeds/M/Legacy/plans/2026-07-03-m-prime-cycle-3-full-rerun/plan.runs/verifications/12.T12.29.md"
"12.T12.30","12","Tmux topology mirrors Anima dispatch decisions","Idea/Bimba/Seeds/M/Legacy/plans/2026-07-03-m-prime-cycle-3-full-rerun/12-agentic-layer-s4-s5.md","done","PASS","2026-07-17T11:28:59.608Z","W","","12.T12.3","Idea/Bimba/Seeds/M/Legacy/plans/2026-06-02-m-prime-cycle-3-design-reconciliation/12-agentic-layer-s4-s5.md","Idea/Bimba/Seeds/M/Legacy/plans/2026-07-03-m-prime-cycle-3-full-rerun/plan.runs/verifications/12.T12.30.md"
"12.T12.31","12","Dispatch-with-parent-slice primitive (`ConversationSliceHandle`)","Idea/Bimba/Seeds/M/Legacy/plans/2026-07-03-m-prime-cycle-3-full-rerun/12-agentic-layer-s4-s5.md","done","PASS","2026-07-17T11:31:53.652Z","W","","12.T12.30","Idea/Bimba/Seeds/M/Legacy/plans/2026-06-02-m-prime-cycle-3-design-reconciliation/12-agentic-layer-s4-s5.md","Idea/Bimba/Seeds/M/Legacy/plans/2026-07-03-m-prime-cycle-3-full-rerun/plan.runs/verifications/12.T12.31.md"
"12.T12.32","12","VAK-uniform tool entitlement: close the GraphRAG side-door","Idea/Bimba/Seeds/M/Legacy/plans/2026-07-03-m-prime-cycle-3-full-rerun/12-agentic-layer-s4-s5.md","done","PASS","2026-07-17T12:54:40.700Z","W","","12.T12.31","Idea/Bimba/Seeds/M/Legacy/plans/2026-06-02-m-prime-cycle-3-design-reconciliation/12-agentic-layer-s4-s5.md","Idea/Bimba/Seeds/M/Legacy/plans/2026-07-03-m-prime-cycle-3-full-rerun/plan.runs/verifications/12.T12.32.md"
"12.T12.33","12","Coordinate-tagging IS compression (collapsed; no orchestrator module)","Idea/Bimba/Seeds/M/Legacy/plans/2026-07-03-m-prime-cycle-3-full-rerun/12-agentic-layer-s4-s5.md","done","PASS","2026-07-17T12:54:40.701Z","W","","12.T12.32","Idea/Bimba/Seeds/M/Legacy/plans/2026-06-02-m-prime-cycle-3-design-reconciliation/12-agentic-layer-s4-s5.md","Idea/Bimba/Seeds/M/Legacy/plans/2026-07-03-m-prime-cycle-3-full-rerun/plan.runs/verifications/12.T12.33.md"
"12.T12.34","12","Anuttara PI agent form at S5: completes the 4/5/0 nara-epii-anuttara agent system","Idea/Bimba/Seeds/M/Legacy/plans/2026-07-03-m-prime-cycle-3-full-rerun/12-agentic-layer-s4-s5.md","done","PASS","2026-07-17T12:54:40.701Z","W","","12.T12.33","Idea/Bimba/Seeds/M/Legacy/plans/2026-06-02-m-prime-cycle-3-design-reconciliation/12-agentic-layer-s4-s5.md","Idea/Bimba/Seeds/M/Legacy/plans/2026-07-03-m-prime-cycle-3-full-rerun/plan.runs/verifications/12.T12.34.md"
"12.T12.35","12","/goal Judge Role Architecture: adversarial verification gate in the Z-thread cycle","Idea/Bimba/Seeds/M/Legacy/plans/2026-07-03-m-prime-cycle-3-full-rerun/12-agentic-layer-s4-s5.md","done","PASS","2026-07-17T12:54:40.701Z","W","","12.T12.34","Idea/Bimba/Seeds/M/Legacy/plans/2026-06-02-m-prime-cycle-3-design-reconciliation/12-agentic-layer-s4-s5.md","Idea/Bimba/Seeds/M/Legacy/plans/2026-07-03-m-prime-cycle-3-full-rerun/plan.runs/verifications/12.T12.35.md"
"12.T12.36","12","Phase-preserving VAK emission and resolve discipline","Idea/Bimba/Seeds/M/Legacy/plans/2026-07-03-m-prime-cycle-3-full-rerun/12-agentic-layer-s4-s5.md","done","PASS","2026-07-17T12:54:40.701Z","W","","12.T12.35","Idea/Bimba/Seeds/M/Legacy/plans/2026-06-02-m-prime-cycle-3-design-reconciliation/12-agentic-layer-s4-s5.md","Idea/Bimba/Seeds/M/Legacy/plans/2026-07-03-m-prime-cycle-3-full-rerun/plan.runs/verifications/12.T12.36.md"
"12.T12.37","12","`epi know <coord>` S0 core-knowing CLI (the language IS the lookup tool)","Idea/Bimba/Seeds/M/Legacy/plans/2026-07-03-m-prime-cycle-3-full-rerun/12-agentic-layer-s4-s5.md","done","PASS","2026-07-18T06:55:25.691Z","W","","12.T12.36","Idea/Bimba/Seeds/M/Legacy/plans/2026-06-02-m-prime-cycle-3-design-reconciliation/12-agentic-layer-s4-s5.md","Idea/Bimba/Seeds/M/Legacy/plans/2026-07-03-m-prime-cycle-3-full-rerun/plan.runs/verifications/12.T12.37.md"
"12.T12.38","12","M3TranscriptionEngine kernel-bridge projection + `s2.graph.ananda_position` gateway route","Idea/Bimba/Seeds/M/Legacy/plans/2026-07-03-m-prime-cycle-3-full-rerun/12-agentic-layer-s4-s5.md","done","PASS","2026-07-18T06:55:25.692Z","W","","12.T12.37","Idea/Bimba/Seeds/M/Legacy/plans/2026-06-02-m-prime-cycle-3-design-reconciliation/12-agentic-layer-s4-s5.md","Idea/Bimba/Seeds/M/Legacy/plans/2026-07-03-m-prime-cycle-3-full-rerun/plan.runs/verifications/12.T12.38.md"
"14.T0","14","Absorb and retarget: 14-no-orphan-audit-and-release-gates.md (law-only source)","Idea/Bimba/Seeds/M/Legacy/plans/2026-07-03-m-prime-cycle-3-full-rerun/14-no-orphan-audit-and-release-gates.md","done","PASS","2026-07-10T15:24:05.058Z","UF","","00.T3","Idea/Bimba/Seeds/M/Legacy/plans/2026-06-02-m-prime-cycle-3-design-reconciliation/14-no-orphan-audit-and-release-gates.md","Idea/Bimba/Seeds/M/Legacy/plans/2026-07-03-m-prime-cycle-3-full-rerun/plan.runs/verifications/14.T0.md"
"14.T14.1","14","Release-gate runner (G1/G2/G4/G6 mechanised; G3/G5/G7-G12 as track-status lookups)","Idea/Bimba/Seeds/M/Legacy/plans/2026-07-03-m-prime-cycle-3-full-rerun/14-no-orphan-audit-and-release-gates.md","done","PASS","2026-07-10T15:27:13.684Z","UF","","00.T3 | 14.T0",".codex/scripts/release-gates.mjs","Idea/Bimba/Seeds/M/Legacy/plans/2026-07-03-m-prime-cycle-3-full-rerun/plan.runs/verifications/14.T14.1.md"
"14.T14.2","14","Decision-register gate audit (all named DR rows VALIDATED or explicitly downgraded)","Idea/Bimba/Seeds/M/Legacy/plans/2026-07-03-m-prime-cycle-3-full-rerun/14-no-orphan-audit-and-release-gates.md","done","PASS","2026-07-10T15:29:00.852Z","UF","","14.T14.1","","Idea/Bimba/Seeds/M/Legacy/plans/2026-07-03-m-prime-cycle-3-full-rerun/plan.runs/verifications/14.T14.2.md"
"14.T14.3","14","Open-orphans re-audit against the current carrier","Idea/Bimba/Seeds/M/Legacy/plans/2026-07-03-m-prime-cycle-3-full-rerun/14-no-orphan-audit-and-release-gates.md","done","PASS","2026-07-10T15:31:22.518Z","UF","","14.T14.2","","Idea/Bimba/Seeds/M/Legacy/plans/2026-07-03-m-prime-cycle-3-full-rerun/plan.runs/verifications/14.T14.3.md"
"14.T14.4","14","Cycle-close no-orphan audit re-run (the closing gate)","Idea/Bimba/Seeds/M/Legacy/plans/2026-07-03-m-prime-cycle-3-full-rerun/14-no-orphan-audit-and-release-gates.md","done","PASS","2026-08-03T04:08:10.412Z","UF","","14.T14.3","","Idea/Bimba/Seeds/M/Legacy/plans/2026-07-03-m-prime-cycle-3-full-rerun/plan.runs/verifications/14.T14.4.md"
"15.T15.1","15","Foundation principles registry","Idea/Bimba/Seeds/M/Legacy/plans/2026-07-03-m-prime-cycle-3-full-rerun/15-ui-design-foundations.md","done","PASS","2026-07-10T15:34:28.104Z","UF","","00.T3","Idea/Bimba/Seeds/M/Legacy/plans/2026-06-02-m-prime-cycle-3-design-reconciliation/15-ui-design-foundations.md","Idea/Bimba/Seeds/M/Legacy/plans/2026-07-03-m-prime-cycle-3-full-rerun/plan.runs/verifications/15.T15.1.md"
"15.T15.2","15","OmniPanel architecture as agentic membrane","Idea/Bimba/Seeds/M/Legacy/plans/2026-07-03-m-prime-cycle-3-full-rerun/15-ui-design-foundations.md","done","PASS","2026-07-12T11:44:14.924Z","UF","","15.T15.12","Idea/Bimba/Seeds/M/Legacy/plans/2026-06-02-m-prime-cycle-3-design-reconciliation/15-ui-design-foundations.md","Idea/Bimba/Seeds/M/Legacy/plans/2026-07-03-m-prime-cycle-3-full-rerun/plan.runs/verifications/15.T15.2.md"
"15.T15.3","15","Left-sidebar activity-bar system","Idea/Bimba/Seeds/M/Legacy/plans/2026-07-03-m-prime-cycle-3-full-rerun/15-ui-design-foundations.md","done","PASS","2026-07-12T16:03:53.916Z","UF","","15.T15.2","Idea/Bimba/Seeds/M/Legacy/plans/2026-06-02-m-prime-cycle-3-design-reconciliation/15-ui-design-foundations.md","Idea/Bimba/Seeds/M/Legacy/plans/2026-07-03-m-prime-cycle-3-full-rerun/plan.runs/verifications/15.T15.3.md"
"15.T15.4","15","Editor-area composition pattern for integrated plugins","Idea/Bimba/Seeds/M/Legacy/plans/2026-07-03-m-prime-cycle-3-full-rerun/15-ui-design-foundations.md","done","PASS","2026-07-15T10:17:23.258Z","UF","","15.T15.3","Idea/Bimba/Seeds/M/Legacy/plans/2026-06-02-m-prime-cycle-3-design-reconciliation/15-ui-design-foundations.md","Idea/Bimba/Seeds/M/Legacy/plans/2026-07-03-m-prime-cycle-3-full-rerun/plan.runs/verifications/15.T15.4.md"
"15.T15.5","15","0/1 toggle gesture + lemniscate transition","Idea/Bimba/Seeds/M/Legacy/plans/2026-07-03-m-prime-cycle-3-full-rerun/15-ui-design-foundations.md","done","PASS","2026-07-16T03:17:20.269Z","UF","","15.T15.4","Idea/Bimba/Seeds/M/Legacy/plans/2026-06-02-m-prime-cycle-3-design-reconciliation/15-ui-design-foundations.md","Idea/Bimba/Seeds/M/Legacy/plans/2026-07-03-m-prime-cycle-3-full-rerun/plan.runs/verifications/15.T15.5.md"
"15.T15.6","15","Profile-tick clock + readiness inline rendering","Idea/Bimba/Seeds/M/Legacy/plans/2026-07-03-m-prime-cycle-3-full-rerun/15-ui-design-foundations.md","done","PASS","2026-07-16T20:57:31.838Z","UF","","15.T15.5","Idea/Bimba/Seeds/M/Legacy/plans/2026-06-02-m-prime-cycle-3-design-reconciliation/15-ui-design-foundations.md","Idea/Bimba/Seeds/M/Legacy/plans/2026-07-03-m-prime-cycle-3-full-rerun/plan.runs/verifications/15.T15.6.md"
"15.T15.7","15","Bimba/Pratibimba state-persistence across toggle","Idea/Bimba/Seeds/M/Legacy/plans/2026-07-03-m-prime-cycle-3-full-rerun/15-ui-design-foundations.md","done","REFUSED","2026-08-02T10:04:44.092Z","UF","","15.T15.6","Idea/Bimba/Seeds/M/Legacy/plans/2026-06-02-m-prime-cycle-3-design-reconciliation/15-ui-design-foundations.md","Idea/Bimba/Seeds/M/Legacy/plans/2026-07-03-m-prime-cycle-3-full-rerun/plan.runs/verifications/15.T15.7.md"
"15.T15.8","15","M1-2 ananda vortex visual rendering on K²","Idea/Bimba/Seeds/M/Legacy/plans/2026-07-03-m-prime-cycle-3-full-rerun/15-ui-design-foundations.md","done","PASS","2026-07-18T09:17:29.176Z","UF","","15.T15.7","Idea/Bimba/Seeds/M/Legacy/plans/2026-06-02-m-prime-cycle-3-design-reconciliation/15-ui-design-foundations.md","Idea/Bimba/Seeds/M/Legacy/plans/2026-07-03-m-prime-cycle-3-full-rerun/plan.runs/verifications/15.T15.8.md"
"15.T15.9","15","Tick choreography across the six matrices","Idea/Bimba/Seeds/M/Legacy/plans/2026-07-03-m-prime-cycle-3-full-rerun/15-ui-design-foundations.md","done","PASS","2026-07-18T09:17:29.176Z","UF","","15.T15.8","Idea/Bimba/Seeds/M/Legacy/plans/2026-06-02-m-prime-cycle-3-design-reconciliation/15-ui-design-foundations.md","Idea/Bimba/Seeds/M/Legacy/plans/2026-07-03-m-prime-cycle-3-full-rerun/plan.runs/verifications/15.T15.9.md"
"15.T15.10","15","Status bar discipline","Idea/Bimba/Seeds/M/Legacy/plans/2026-07-03-m-prime-cycle-3-full-rerun/15-ui-design-foundations.md","done","PASS","2026-07-11T18:11:26.543Z","UF","","15.T15.1","Idea/Bimba/Seeds/M/Legacy/plans/2026-06-02-m-prime-cycle-3-design-reconciliation/15-ui-design-foundations.md","Idea/Bimba/Seeds/M/Legacy/plans/2026-07-03-m-prime-cycle-3-full-rerun/plan.runs/verifications/15.T15.10.md"
"15.T15.11","15","Dispatch genealogy as a first-class UI primitive","Idea/Bimba/Seeds/M/Legacy/plans/2026-07-03-m-prime-cycle-3-full-rerun/15-ui-design-foundations.md","done","PASS","2026-07-12T09:21:54.748Z","UF","","15.T15.10","Idea/Bimba/Seeds/M/Legacy/plans/2026-06-02-m-prime-cycle-3-design-reconciliation/15-ui-design-foundations.md","Idea/Bimba/Seeds/M/Legacy/plans/2026-07-03-m-prime-cycle-3-full-rerun/plan.runs/verifications/15.T15.11.md"
"15.T15.12","15","Visual-regression harness for the 0/1 toggle + tick choreography","Idea/Bimba/Seeds/M/Legacy/plans/2026-07-03-m-prime-cycle-3-full-rerun/15-ui-design-foundations.md","done","PASS","2026-07-12T10:58:50.532Z","UF","","15.T15.11","Idea/Bimba/Seeds/M/Legacy/plans/2026-06-02-m-prime-cycle-3-design-reconciliation/15-ui-design-foundations.md","Idea/Bimba/Seeds/M/Legacy/plans/2026-07-03-m-prime-cycle-3-full-rerun/plan.runs/verifications/15.T15.12.md"
"16.T16.21","16","CCT-21: S3 BeingPattern live-state producer stream *(code-pending-closure; depends on CCT-14, CCT-16, 10.PASU, 18.10, 23.19, 23.20, 24.20, 25.22, 29.16)","Idea/Bimba/Seeds/M/Legacy/plans/2026-07-03-m-prime-cycle-3-full-rerun/16-cross-cutting-closures.md","done","PASS","2026-08-01T23:51:13.815Z","W","","00.T3 | 16.T16.20","Idea/Bimba/Seeds/M/Legacy/plans/2026-06-02-m-prime-cycle-3-design-reconciliation/16-cross-cutting-closures.md","Idea/Bimba/Seeds/M/Legacy/plans/2026-07-03-m-prime-cycle-3-full-rerun/plan.runs/verifications/16.T16.21.md"
"16.T16.1","16","CCT-1: Synchronised Klein-flip propagation at personal scale","Idea/Bimba/Seeds/M/Legacy/plans/2026-07-03-m-prime-cycle-3-full-rerun/16-cross-cutting-closures.md","done","PASS","2026-07-10T15:38:22.993Z","W","","00.T3","","Idea/Bimba/Seeds/M/Legacy/plans/2026-07-03-m-prime-cycle-3-full-rerun/plan.runs/verifications/16.T16.1.md"
"16.T16.2","16","CCT-2: Cymatic-surface pin to torus inside cosmic composition","Idea/Bimba/Seeds/M/Legacy/plans/2026-07-03-m-prime-cycle-3-full-rerun/16-cross-cutting-closures.md","done","PASS","2026-07-11T19:47:59.065Z","W","","16.T16.19","","Idea/Bimba/Seeds/M/Legacy/plans/2026-07-03-m-prime-cycle-3-full-rerun/plan.runs/verifications/16.T16.2.md"
"16.T16.3","16","CCT-3: Geometric-scaffold terminology unification + dipyramid topology correction (DR-IG-6)","Idea/Bimba/Seeds/M/Legacy/plans/2026-07-03-m-prime-cycle-3-full-rerun/16-cross-cutting-closures.md","done","PASS","2026-07-12T00:59:50.435Z","W","","16.T16.22","","Idea/Bimba/Seeds/M/Legacy/plans/2026-07-03-m-prime-cycle-3-full-rerun/plan.runs/verifications/16.T16.3.md"
"16.T16.4","16","CCT-4: torus_knot_phase single-source audit","Idea/Bimba/Seeds/M/Legacy/plans/2026-07-03-m-prime-cycle-3-full-rerun/16-cross-cutting-closures.md","done","PASS","2026-07-12T01:03:45.002Z","W","","16.T16.3","","Idea/Bimba/Seeds/M/Legacy/plans/2026-07-03-m-prime-cycle-3-full-rerun/plan.runs/verifications/16.T16.4.md"
"16.T16.5","16","CCT-5: Klein-flip event variant unification","Idea/Bimba/Seeds/M/Legacy/plans/2026-07-03-m-prime-cycle-3-full-rerun/16-cross-cutting-closures.md","done","PASS","2026-07-12T01:05:17.601Z","W","","16.T16.4","","Idea/Bimba/Seeds/M/Legacy/plans/2026-07-03-m-prime-cycle-3-full-rerun/plan.runs/verifications/16.T16.5.md"
"16.T16.6","16","CCT-6: bedrock_link ownership and computation","Idea/Bimba/Seeds/M/Legacy/plans/2026-07-03-m-prime-cycle-3-full-rerun/16-cross-cutting-closures.md","done","PASS","2026-07-12T01:06:29.608Z","W","","16.T16.5","","Idea/Bimba/Seeds/M/Legacy/plans/2026-07-03-m-prime-cycle-3-full-rerun/plan.runs/verifications/16.T16.6.md"
"16.T16.7","16","CCT-7: PatternPacket multi-tranche dependency chain","Idea/Bimba/Seeds/M/Legacy/plans/2026-07-03-m-prime-cycle-3-full-rerun/16-cross-cutting-closures.md","done","PASS","2026-07-12T01:08:06.020Z","W","","16.T16.6","","Idea/Bimba/Seeds/M/Legacy/plans/2026-07-03-m-prime-cycle-3-full-rerun/plan.runs/verifications/16.T16.7.md"
"16.T16.8","16","CCT-8: One-Cl(4,2)-type audit across four scales","Idea/Bimba/Seeds/M/Legacy/plans/2026-07-03-m-prime-cycle-3-full-rerun/16-cross-cutting-closures.md","done","PASS","2026-07-12T01:11:40.633Z","W","","16.T16.7","","Idea/Bimba/Seeds/M/Legacy/plans/2026-07-03-m-prime-cycle-3-full-rerun/plan.runs/verifications/16.T16.8.md"
"16.T16.9","16","CCT-9: Typed kernel-bridge JSON edge (consolidates into Track 18 — close jointly)","Idea/Bimba/Seeds/M/Legacy/plans/2026-07-03-m-prime-cycle-3-full-rerun/16-cross-cutting-closures.md","done","PASS","2026-07-12T01:12:38.350Z","W","","16.T16.8","","Idea/Bimba/Seeds/M/Legacy/plans/2026-07-03-m-prime-cycle-3-full-rerun/plan.runs/verifications/16.T16.9.md"
"16.T16.10","16","CCT-10: shared ui-primitives package (retarget: pratibimba-app src/ui/primitives per Track 30)","Idea/Bimba/Seeds/M/Legacy/plans/2026-07-03-m-prime-cycle-3-full-rerun/16-cross-cutting-closures.md","done","PASS","2026-07-10T15:40:48.665Z","W","","16.T16.1","","Idea/Bimba/Seeds/M/Legacy/plans/2026-07-03-m-prime-cycle-3-full-rerun/plan.runs/verifications/16.T16.10.md"
"16.T16.11","16","CCT-11: integrated-composition contract (retarget: engine modulation-carrier registration contract)","Idea/Bimba/Seeds/M/Legacy/plans/2026-07-03-m-prime-cycle-3-full-rerun/16-cross-cutting-closures.md","done","PASS","2026-07-10T15:42:56.065Z","W","","16.T16.10","","Idea/Bimba/Seeds/M/Legacy/plans/2026-07-03-m-prime-cycle-3-full-rerun/plan.runs/verifications/16.T16.11.md"
"16.T16.12","16","CCT-12: S1 coordinate-residency-on-move enforcement","Idea/Bimba/Seeds/M/Legacy/plans/2026-07-03-m-prime-cycle-3-full-rerun/16-cross-cutting-closures.md","done","PASS","2026-07-10T15:44:48.418Z","W","","16.T16.11","","Idea/Bimba/Seeds/M/Legacy/plans/2026-07-03-m-prime-cycle-3-full-rerun/plan.runs/verifications/16.T16.12.md"
"16.T16.13","16","CCT-13: c_1_relation_family typed enum + canonical naming (fix 'kernel-resonance' literal)","Idea/Bimba/Seeds/M/Legacy/plans/2026-07-03-m-prime-cycle-3-full-rerun/16-cross-cutting-closures.md","done","PASS","2026-07-10T15:47:57.751Z","W","","16.T16.12","","Idea/Bimba/Seeds/M/Legacy/plans/2026-07-03-m-prime-cycle-3-full-rerun/plan.runs/verifications/16.T16.13.md"
"16.T16.14","16","CCT-14 (+14b): Hen entity-candidate lifecycle + CLI parity + birth-codon c_5_birth_codon","Idea/Bimba/Seeds/M/Legacy/plans/2026-07-03-m-prime-cycle-3-full-rerun/16-cross-cutting-closures.md","done","PASS","2026-07-10T20:48:26.401Z","W","","16.T16.13","","Idea/Bimba/Seeds/M/Legacy/plans/2026-07-03-m-prime-cycle-3-full-rerun/plan.runs/verifications/16.T16.14.md"
"16.T16.15","16","CCT-15: C-layer semantic typology + MOC maintenance workflow","Idea/Bimba/Seeds/M/Legacy/plans/2026-07-03-m-prime-cycle-3-full-rerun/16-cross-cutting-closures.md","done","PASS","2026-07-11T11:46:38.890Z","W","","16.T16.14","","Idea/Bimba/Seeds/M/Legacy/plans/2026-07-03-m-prime-cycle-3-full-rerun/plan.runs/verifications/16.T16.15.md"
"16.T16.16","16","CCT-16: Substrate Integrity Bundle (frontmatter survival · khora_sync_queue_flush real path · fire_provenance ack/retry · MostRecent picker · graph_revision bump)","Idea/Bimba/Seeds/M/Legacy/plans/2026-07-03-m-prime-cycle-3-full-rerun/16-cross-cutting-closures.md","done","PASS","2026-07-11T17:09:54.641Z","W","","16.T16.15","","Idea/Bimba/Seeds/M/Legacy/plans/2026-07-03-m-prime-cycle-3-full-rerun/plan.runs/verifications/16.T16.16.md"
"16.T16.17","16","CCT-17 (+17b): VAK coordinate-tagging-IS-compression canon + wikilink span-pointer retrieval primitive","Idea/Bimba/Seeds/M/Legacy/plans/2026-07-03-m-prime-cycle-3-full-rerun/16-cross-cutting-closures.md","done","PASS","2026-07-11T17:49:27.052Z","W","","16.T16.16","","Idea/Bimba/Seeds/M/Legacy/plans/2026-07-03-m-prime-cycle-3-full-rerun/plan.runs/verifications/16.T16.17.md"
"16.T16.18","16","CCT-18: (read original §CCT-18 — title per source)","Idea/Bimba/Seeds/M/Legacy/plans/2026-07-03-m-prime-cycle-3-full-rerun/16-cross-cutting-closures.md","done","PASS","2026-07-11T18:22:46.665Z","W","","16.T16.17","","Idea/Bimba/Seeds/M/Legacy/plans/2026-07-03-m-prime-cycle-3-full-rerun/plan.runs/verifications/16.T16.18.md"
"16.T16.19","16","CCT-19: Library + Atelier as projections, not extensions (retarget: carrier panes as lenses)","Idea/Bimba/Seeds/M/Legacy/plans/2026-07-03-m-prime-cycle-3-full-rerun/16-cross-cutting-closures.md","done","PASS","2026-07-11T18:34:09.259Z","W","","16.T16.18","","Idea/Bimba/Seeds/M/Legacy/plans/2026-07-03-m-prime-cycle-3-full-rerun/plan.runs/verifications/16.T16.19.md"
"16.T16.20","16","CCT-20: Coordinate phase-flip preservation across kernel, VAK, S2, OWL, S5","Idea/Bimba/Seeds/M/Legacy/plans/2026-07-03-m-prime-cycle-3-full-rerun/16-cross-cutting-closures.md","done","PASS","2026-07-11T23:38:10.641Z","W","","16.T16.2","","Idea/Bimba/Seeds/M/Legacy/plans/2026-07-03-m-prime-cycle-3-full-rerun/plan.runs/verifications/16.T16.20.md"
"16.T16.22","16","CCT-22: Compression-as-Intelligence cross-layer register + gnostic-extraction at O# handover","Idea/Bimba/Seeds/M/Legacy/plans/2026-07-03-m-prime-cycle-3-full-rerun/16-cross-cutting-closures.md","done","PASS","2026-07-12T00:58:06.888Z","W","","16.T16.21","","Idea/Bimba/Seeds/M/Legacy/plans/2026-07-03-m-prime-cycle-3-full-rerun/plan.runs/verifications/16.T16.22.md"
"17.T17.1","17","Split `gateway-contract/lib.rs` (4,883 LOC, largest file in repo)","Idea/Bimba/Seeds/M/Legacy/plans/2026-07-03-m-prime-cycle-3-full-rerun/17-s-stack-modularisation.md","done","PASS","2026-07-06T23:01:02.006Z","W","","00.T3","Idea/Bimba/Seeds/M/Legacy/plans/2026-06-02-m-prime-cycle-3-design-reconciliation/17-s-stack-modularisation.md","Idea/Bimba/Seeds/M/Legacy/plans/2026-07-03-m-prime-cycle-3-full-rerun/plan.runs/verifications/17.T17.1.md"
"17.T17.2","17","Split `Body/S/S0/epi-cli/src/gate/server.rs` (3,235 LOC)","Idea/Bimba/Seeds/M/Legacy/plans/2026-07-03-m-prime-cycle-3-full-rerun/17-s-stack-modularisation.md","done","PASS","2026-08-02T09:37:31.836Z","W","","17.T17.19","Body/S/S0/epi-cli/src/gate/server.rs | Idea/Bimba/Seeds/M/Legacy/plans/2026-06-02-m-prime-cycle-3-design-reconciliation/17-s-stack-modularisation.md","Idea/Bimba/Seeds/M/Legacy/plans/2026-07-03-m-prime-cycle-3-full-rerun/plan.runs/verifications/17.T17.2.md"
"17.T17.3","17","Split `graph-schema/src/lib.rs` (3,072 LOC)","Idea/Bimba/Seeds/M/Legacy/plans/2026-07-03-m-prime-cycle-3-full-rerun/17-s-stack-modularisation.md","done","PASS","2026-07-18T06:55:25.693Z","W","","17.T17.28","Idea/Bimba/Seeds/M/Legacy/plans/2026-06-02-m-prime-cycle-3-design-reconciliation/17-s-stack-modularisation.md","Idea/Bimba/Seeds/M/Legacy/plans/2026-07-03-m-prime-cycle-3-full-rerun/plan.runs/verifications/17.T17.3.md"
"17.T17.4","17","Split `capacity_workflows.rs` (2,584 LOC)","Idea/Bimba/Seeds/M/Legacy/plans/2026-07-03-m-prime-cycle-3-full-rerun/17-s-stack-modularisation.md","done","PASS","2026-07-18T06:55:25.693Z","W","","17.T17.3","Idea/Bimba/Seeds/M/Legacy/plans/2026-06-02-m-prime-cycle-3-design-reconciliation/17-s-stack-modularisation.md","Idea/Bimba/Seeds/M/Legacy/plans/2026-07-03-m-prime-cycle-3-full-rerun/plan.runs/verifications/17.T17.4.md"
"17.T17.5","17","Split `Body/S/S0/epi-cli/src/core/mod.rs` (2,485 LOC)","Idea/Bimba/Seeds/M/Legacy/plans/2026-07-03-m-prime-cycle-3-full-rerun/17-s-stack-modularisation.md","done","PASS","2026-07-18T06:55:25.693Z","W","","17.T17.4","Body/S/S0/epi-cli/src/core/mod.rs | Idea/Bimba/Seeds/M/Legacy/plans/2026-06-02-m-prime-cycle-3-design-reconciliation/17-s-stack-modularisation.md","Idea/Bimba/Seeds/M/Legacy/plans/2026-07-03-m-prime-cycle-3-full-rerun/plan.runs/verifications/17.T17.5.md"
"17.T17.6","17","Split `Body/S/S0/portal-core/src/kernel.rs` (1,266 LOC)","Idea/Bimba/Seeds/M/Legacy/plans/2026-07-03-m-prime-cycle-3-full-rerun/17-s-stack-modularisation.md","done","PASS","2026-07-18T06:55:25.693Z","W","","17.T17.5","Body/S/S0/portal-core/src/kernel.rs | Idea/Bimba/Seeds/M/Legacy/plans/2026-06-02-m-prime-cycle-3-design-reconciliation/17-s-stack-modularisation.md","Idea/Bimba/Seeds/M/Legacy/plans/2026-07-03-m-prime-cycle-3-full-rerun/plan.runs/verifications/17.T17.6.md"
"17.T17.7","17","Split `Body/S/S3/gateway/src/spacetime.rs` (1,765 LOC)","Idea/Bimba/Seeds/M/Legacy/plans/2026-07-03-m-prime-cycle-3-full-rerun/17-s-stack-modularisation.md","done","PASS","2026-07-18T06:55:25.694Z","W","","17.T17.6","Body/S/S3/gateway/src/spacetime.rs | Idea/Bimba/Seeds/M/Legacy/plans/2026-06-02-m-prime-cycle-3-design-reconciliation/17-s-stack-modularisation.md","Idea/Bimba/Seeds/M/Legacy/plans/2026-07-03-m-prime-cycle-3-full-rerun/plan.runs/verifications/17.T17.7.md"
"17.T17.8","17","Split `Body/S/S2/graph-services/src/sync_coordinator.rs` (1,384 LOC)","Idea/Bimba/Seeds/M/Legacy/plans/2026-07-03-m-prime-cycle-3-full-rerun/17-s-stack-modularisation.md","done","PASS","2026-07-18T06:55:25.694Z","W","","17.T17.7","Body/S/S2/graph-services/src/sync_coordinator.rs | Idea/Bimba/Seeds/M/Legacy/plans/2026-06-02-m-prime-cycle-3-design-reconciliation/17-s-stack-modularisation.md","Idea/Bimba/Seeds/M/Legacy/plans/2026-07-03-m-prime-cycle-3-full-rerun/plan.runs/verifications/17.T17.8.md"
"17.T17.9","17","Split `Body/S/S4/ta-onta/S4-5p-aletheia/extension.ts` (1,114 LOC)","Idea/Bimba/Seeds/M/Legacy/plans/2026-07-03-m-prime-cycle-3-full-rerun/17-s-stack-modularisation.md","done","PASS","2026-07-18T06:55:25.694Z","W","","17.T17.8","Body/S/S4/ta-onta/S4-5p-aletheia/extension.ts | Idea/Bimba/Seeds/M/Legacy/plans/2026-06-02-m-prime-cycle-3-design-reconciliation/17-s-stack-modularisation.md","Idea/Bimba/Seeds/M/Legacy/plans/2026-07-03-m-prime-cycle-3-full-rerun/plan.runs/verifications/17.T17.9.md"
"17.T17.10","17","Split `Body/S/S4/ta-onta/S4-4p-anima/extension.ts` (761 LOC)","Idea/Bimba/Seeds/M/Legacy/plans/2026-07-03-m-prime-cycle-3-full-rerun/17-s-stack-modularisation.md","done","PASS","2026-07-07T18:17:46.484Z","W","","17.T17.1","Body/S/S4/ta-onta/S4-4p-anima/extension.ts | Idea/Bimba/Seeds/M/Legacy/plans/2026-06-02-m-prime-cycle-3-design-reconciliation/17-s-stack-modularisation.md","Idea/Bimba/Seeds/M/Legacy/plans/2026-07-03-m-prime-cycle-3-full-rerun/plan.runs/verifications/17.T17.10.md"
"17.T17.11","17","Split `Body/S/S1/hen-compiler-core/src/lib.rs` (881 LOC)","Idea/Bimba/Seeds/M/Legacy/plans/2026-07-03-m-prime-cycle-3-full-rerun/17-s-stack-modularisation.md","done","PASS","2026-07-07T22:09:45.670Z","W","","17.T17.10","Body/S/S1/hen-compiler-core/src/lib.rs | Idea/Bimba/Seeds/M/Legacy/plans/2026-06-02-m-prime-cycle-3-design-reconciliation/17-s-stack-modularisation.md","Idea/Bimba/Seeds/M/Legacy/plans/2026-07-03-m-prime-cycle-3-full-rerun/plan.runs/verifications/17.T17.11.md"
"17.T17.12","17","Split `Body/S/S0/epi-cli/src/nara/oracle.rs` (2,203 LOC) + `medicine.rs` (1,271 LOC)","Idea/Bimba/Seeds/M/Legacy/plans/2026-07-03-m-prime-cycle-3-full-rerun/17-s-stack-modularisation.md","done","PASS","2026-07-10T14:46:11.922Z","W","","17.T17.11","Body/S/S0/epi-cli/src/nara/oracle.rs | Idea/Bimba/Seeds/M/Legacy/plans/2026-06-02-m-prime-cycle-3-design-reconciliation/17-s-stack-modularisation.md","Idea/Bimba/Seeds/M/Legacy/plans/2026-07-03-m-prime-cycle-3-full-rerun/plan.runs/verifications/17.T17.12.md"
"17.T17.13","17","Split `Body/S/S0/portal-core/src/events.rs` (522 LOC)","Idea/Bimba/Seeds/M/Legacy/plans/2026-07-03-m-prime-cycle-3-full-rerun/17-s-stack-modularisation.md","done","PASS","2026-07-10T22:06:14.351Z","W","","17.T17.12","Body/S/S0/portal-core/src/events.rs | Idea/Bimba/Seeds/M/Legacy/plans/2026-06-02-m-prime-cycle-3-design-reconciliation/17-s-stack-modularisation.md","Idea/Bimba/Seeds/M/Legacy/plans/2026-07-03-m-prime-cycle-3-full-rerun/plan.runs/verifications/17.T17.13.md"
"17.T17.14","17","Split `Body/S/S2/graph-services/src/dataset_import.rs` (1,655 LOC)","Idea/Bimba/Seeds/M/Legacy/plans/2026-07-03-m-prime-cycle-3-full-rerun/17-s-stack-modularisation.md","done","PASS","2026-07-12T20:07:45.399Z","W","","17.T17.13","Body/S/S2/graph-services/src/dataset_import.rs | Idea/Bimba/Seeds/M/Legacy/plans/2026-06-02-m-prime-cycle-3-design-reconciliation/17-s-stack-modularisation.md","Idea/Bimba/Seeds/M/Legacy/plans/2026-07-03-m-prime-cycle-3-full-rerun/plan.runs/verifications/17.T17.14.md"
"17.T17.15","17","Split `Body/S/S5/epii-autoresearch-core/src/lib.rs` (2,049 LOC) + `epii-agent-core/src/lib.rs` (1,170 LOC)","Idea/Bimba/Seeds/M/Legacy/plans/2026-07-03-m-prime-cycle-3-full-rerun/17-s-stack-modularisation.md","done","PASS","2026-07-13T10:12:57.801Z","W","","17.T17.14","Body/S/S5/epii-autoresearch-core/src/lib.rs | Idea/Bimba/Seeds/M/Legacy/plans/2026-06-02-m-prime-cycle-3-design-reconciliation/17-s-stack-modularisation.md","Idea/Bimba/Seeds/M/Legacy/plans/2026-07-03-m-prime-cycle-3-full-rerun/plan.runs/verifications/17.T17.15.md"
"17.T17.16","17","Collapse `classify_method` (270 LOC) + `METHOD_DISPATCH_PLAN` (940 LOC)","Idea/Bimba/Seeds/M/Legacy/plans/2026-07-03-m-prime-cycle-3-full-rerun/17-s-stack-modularisation.md","done","PASS","2026-07-13T15:32:12.015Z","W","","17.T17.15","Idea/Bimba/Seeds/M/Legacy/plans/2026-06-02-m-prime-cycle-3-design-reconciliation/17-s-stack-modularisation.md","Idea/Bimba/Seeds/M/Legacy/plans/2026-07-03-m-prime-cycle-3-full-rerun/plan.runs/verifications/17.T17.16.md"
"17.T17.17","17","`coordinate_home: &'static str` → typed `CoordinateHome` enum","Idea/Bimba/Seeds/M/Legacy/plans/2026-07-03-m-prime-cycle-3-full-rerun/17-s-stack-modularisation.md","done","PASS","2026-07-14T07:40:57.323Z","W","","17.T17.16","Idea/Bimba/Seeds/M/Legacy/plans/2026-06-02-m-prime-cycle-3-design-reconciliation/17-s-stack-modularisation.md","Idea/Bimba/Seeds/M/Legacy/plans/2026-07-03-m-prime-cycle-3-full-rerun/plan.runs/verifications/17.T17.17.md"
"17.T17.18","17","Unify S1 rename-reconciliation","Idea/Bimba/Seeds/M/Legacy/plans/2026-07-03-m-prime-cycle-3-full-rerun/17-s-stack-modularisation.md","done","PASS","2026-07-15T10:13:01.465Z","W","","17.T17.17","Idea/Bimba/Seeds/M/Legacy/plans/2026-06-02-m-prime-cycle-3-design-reconciliation/17-s-stack-modularisation.md","Idea/Bimba/Seeds/M/Legacy/plans/2026-07-03-m-prime-cycle-3-full-rerun/plan.runs/verifications/17.T17.18.md"
"17.T17.19","17","Land S1 `WikilinkTarget::PathBlock` + `PathHeadingBlock` variants","Idea/Bimba/Seeds/M/Legacy/plans/2026-07-03-m-prime-cycle-3-full-rerun/17-s-stack-modularisation.md","done","PASS","2026-07-16T02:16:41.132Z","W","","17.T17.18","Idea/Bimba/Seeds/M/Legacy/plans/2026-06-02-m-prime-cycle-3-design-reconciliation/17-s-stack-modularisation.md","Idea/Bimba/Seeds/M/Legacy/plans/2026-07-03-m-prime-cycle-3-full-rerun/plan.runs/verifications/17.T17.19.md"
"17.T17.20","17","S1 coordinate-residency-on-move enforcement","Idea/Bimba/Seeds/M/Legacy/plans/2026-07-03-m-prime-cycle-3-full-rerun/17-s-stack-modularisation.md","done","PASS","2026-07-17T09:21:35.847Z","W","","17.T17.2","Idea/Bimba/Seeds/M/Legacy/plans/2026-06-02-m-prime-cycle-3-design-reconciliation/17-s-stack-modularisation.md","Idea/Bimba/Seeds/M/Legacy/plans/2026-07-03-m-prime-cycle-3-full-rerun/plan.runs/verifications/17.T17.20.md"
"17.T17.21","17","`Body/S/S0/luts/` subdir consolidation","Idea/Bimba/Seeds/M/Legacy/plans/2026-07-03-m-prime-cycle-3-full-rerun/17-s-stack-modularisation.md","done","PASS","2026-07-17T09:21:35.848Z","W","","17.T17.20","Body/S/S0/luts/** | Idea/Bimba/Seeds/M/Legacy/plans/2026-06-02-m-prime-cycle-3-design-reconciliation/17-s-stack-modularisation.md","Idea/Bimba/Seeds/M/Legacy/plans/2026-07-03-m-prime-cycle-3-full-rerun/plan.runs/verifications/17.T17.21.md"
"17.T17.22","17","Declare `Body/S/S1/hen-compiler/` compatibility-only via `STATUS.md`","Idea/Bimba/Seeds/M/Legacy/plans/2026-07-03-m-prime-cycle-3-full-rerun/17-s-stack-modularisation.md","done","PASS","2026-07-18T06:55:25.693Z","W","","17.T17.21","Body/S/S1/hen-compiler/** | Idea/Bimba/Seeds/M/Legacy/plans/2026-06-02-m-prime-cycle-3-design-reconciliation/17-s-stack-modularisation.md","Idea/Bimba/Seeds/M/Legacy/plans/2026-07-03-m-prime-cycle-3-full-rerun/plan.runs/verifications/17.T17.22.md"
"17.T17.23","17","Migrate/decommission `Body/S/S3/epi-app`","Idea/Bimba/Seeds/M/Legacy/plans/2026-07-03-m-prime-cycle-3-full-rerun/17-s-stack-modularisation.md","done","PASS","2026-07-18T06:55:25.693Z","W","","17.T17.22","Body/S/S3/epi-app | Idea/Bimba/Seeds/M/Legacy/plans/2026-06-02-m-prime-cycle-3-design-reconciliation/17-s-stack-modularisation.md","Idea/Bimba/Seeds/M/Legacy/plans/2026-07-03-m-prime-cycle-3-full-rerun/plan.runs/verifications/17.T17.23.md"
"17.T17.24","17","Pi-agent symlink fragility","Idea/Bimba/Seeds/M/Legacy/plans/2026-07-03-m-prime-cycle-3-full-rerun/17-s-stack-modularisation.md","done","PASS","2026-07-18T06:55:25.693Z","W","","17.T17.23","Idea/Bimba/Seeds/M/Legacy/plans/2026-06-02-m-prime-cycle-3-design-reconciliation/17-s-stack-modularisation.md","Idea/Bimba/Seeds/M/Legacy/plans/2026-07-03-m-prime-cycle-3-full-rerun/plan.runs/verifications/17.T17.24.md"
"17.T17.25","17","Capability matrix schema co-location","Idea/Bimba/Seeds/M/Legacy/plans/2026-07-03-m-prime-cycle-3-full-rerun/17-s-stack-modularisation.md","done","PASS","2026-07-18T06:55:25.693Z","W","","17.T17.24","Idea/Bimba/Seeds/M/Legacy/plans/2026-06-02-m-prime-cycle-3-design-reconciliation/17-s-stack-modularisation.md","Idea/Bimba/Seeds/M/Legacy/plans/2026-07-03-m-prime-cycle-3-full-rerun/plan.runs/verifications/17.T17.25.md"
"17.T17.26","17","Graphiti native-library landing + sidecar deprecation","Idea/Bimba/Seeds/M/Legacy/plans/2026-07-03-m-prime-cycle-3-full-rerun/17-s-stack-modularisation.md","done","PASS","2026-07-18T06:55:25.693Z","W","","17.T17.25","Idea/Bimba/Seeds/M/Legacy/plans/2026-06-02-m-prime-cycle-3-design-reconciliation/17-s-stack-modularisation.md","Idea/Bimba/Seeds/M/Legacy/plans/2026-07-03-m-prime-cycle-3-full-rerun/plan.runs/verifications/17.T17.26.md"
"17.T17.27","17","`epi-kernel-contract` parent-role wording patch","Idea/Bimba/Seeds/M/Legacy/plans/2026-07-03-m-prime-cycle-3-full-rerun/17-s-stack-modularisation.md","done","PASS","2026-07-18T06:55:25.693Z","W","","17.T17.26","Idea/Bimba/Seeds/M/Legacy/plans/2026-06-02-m-prime-cycle-3-design-reconciliation/17-s-stack-modularisation.md","Idea/Bimba/Seeds/M/Legacy/plans/2026-07-03-m-prime-cycle-3-full-rerun/plan.runs/verifications/17.T17.27.md"
"17.T17.28","17","`bimba-mcp` parity over `epi canon coord` depth ladder","Idea/Bimba/Seeds/M/Legacy/plans/2026-07-03-m-prime-cycle-3-full-rerun/17-s-stack-modularisation.md","done","PASS","2026-07-18T06:55:25.693Z","W","","17.T17.27","Idea/Bimba/Seeds/M/Legacy/plans/2026-06-02-m-prime-cycle-3-design-reconciliation/17-s-stack-modularisation.md","Idea/Bimba/Seeds/M/Legacy/plans/2026-07-03-m-prime-cycle-3-full-rerun/plan.runs/verifications/17.T17.28.md"
"18.T18.1","18","Typed JSON shape extraction","Idea/Bimba/Seeds/M/Legacy/plans/2026-07-03-m-prime-cycle-3-full-rerun/18-typed-kernel-bridge-json-edge.md","done","PASS","2026-07-10T13:18:39.414Z","W","","00.T3","Idea/Bimba/Seeds/M/Legacy/plans/2026-06-02-m-prime-cycle-3-design-reconciliation/18-typed-kernel-bridge-json-edge.md","Idea/Bimba/Seeds/M/Legacy/plans/2026-07-03-m-prime-cycle-3-full-rerun/plan.runs/verifications/18.T18.1.md"
"18.T18.2","18","Land `klein_flip` and `KleinFlipEvent` together","Idea/Bimba/Seeds/M/Legacy/plans/2026-07-03-m-prime-cycle-3-full-rerun/18-typed-kernel-bridge-json-edge.md","done","PASS","2026-07-10T13:22:40.637Z","W","","18.T18.11","Idea/Bimba/Seeds/M/Legacy/plans/2026-06-02-m-prime-cycle-3-design-reconciliation/18-typed-kernel-bridge-json-edge.md","Idea/Bimba/Seeds/M/Legacy/plans/2026-07-03-m-prime-cycle-3-full-rerun/plan.runs/verifications/18.T18.2.md"
"18.T18.3","18","Land `ananda_vortex: AnandaVortexProjection`","Idea/Bimba/Seeds/M/Legacy/plans/2026-07-03-m-prime-cycle-3-full-rerun/18-typed-kernel-bridge-json-edge.md","done","PASS","2026-07-10T13:22:40.638Z","W","","18.T18.2","Idea/Bimba/Seeds/M/Legacy/plans/2026-06-02-m-prime-cycle-3-design-reconciliation/18-typed-kernel-bridge-json-edge.md","Idea/Bimba/Seeds/M/Legacy/plans/2026-07-03-m-prime-cycle-3-full-rerun/plan.runs/verifications/18.T18.3.md"
"18.T18.4","18","Per-domain typed projections (M0-M5)","Idea/Bimba/Seeds/M/Legacy/plans/2026-07-03-m-prime-cycle-3-full-rerun/18-typed-kernel-bridge-json-edge.md","done","PASS","2026-07-10T13:24:03.971Z","W","","18.T18.3","Idea/Bimba/Seeds/M/Legacy/plans/2026-06-02-m-prime-cycle-3-design-reconciliation/18-typed-kernel-bridge-json-edge.md","Idea/Bimba/Seeds/M/Legacy/plans/2026-07-03-m-prime-cycle-3-full-rerun/plan.runs/verifications/18.T18.4.md"
"18.T18.5","18","Composition projections","Idea/Bimba/Seeds/M/Legacy/plans/2026-07-03-m-prime-cycle-3-full-rerun/18-typed-kernel-bridge-json-edge.md","done","PASS","2026-07-10T13:24:03.972Z","W","","18.T18.4","Idea/Bimba/Seeds/M/Legacy/plans/2026-06-02-m-prime-cycle-3-design-reconciliation/18-typed-kernel-bridge-json-edge.md","Idea/Bimba/Seeds/M/Legacy/plans/2026-07-03-m-prime-cycle-3-full-rerun/plan.runs/verifications/18.T18.5.md"
"18.T18.6","18","Audit `s2_anchor` / `s3_anchor` placeholders","Idea/Bimba/Seeds/M/Legacy/plans/2026-07-03-m-prime-cycle-3-full-rerun/18-typed-kernel-bridge-json-edge.md","done","PASS","2026-07-10T13:24:03.972Z","W","","18.T18.5","Idea/Bimba/Seeds/M/Legacy/plans/2026-06-02-m-prime-cycle-3-design-reconciliation/18-typed-kernel-bridge-json-edge.md","Idea/Bimba/Seeds/M/Legacy/plans/2026-07-03-m-prime-cycle-3-full-rerun/plan.runs/verifications/18.T18.6.md"
"18.T18.7","18","Land `bedrock_link: BedrockProvenanceHandle`","Idea/Bimba/Seeds/M/Legacy/plans/2026-07-03-m-prime-cycle-3-full-rerun/18-typed-kernel-bridge-json-edge.md","done","PASS","2026-07-10T13:24:03.972Z","W","","18.T18.6","Idea/Bimba/Seeds/M/Legacy/plans/2026-06-02-m-prime-cycle-3-design-reconciliation/18-typed-kernel-bridge-json-edge.md","Idea/Bimba/Seeds/M/Legacy/plans/2026-07-03-m-prime-cycle-3-full-rerun/plan.runs/verifications/18.T18.7.md"
"18.T18.8","18","Typed `deposition_anchor` field","Idea/Bimba/Seeds/M/Legacy/plans/2026-07-03-m-prime-cycle-3-full-rerun/18-typed-kernel-bridge-json-edge.md","done","PASS","2026-07-10T13:24:03.972Z","W","","18.T18.7","Idea/Bimba/Seeds/M/Legacy/plans/2026-06-02-m-prime-cycle-3-design-reconciliation/18-typed-kernel-bridge-json-edge.md","Idea/Bimba/Seeds/M/Legacy/plans/2026-07-03-m-prime-cycle-3-full-rerun/plan.runs/verifications/18.T18.8.md"
"18.T18.9","18","Land `graph_handle: GraphAnchorProjection`","Idea/Bimba/Seeds/M/Legacy/plans/2026-07-03-m-prime-cycle-3-full-rerun/18-typed-kernel-bridge-json-edge.md","done","PASS","2026-07-10T13:24:03.972Z","W","","18.T18.8","Idea/Bimba/Seeds/M/Legacy/plans/2026-06-02-m-prime-cycle-3-design-reconciliation/18-typed-kernel-bridge-json-edge.md","Idea/Bimba/Seeds/M/Legacy/plans/2026-07-03-m-prime-cycle-3-full-rerun/plan.runs/verifications/18.T18.9.md"
"18.T18.10","18","Land typed PASU / BeingPattern live-state JSON edge","Idea/Bimba/Seeds/M/Legacy/plans/2026-07-03-m-prime-cycle-3-full-rerun/18-typed-kernel-bridge-json-edge.md","done","PASS","2026-07-10T13:20:35.779Z","W","","18.T18.1","Idea/Bimba/Seeds/M/Legacy/plans/2026-06-02-m-prime-cycle-3-design-reconciliation/18-typed-kernel-bridge-json-edge.md","Idea/Bimba/Seeds/M/Legacy/plans/2026-07-03-m-prime-cycle-3-full-rerun/plan.runs/verifications/18.T18.10.md"
"18.T18.11","18","Land typed Anuttara witness JSON edge","Idea/Bimba/Seeds/M/Legacy/plans/2026-07-03-m-prime-cycle-3-full-rerun/18-typed-kernel-bridge-json-edge.md","done","PASS","2026-07-10T13:21:29.554Z","W","","18.T18.10","Idea/Bimba/Seeds/M/Legacy/plans/2026-06-02-m-prime-cycle-3-design-reconciliation/18-typed-kernel-bridge-json-edge.md","Idea/Bimba/Seeds/M/Legacy/plans/2026-07-03-m-prime-cycle-3-full-rerun/plan.runs/verifications/18.T18.11.md"
"19.T19.1","19","Land M0 ARCHETYPE_LUT ordering fix","Idea/Bimba/Seeds/M/Legacy/plans/2026-07-03-m-prime-cycle-3-full-rerun/19-contemplation-surface-integration.md","done","PASS","2026-07-07T01:25:01.026Z","UF","","00.T3","Idea/Bimba/Seeds/M/Legacy/plans/2026-06-02-m-prime-cycle-3-design-reconciliation/19-contemplation-surface-integration.md","Idea/Bimba/Seeds/M/Legacy/plans/2026-07-03-m-prime-cycle-3-full-rerun/plan.runs/verifications/19.T19.1.md"
"19.T19.2","19","Define `M5_ContemplationObject` struct","Idea/Bimba/Seeds/M/Legacy/plans/2026-07-03-m-prime-cycle-3-full-rerun/19-contemplation-surface-integration.md","done","REFUSED","2026-08-02T10:04:44.092Z","UF","","19.T19.12","Idea/Bimba/Seeds/M/Legacy/plans/2026-06-02-m-prime-cycle-3-design-reconciliation/19-contemplation-surface-integration.md","Idea/Bimba/Seeds/M/Legacy/plans/2026-07-03-m-prime-cycle-3-full-rerun/plan.runs/verifications/19.T19.2.md"
"19.T19.3","19","Add `CONTEMPLATION_PROMPT_LUT[12]` to m0.c","Idea/Bimba/Seeds/M/Legacy/plans/2026-07-03-m-prime-cycle-3-full-rerun/19-contemplation-surface-integration.md","done","PASS","2026-07-17T09:21:35.848Z","UF","","19.T19.2","Idea/Bimba/Seeds/M/Legacy/plans/2026-06-02-m-prime-cycle-3-design-reconciliation/19-contemplation-surface-integration.md","Idea/Bimba/Seeds/M/Legacy/plans/2026-07-03-m-prime-cycle-3-full-rerun/plan.runs/verifications/19.T19.3.md"
"19.T19.4","19","Wire `m4_session_open` to draw tarot psyche-anchor","Idea/Bimba/Seeds/M/Legacy/plans/2026-07-03-m-prime-cycle-3-full-rerun/19-contemplation-surface-integration.md","done","PASS","2026-07-18T09:17:29.176Z","UF","","19.T19.3","Idea/Bimba/Seeds/M/Legacy/plans/2026-06-02-m-prime-cycle-3-design-reconciliation/19-contemplation-surface-integration.md","Idea/Bimba/Seeds/M/Legacy/plans/2026-07-03-m-prime-cycle-3-full-rerun/plan.runs/verifications/19.T19.4.md"
"19.T19.5","19","Expose `m3_major_arcana_from_codon` utility","Idea/Bimba/Seeds/M/Legacy/plans/2026-07-03-m-prime-cycle-3-full-rerun/19-contemplation-surface-integration.md","done","PASS","2026-07-18T09:17:29.177Z","UF","","19.T19.4","Idea/Bimba/Seeds/M/Legacy/plans/2026-06-02-m-prime-cycle-3-design-reconciliation/19-contemplation-surface-integration.md","Idea/Bimba/Seeds/M/Legacy/plans/2026-07-03-m-prime-cycle-3-full-rerun/plan.runs/verifications/19.T19.5.md"
"19.T19.6","19","Add headless contemplation surface in gateway (canonical 4'-5'-0' = LLM/EBM/Verifier triplet)","Idea/Bimba/Seeds/M/Legacy/plans/2026-07-03-m-prime-cycle-3-full-rerun/19-contemplation-surface-integration.md","done","PASS","2026-07-18T09:17:29.177Z","UF","","19.T19.5","Idea/Bimba/Seeds/M/Legacy/plans/2026-06-02-m-prime-cycle-3-design-reconciliation/19-contemplation-surface-integration.md","Idea/Bimba/Seeds/M/Legacy/plans/2026-07-03-m-prime-cycle-3-full-rerun/plan.runs/verifications/19.T19.6.md"
"19.T19.7","19","Wire the close path through agentic intelligence","Idea/Bimba/Seeds/M/Legacy/plans/2026-07-03-m-prime-cycle-3-full-rerun/19-contemplation-surface-integration.md","done","PASS","2026-07-18T09:17:29.177Z","UF","","19.T19.6","Idea/Bimba/Seeds/M/Legacy/plans/2026-06-02-m-prime-cycle-3-design-reconciliation/19-contemplation-surface-integration.md","Idea/Bimba/Seeds/M/Legacy/plans/2026-07-03-m-prime-cycle-3-full-rerun/plan.runs/verifications/19.T19.7.md"
"19.T19.8","19","Kaprekar 6174 pedagogical landings (LEAN)","Idea/Bimba/Seeds/M/Legacy/plans/2026-07-03-m-prime-cycle-3-full-rerun/19-contemplation-surface-integration.md","done","PASS","2026-07-18T09:17:29.177Z","UF","","19.T19.7","Idea/Bimba/Seeds/M/Legacy/plans/2026-06-02-m-prime-cycle-3-design-reconciliation/19-contemplation-surface-integration.md","Idea/Bimba/Seeds/M/Legacy/plans/2026-07-03-m-prime-cycle-3-full-rerun/plan.runs/verifications/19.T19.8.md"
"19.T19.9","19","Document 3-5-7-9 syntax-layer reading + 7-8-9 spine in INTEGRATED-4-5-0","Idea/Bimba/Seeds/M/Legacy/plans/2026-07-03-m-prime-cycle-3-full-rerun/19-contemplation-surface-integration.md","done","PASS","2026-07-18T09:17:29.177Z","UF","","19.T19.8","Idea/Bimba/Seeds/M/Legacy/plans/2026-06-02-m-prime-cycle-3-design-reconciliation/19-contemplation-surface-integration.md","Idea/Bimba/Seeds/M/Legacy/plans/2026-07-03-m-prime-cycle-3-full-rerun/plan.runs/verifications/19.T19.9.md"
"19.T19.10","19","Three minimal M0/M2 parity LUT lifts","Idea/Bimba/Seeds/M/Legacy/plans/2026-07-03-m-prime-cycle-3-full-rerun/19-contemplation-surface-integration.md","done","PASS","2026-07-10T21:10:41.312Z","UF","","19.T19.1","Idea/Bimba/Seeds/M/Legacy/plans/2026-06-02-m-prime-cycle-3-design-reconciliation/19-contemplation-surface-integration.md","Idea/Bimba/Seeds/M/Legacy/plans/2026-07-03-m-prime-cycle-3-full-rerun/plan.runs/verifications/19.T19.10.md"
"19.T19.11","19","Temporal control plane: Khora flow-watcher + Chronos response-orbit + chronos_reentry","Idea/Bimba/Seeds/M/Legacy/plans/2026-07-03-m-prime-cycle-3-full-rerun/19-contemplation-surface-integration.md","done","PASS","2026-07-15T10:17:23.258Z","UF","","19.T19.10","Idea/Bimba/Seeds/M/Legacy/plans/2026-06-02-m-prime-cycle-3-design-reconciliation/19-contemplation-surface-integration.md","Idea/Bimba/Seeds/M/Legacy/plans/2026-07-03-m-prime-cycle-3-full-rerun/plan.runs/verifications/19.T19.11.md"
"19.T19.12","19","Close Open Follow-Up: `M4_Temporal_Now.planet_degrees[10]` populator via Mercurius","Idea/Bimba/Seeds/M/Legacy/plans/2026-07-03-m-prime-cycle-3-full-rerun/19-contemplation-surface-integration.md","done","PASS","2026-07-16T20:57:31.838Z","UF","","19.T19.11","Idea/Bimba/Seeds/M/Legacy/plans/2026-06-02-m-prime-cycle-3-design-reconciliation/19-contemplation-surface-integration.md","Idea/Bimba/Seeds/M/Legacy/plans/2026-07-03-m-prime-cycle-3-full-rerun/plan.runs/verifications/19.T19.12.md"
"20.T0","20","Absorb and retarget: 20-wave-c-frontend-deep-overview.md (law-only source)","Idea/Bimba/Seeds/M/Legacy/plans/2026-07-03-m-prime-cycle-3-full-rerun/20-wave-c-frontend-deep-overview.md","done","PASS","2026-07-10T22:18:58.538Z","UF","","00.T3","Idea/Bimba/Seeds/M/Legacy/plans/2026-06-02-m-prime-cycle-3-design-reconciliation/20-wave-c-frontend-deep-overview.md | Idea/Bimba/Seeds/M/plans/2026-07-03-cycle-3-recapture-register.md:121-122","Idea/Bimba/Seeds/M/Legacy/plans/2026-07-03-m-prime-cycle-3-full-rerun/plan.runs/verifications/20.T0.md"
"20.T20.1","20","Land the 36 DR-WC-* decisions into the Track-13 register","Idea/Bimba/Seeds/M/Legacy/plans/2026-07-03-m-prime-cycle-3-full-rerun/20-wave-c-frontend-deep-overview.md","done","PASS","2026-07-14T10:33:50.550Z","UF","","00.T3 | 20.T0","","Idea/Bimba/Seeds/M/Legacy/plans/2026-07-03-m-prime-cycle-3-full-rerun/plan.runs/verifications/20.T20.1.md"
"20.T20.2","20","Wave-C cross-cutting design-system manifest (the Track-D source) on the carrier","Idea/Bimba/Seeds/M/Legacy/plans/2026-07-03-m-prime-cycle-3-full-rerun/20-wave-c-frontend-deep-overview.md","done","PASS","2026-07-15T10:17:23.259Z","UF","","00.T3 | 20.T20.1","Body/M/pratibimba-app/src | Idea/Bimba/Seeds/M/plans/2026-07-03-cycle-3-recapture-register.md:113,122","Idea/Bimba/Seeds/M/Legacy/plans/2026-07-03-m-prime-cycle-3-full-rerun/plan.runs/verifications/20.T20.2.md"
"20.T20.3","20","Wave-C completion-criteria + route-ability audit (Track-14 wave-C extension)","Idea/Bimba/Seeds/M/Legacy/plans/2026-07-03-m-prime-cycle-3-full-rerun/20-wave-c-frontend-deep-overview.md","done","REFUSED","2026-08-02T10:04:44.093Z","UF","","20.T20.2","","Idea/Bimba/Seeds/M/Legacy/plans/2026-07-03-m-prime-cycle-3-full-rerun/plan.runs/verifications/20.T20.3.md"
"21.T21.1","21","Layer Selector tab-strip (the six-mode navigation grammar)","Idea/Bimba/Seeds/M/Legacy/plans/2026-07-03-m-prime-cycle-3-full-rerun/21-m0-anuttara-frontend-deep.md","done","PASS","2026-07-11T18:24:20.048Z","UF","","00.T3","Idea/Bimba/Seeds/M/Legacy/plans/2026-06-02-m-prime-cycle-3-design-reconciliation/21-m0-anuttara-frontend-deep.md","Idea/Bimba/Seeds/M/Legacy/plans/2026-07-03-m-prime-cycle-3-full-rerun/plan.runs/verifications/21.T21.1.md"
"21.T21.2","21","Language-Layer Reader panel (M0-0')","Idea/Bimba/Seeds/M/Legacy/plans/2026-07-03-m-prime-cycle-3-full-rerun/21-m0-anuttara-frontend-deep.md","done","PASS","2026-07-18T09:17:29.177Z","UF","","21.T21.19","Idea/Bimba/Seeds/M/Legacy/plans/2026-06-02-m-prime-cycle-3-design-reconciliation/21-m0-anuttara-frontend-deep.md","Idea/Bimba/Seeds/M/Legacy/plans/2026-07-03-m-prime-cycle-3-full-rerun/plan.runs/verifications/21.T21.2.md"
"21.T21.3","21","QL-Structure Layer Reader panel (M0-1')","Idea/Bimba/Seeds/M/Legacy/plans/2026-07-03-m-prime-cycle-3-full-rerun/21-m0-anuttara-frontend-deep.md","done","PASS","2026-07-18T09:17:29.178Z","UF","","21.T21.20","Idea/Bimba/Seeds/M/Legacy/plans/2026-06-02-m-prime-cycle-3-design-reconciliation/21-m0-anuttara-frontend-deep.md","Idea/Bimba/Seeds/M/Legacy/plans/2026-07-03-m-prime-cycle-3-full-rerun/plan.runs/verifications/21.T21.3.md"
"21.T21.4","21","Relations Layer Reader panel (M0-2')","Idea/Bimba/Seeds/M/Legacy/plans/2026-07-03-m-prime-cycle-3-full-rerun/21-m0-anuttara-frontend-deep.md","done","PASS","2026-07-18T09:17:29.179Z","UF","","21.T21.3","Idea/Bimba/Seeds/M/Legacy/plans/2026-06-02-m-prime-cycle-3-design-reconciliation/21-m0-anuttara-frontend-deep.md","Idea/Bimba/Seeds/M/Legacy/plans/2026-07-03-m-prime-cycle-3-full-rerun/plan.runs/verifications/21.T21.4.md"
"21.T21.5","21","Community + Clock Overlay panel stub (M0-3')","Idea/Bimba/Seeds/M/Legacy/plans/2026-07-03-m-prime-cycle-3-full-rerun/21-m0-anuttara-frontend-deep.md","done","PASS","2026-07-18T09:17:29.179Z","UF","","21.T21.4","Idea/Bimba/Seeds/M/Legacy/plans/2026-06-02-m-prime-cycle-3-design-reconciliation/21-m0-anuttara-frontend-deep.md","Idea/Bimba/Seeds/M/Legacy/plans/2026-07-03-m-prime-cycle-3-full-rerun/plan.runs/verifications/21.T21.5.md"
"21.T21.6","21","Bridged-Layer Launcher (M0-4' / M0-5' deep-link buttons)","Idea/Bimba/Seeds/M/Legacy/plans/2026-07-03-m-prime-cycle-3-full-rerun/21-m0-anuttara-frontend-deep.md","done","PASS","2026-07-18T09:17:29.179Z","UF","","21.T21.5","Idea/Bimba/Seeds/M/Legacy/plans/2026-06-02-m-prime-cycle-3-design-reconciliation/21-m0-anuttara-frontend-deep.md","Idea/Bimba/Seeds/M/Legacy/plans/2026-07-03-m-prime-cycle-3-full-rerun/plan.runs/verifications/21.T21.6.md"
"21.T21.7","21","Implicate / Explicate toggle","Idea/Bimba/Seeds/M/Legacy/plans/2026-07-03-m-prime-cycle-3-full-rerun/21-m0-anuttara-frontend-deep.md","done","PASS","2026-07-18T09:17:29.179Z","UF","","21.T21.6","Idea/Bimba/Seeds/M/Legacy/plans/2026-06-02-m-prime-cycle-3-design-reconciliation/21-m0-anuttara-frontend-deep.md","Idea/Bimba/Seeds/M/Legacy/plans/2026-07-03-m-prime-cycle-3-full-rerun/plan.runs/verifications/21.T21.7.md"
"21.T21.8","21","Archetype Routing Reader panel","Idea/Bimba/Seeds/M/Legacy/plans/2026-07-03-m-prime-cycle-3-full-rerun/21-m0-anuttara-frontend-deep.md","done","PASS","2026-07-18T09:17:29.179Z","UF","","21.T21.7","Idea/Bimba/Seeds/M/Legacy/plans/2026-06-02-m-prime-cycle-3-design-reconciliation/21-m0-anuttara-frontend-deep.md","Idea/Bimba/Seeds/M/Legacy/plans/2026-07-03-m-prime-cycle-3-full-rerun/plan.runs/verifications/21.T21.8.md"
"21.T21.9","21","Contemplation Prompt footer","Idea/Bimba/Seeds/M/Legacy/plans/2026-07-03-m-prime-cycle-3-full-rerun/21-m0-anuttara-frontend-deep.md","done","PASS","2026-07-19T08:30:58.829Z","UF","","21.T21.8","Idea/Bimba/Seeds/M/Legacy/plans/2026-06-02-m-prime-cycle-3-design-reconciliation/21-m0-anuttara-frontend-deep.md","Idea/Bimba/Seeds/M/Legacy/plans/2026-07-03-m-prime-cycle-3-full-rerun/plan.runs/verifications/21.T21.9.md"
"21.T21.10","21","Virtue Witness panel (the 9-bit witness vector)","Idea/Bimba/Seeds/M/Legacy/plans/2026-07-03-m-prime-cycle-3-full-rerun/21-m0-anuttara-frontend-deep.md","done","PASS","2026-07-15T10:17:23.258Z","UF","","21.T21.1","Idea/Bimba/Seeds/M/Legacy/plans/2026-06-02-m-prime-cycle-3-design-reconciliation/21-m0-anuttara-frontend-deep.md","Idea/Bimba/Seeds/M/Legacy/plans/2026-07-03-m-prime-cycle-3-full-rerun/plan.runs/verifications/21.T21.10.md"
"21.T21.11","21","Symbolic-Coordinate Question Console","Idea/Bimba/Seeds/M/Legacy/plans/2026-07-03-m-prime-cycle-3-full-rerun/21-m0-anuttara-frontend-deep.md","done","PASS","2026-07-19T08:30:58.830Z","UF","","21.T21.10","Idea/Bimba/Seeds/M/Legacy/plans/2026-06-02-m-prime-cycle-3-design-reconciliation/21-m0-anuttara-frontend-deep.md","Idea/Bimba/Seeds/M/Legacy/plans/2026-07-03-m-prime-cycle-3-full-rerun/plan.runs/verifications/21.T21.11.md"
"21.T21.12","21","Reading / Authoring mode toggle","Idea/Bimba/Seeds/M/Legacy/plans/2026-07-03-m-prime-cycle-3-full-rerun/21-m0-anuttara-frontend-deep.md","done","PASS","2026-07-16T20:16:22.004Z","UF","","21.T21.11","Idea/Bimba/Seeds/M/Legacy/plans/2026-06-02-m-prime-cycle-3-design-reconciliation/21-m0-anuttara-frontend-deep.md","Idea/Bimba/Seeds/M/Legacy/plans/2026-07-03-m-prime-cycle-3-full-rerun/plan.runs/verifications/21.T21.12.md"
"21.T21.13","21","Syntax-Layer Reader sub-panels (Arch 3 speech / 5 relationship / 7 action / 9 completion)","Idea/Bimba/Seeds/M/Legacy/plans/2026-07-03-m-prime-cycle-3-full-rerun/21-m0-anuttara-frontend-deep.md","done","PASS","2026-07-19T18:04:07.270Z","UF","","21.T21.12","Idea/Bimba/Seeds/M/Legacy/plans/2026-06-02-m-prime-cycle-3-design-reconciliation/21-m0-anuttara-frontend-deep.md","Idea/Bimba/Seeds/M/Legacy/plans/2026-07-03-m-prime-cycle-3-full-rerun/plan.runs/verifications/21.T21.13.md"
"21.T21.14","21","Lazy 96-Node Browser panel","Idea/Bimba/Seeds/M/Legacy/plans/2026-07-03-m-prime-cycle-3-full-rerun/21-m0-anuttara-frontend-deep.md","done","PASS","2026-07-19T00:02:11.241Z","UF","","","Idea/Bimba/Seeds/M/Legacy/plans/2026-06-02-m-prime-cycle-3-design-reconciliation/21-m0-anuttara-frontend-deep.md","Idea/Bimba/Seeds/M/Legacy/plans/2026-07-03-m-prime-cycle-3-full-rerun/plan.runs/verifications/21.T21.14.md"
"21.T21.15","21","16-Fold Void-Structure ring renderer","Idea/Bimba/Seeds/M/Legacy/plans/2026-07-03-m-prime-cycle-3-full-rerun/21-m0-anuttara-frontend-deep.md","done","PASS","2026-07-19T00:09:45.429Z","UF","","21.T21.14","Idea/Bimba/Seeds/M/Legacy/plans/2026-06-02-m-prime-cycle-3-design-reconciliation/21-m0-anuttara-frontend-deep.md","Idea/Bimba/Seeds/M/Legacy/plans/2026-07-03-m-prime-cycle-3-full-rerun/plan.runs/verifications/21.T21.15.md"
"21.T21.16","21","M0/M2 Parity Bridge Reader","Idea/Bimba/Seeds/M/Legacy/plans/2026-07-03-m-prime-cycle-3-full-rerun/21-m0-anuttara-frontend-deep.md","done","REFUSED","2026-08-02T10:04:44.096Z","UF","","21.T21.15","Idea/Bimba/Seeds/M/Legacy/plans/2026-06-02-m-prime-cycle-3-design-reconciliation/21-m0-anuttara-frontend-deep.md","Idea/Bimba/Seeds/M/Legacy/plans/2026-07-03-m-prime-cycle-3-full-rerun/plan.runs/verifications/21.T21.16.md"
"21.T21.17","21","Layout-aware widget placement (compact card in `daily-0-1`, main editor in `ide-deep`)","Idea/Bimba/Seeds/M/Legacy/plans/2026-07-03-m-prime-cycle-3-full-rerun/21-m0-anuttara-frontend-deep.md","done","PASS","2026-07-18T09:17:29.177Z","UF","","21.T21.16","Idea/Bimba/Seeds/M/Legacy/plans/2026-06-02-m-prime-cycle-3-design-reconciliation/21-m0-anuttara-frontend-deep.md","Idea/Bimba/Seeds/M/Legacy/plans/2026-07-03-m-prime-cycle-3-full-rerun/plan.runs/verifications/21.T21.17.md"
"21.T21.18","21","Per-layer provenance pills + new `bridged_*` provenance states","Idea/Bimba/Seeds/M/Legacy/plans/2026-07-03-m-prime-cycle-3-full-rerun/21-m0-anuttara-frontend-deep.md","done","PASS","2026-07-18T09:17:29.177Z","UF","","21.T21.17","Idea/Bimba/Seeds/M/Legacy/plans/2026-06-02-m-prime-cycle-3-design-reconciliation/21-m0-anuttara-frontend-deep.md","Idea/Bimba/Seeds/M/Legacy/plans/2026-07-03-m-prime-cycle-3-full-rerun/plan.runs/verifications/21.T21.18.md"
"21.T21.19","21","Layer-aware cross-layout intent target","Idea/Bimba/Seeds/M/Legacy/plans/2026-07-03-m-prime-cycle-3-full-rerun/21-m0-anuttara-frontend-deep.md","done","PASS","2026-07-18T09:17:29.177Z","UF","","21.T21.18","Idea/Bimba/Seeds/M/Legacy/plans/2026-06-02-m-prime-cycle-3-design-reconciliation/21-m0-anuttara-frontend-deep.md","Idea/Bimba/Seeds/M/Legacy/plans/2026-07-03-m-prime-cycle-3-full-rerun/plan.runs/verifications/21.T21.19.md"
"21.T21.20","21","Active-layer state persistence across `daily-0-1` ↔ `ide-deep` toggle","Idea/Bimba/Seeds/M/Legacy/plans/2026-07-03-m-prime-cycle-3-full-rerun/21-m0-anuttara-frontend-deep.md","done","PASS","2026-07-18T09:17:29.178Z","UF","","21.T21.2","Idea/Bimba/Seeds/M/Legacy/plans/2026-06-02-m-prime-cycle-3-design-reconciliation/21-m0-anuttara-frontend-deep.md","Idea/Bimba/Seeds/M/Legacy/plans/2026-07-03-m-prime-cycle-3-full-rerun/plan.runs/verifications/21.T21.20.md"
"22.T22.1","22","Spanda walk navigator widget","Idea/Bimba/Seeds/M/Legacy/plans/2026-07-03-m-prime-cycle-3-full-rerun/22-m1-paramasiva-frontend-deep.md","done","PASS","2026-07-11T17:33:13.220Z","UF","","00.T3","Idea/Bimba/Seeds/M/Legacy/plans/2026-06-02-m-prime-cycle-3-design-reconciliation/22-m1-paramasiva-frontend-deep.md","Idea/Bimba/Seeds/M/Legacy/plans/2026-07-03-m-prime-cycle-3-full-rerun/plan.runs/verifications/22.T22.1.md"
"22.T22.2","22","`m1-paramasiva-played-torus` extension scaffold first-build","Idea/Bimba/Seeds/M/Legacy/plans/2026-07-03-m-prime-cycle-3-full-rerun/22-m1-paramasiva-frontend-deep.md","done","PASS","2026-07-18T09:17:29.179Z","UF","","22.T22.13","Idea/Bimba/Seeds/M/Legacy/plans/2026-06-02-m-prime-cycle-3-design-reconciliation/22-m1-paramasiva-frontend-deep.md","Idea/Bimba/Seeds/M/Legacy/plans/2026-07-03-m-prime-cycle-3-full-rerun/plan.runs/verifications/22.T22.2.md"
"22.T22.3","22","Cl(4,2) signature inspector view body","Idea/Bimba/Seeds/M/Legacy/plans/2026-07-03-m-prime-cycle-3-full-rerun/22-m1-paramasiva-frontend-deep.md","done","REFUSED","2026-08-02T10:04:44.096Z","UF","","22.T22.2","Idea/Bimba/Seeds/M/Legacy/plans/2026-06-02-m-prime-cycle-3-design-reconciliation/22-m1-paramasiva-frontend-deep.md","Idea/Bimba/Seeds/M/Legacy/plans/2026-07-03-m-prime-cycle-3-full-rerun/plan.runs/verifications/22.T22.3.md"
"22.T22.4","22","Klein-flip event-strip widget","Idea/Bimba/Seeds/M/Legacy/plans/2026-07-03-m-prime-cycle-3-full-rerun/22-m1-paramasiva-frontend-deep.md","done","REFUSED","2026-08-02T10:04:44.096Z","UF","","22.T22.3","Idea/Bimba/Seeds/M/Legacy/plans/2026-06-02-m-prime-cycle-3-design-reconciliation/22-m1-paramasiva-frontend-deep.md","Idea/Bimba/Seeds/M/Legacy/plans/2026-07-03-m-prime-cycle-3-full-rerun/plan.runs/verifications/22.T22.4.md"
"22.T22.5","22","7-8-9 spine reader at session close","Idea/Bimba/Seeds/M/Legacy/plans/2026-07-03-m-prime-cycle-3-full-rerun/22-m1-paramasiva-frontend-deep.md","done","PASS","2026-07-19T00:05:59.883Z","UF","","22.T22.4","Idea/Bimba/Seeds/M/Legacy/plans/2026-06-02-m-prime-cycle-3-design-reconciliation/22-m1-paramasiva-frontend-deep.md","Idea/Bimba/Seeds/M/Legacy/plans/2026-07-03-m-prime-cycle-3-full-rerun/plan.runs/verifications/22.T22.5.md"
"22.T22.6","22","Integrated M1→M2→M3 Third-Spanda runtime","Idea/Bimba/Seeds/M/Legacy/plans/2026-07-03-m-prime-cycle-3-full-rerun/22-m1-paramasiva-frontend-deep.md","done","PASS","2026-07-19T00:21:42.425Z","UF","","22.T22.5","Idea/Bimba/Seeds/M/Legacy/plans/2026-06-02-m-prime-cycle-3-design-reconciliation/22-m1-paramasiva-frontend-deep.md","Idea/Bimba/Seeds/M/Legacy/plans/2026-07-03-m-prime-cycle-3-full-rerun/plan.runs/verifications/22.T22.6.md"
"22.T22.7","22","Kaprekar 6174 inspector","Idea/Bimba/Seeds/M/Legacy/plans/2026-07-03-m-prime-cycle-3-full-rerun/22-m1-paramasiva-frontend-deep.md","done","PASS","2026-07-19T18:04:07.271Z","UF","","22.T22.6","Idea/Bimba/Seeds/M/Legacy/plans/2026-06-02-m-prime-cycle-3-design-reconciliation/22-m1-paramasiva-frontend-deep.md","Idea/Bimba/Seeds/M/Legacy/plans/2026-07-03-m-prime-cycle-3-full-rerun/plan.runs/verifications/22.T22.7.md"
"22.T22.8","22","Vortex matrices browser","Idea/Bimba/Seeds/M/Legacy/plans/2026-07-03-m-prime-cycle-3-full-rerun/22-m1-paramasiva-frontend-deep.md","done","PASS","2026-07-19T18:04:07.271Z","UF","","22.T22.7","Idea/Bimba/Seeds/M/Legacy/plans/2026-06-02-m-prime-cycle-3-design-reconciliation/22-m1-paramasiva-frontend-deep.md","Idea/Bimba/Seeds/M/Legacy/plans/2026-07-03-m-prime-cycle-3-full-rerun/plan.runs/verifications/22.T22.8.md"
"22.T22.9","22","Audio_octet / Nodal_quartet companion view body","Idea/Bimba/Seeds/M/Legacy/plans/2026-07-03-m-prime-cycle-3-full-rerun/22-m1-paramasiva-frontend-deep.md","done","PASS","2026-07-19T18:04:07.271Z","UF","","22.T22.8","Idea/Bimba/Seeds/M/Legacy/plans/2026-06-02-m-prime-cycle-3-design-reconciliation/22-m1-paramasiva-frontend-deep.md","Idea/Bimba/Seeds/M/Legacy/plans/2026-07-03-m-prime-cycle-3-full-rerun/plan.runs/verifications/22.T22.9.md"
"22.T22.10","22","Standalone vs composed dispatch contract","Idea/Bimba/Seeds/M/Legacy/plans/2026-07-03-m-prime-cycle-3-full-rerun/22-m1-paramasiva-frontend-deep.md","done","PASS","2026-07-12T02:02:27.223Z","UF","","22.T22.1","Idea/Bimba/Seeds/M/Legacy/plans/2026-06-02-m-prime-cycle-3-design-reconciliation/22-m1-paramasiva-frontend-deep.md","Idea/Bimba/Seeds/M/Legacy/plans/2026-07-03-m-prime-cycle-3-full-rerun/plan.runs/verifications/22.T22.10.md"
"22.T22.11","22","Coordinate Tree M1 contribution","Idea/Bimba/Seeds/M/Legacy/plans/2026-07-03-m-prime-cycle-3-full-rerun/22-m1-paramasiva-frontend-deep.md","done","PASS","2026-07-15T10:17:23.258Z","UF","","22.T22.10","Idea/Bimba/Seeds/M/Legacy/plans/2026-06-02-m-prime-cycle-3-design-reconciliation/22-m1-paramasiva-frontend-deep.md","Idea/Bimba/Seeds/M/Legacy/plans/2026-07-03-m-prime-cycle-3-full-rerun/plan.runs/verifications/22.T22.11.md"
"22.T22.12","22","Backend Studio M1 pack manifest","Idea/Bimba/Seeds/M/Legacy/plans/2026-07-03-m-prime-cycle-3-full-rerun/22-m1-paramasiva-frontend-deep.md","done","PASS","2026-07-19T18:04:07.271Z","UF","","22.T22.11","Idea/Bimba/Seeds/M/Legacy/plans/2026-06-02-m-prime-cycle-3-design-reconciliation/22-m1-paramasiva-frontend-deep.md","Idea/Bimba/Seeds/M/Legacy/plans/2026-07-03-m-prime-cycle-3-full-rerun/plan.runs/verifications/22.T22.12.md"
"22.T22.13","22","State persistence audit for M1' deep widgets","Idea/Bimba/Seeds/M/Legacy/plans/2026-07-03-m-prime-cycle-3-full-rerun/22-m1-paramasiva-frontend-deep.md","done","REFUSED","2026-08-02T10:04:44.096Z","UF","","22.T22.12","Idea/Bimba/Seeds/M/Legacy/plans/2026-06-02-m-prime-cycle-3-design-reconciliation/22-m1-paramasiva-frontend-deep.md","Idea/Bimba/Seeds/M/Legacy/plans/2026-07-03-m-prime-cycle-3-full-rerun/plan.runs/verifications/22.T22.13.md"
"23.T23.1","23","Per-view widget class registration (cymaticEngine + correspondenceTree)","Idea/Bimba/Seeds/M/Legacy/plans/2026-07-03-m-prime-cycle-3-full-rerun/23-m2-parashakti-frontend-deep.md","done","PASS","2026-07-11T18:44:52.681Z","UF","","00.T3","Idea/Bimba/Seeds/M/Legacy/plans/2026-06-02-m-prime-cycle-3-design-reconciliation/23-m2-parashakti-frontend-deep.md","Idea/Bimba/Seeds/M/Legacy/plans/2026-07-03-m-prime-cycle-3-full-rerun/plan.runs/verifications/23.T23.1.md"
"23.T23.2","23","Layer A: 72-cell MEF matrix grid scaffold (12×7 with 12×6 active overlay)","Idea/Bimba/Seeds/M/Legacy/plans/2026-07-03-m-prime-cycle-3-full-rerun/23-m2-parashakti-frontend-deep.md","done","PASS","2026-07-19T18:04:07.271Z","UF","","23.T23.19","Idea/Bimba/Seeds/M/Legacy/plans/2026-06-02-m-prime-cycle-3-design-reconciliation/23-m2-parashakti-frontend-deep.md","Idea/Bimba/Seeds/M/Legacy/plans/2026-07-03-m-prime-cycle-3-full-rerun/plan.runs/verifications/23.T23.2.md"
"23.T23.3","23","Layer B: six sacred-sonic cards + alchemical-tattvic surface","Idea/Bimba/Seeds/M/Legacy/plans/2026-07-03-m-prime-cycle-3-full-rerun/23-m2-parashakti-frontend-deep.md","done","PASS","2026-07-19T18:19:22.338Z","UF","","23.T23.20","Idea/Bimba/Seeds/M/Legacy/plans/2026-06-02-m-prime-cycle-3-design-reconciliation/23-m2-parashakti-frontend-deep.md","Idea/Bimba/Seeds/M/Legacy/plans/2026-07-03-m-prime-cycle-3-full-rerun/plan.runs/verifications/23.T23.3.md"
"23.T23.4","23","Layer C: CymaticChladniSurface (plate variant)","Idea/Bimba/Seeds/M/Legacy/plans/2026-07-03-m-prime-cycle-3-full-rerun/23-m2-parashakti-frontend-deep.md","done","PASS","2026-07-19T18:19:22.338Z","UF","","23.T23.3","Idea/Bimba/Seeds/M/Legacy/plans/2026-06-02-m-prime-cycle-3-design-reconciliation/23-m2-parashakti-frontend-deep.md","Idea/Bimba/Seeds/M/Legacy/plans/2026-07-03-m-prime-cycle-3-full-rerun/plan.runs/verifications/23.T23.4.md"
"23.T23.5","23","CorrespondenceTreeWidget: six-axis filter + two sonic-overlay tabs","Idea/Bimba/Seeds/M/Legacy/plans/2026-07-03-m-prime-cycle-3-full-rerun/23-m2-parashakti-frontend-deep.md","done","PASS","2026-07-19T18:19:22.338Z","UF","","23.T23.4","Idea/Bimba/Seeds/M/Legacy/plans/2026-06-02-m-prime-cycle-3-design-reconciliation/23-m2-parashakti-frontend-deep.md","Idea/Bimba/Seeds/M/Legacy/plans/2026-07-03-m-prime-cycle-3-full-rerun/plan.runs/verifications/23.T23.5.md"
"23.T23.6","23","Vibrational↔Psychoid view-switcher on planetary card","Idea/Bimba/Seeds/M/Legacy/plans/2026-07-03-m-prime-cycle-3-full-rerun/23-m2-parashakti-frontend-deep.md","done","PASS","2026-07-19T18:19:22.339Z","UF","","23.T23.5","Idea/Bimba/Seeds/M/Legacy/plans/2026-06-02-m-prime-cycle-3-design-reconciliation/23-m2-parashakti-frontend-deep.md","Idea/Bimba/Seeds/M/Legacy/plans/2026-07-03-m-prime-cycle-3-full-rerun/plan.runs/verifications/23.T23.6.md"
"23.T23.7","23","72-fold bridge inspector (hexagram → half-decan → decan → planet → chakra → body-zone)","Idea/Bimba/Seeds/M/Legacy/plans/2026-07-03-m-prime-cycle-3-full-rerun/23-m2-parashakti-frontend-deep.md","done","PASS","2026-07-19T18:19:22.339Z","UF","","23.T23.6","Idea/Bimba/Seeds/M/Legacy/plans/2026-06-02-m-prime-cycle-3-design-reconciliation/23-m2-parashakti-frontend-deep.md","Idea/Bimba/Seeds/M/Legacy/plans/2026-07-03-m-prime-cycle-3-full-rerun/plan.runs/verifications/23.T23.7.md"
"23.T23.8","23","9:8 Epogdoon proof overlay + 9-tick bloom","Idea/Bimba/Seeds/M/Legacy/plans/2026-07-03-m-prime-cycle-3-full-rerun/23-m2-parashakti-frontend-deep.md","done","PASS","2026-07-19T22:54:22.028Z","UF","","23.T23.7","Idea/Bimba/Seeds/M/Legacy/plans/2026-06-02-m-prime-cycle-3-design-reconciliation/23-m2-parashakti-frontend-deep.md","Idea/Bimba/Seeds/M/Legacy/plans/2026-07-03-m-prime-cycle-3-full-rerun/plan.runs/verifications/23.T23.8.md"
"23.T23.9","23","Cymatic spheres (chakras) variant — deferred named surface","Idea/Bimba/Seeds/M/Legacy/plans/2026-07-03-m-prime-cycle-3-full-rerun/23-m2-parashakti-frontend-deep.md","done","PASS","2026-07-19T23:00:50.893Z","UF","","23.T23.8","Idea/Bimba/Seeds/M/Legacy/plans/2026-06-02-m-prime-cycle-3-design-reconciliation/23-m2-parashakti-frontend-deep.md","Idea/Bimba/Seeds/M/Legacy/plans/2026-07-03-m-prime-cycle-3-full-rerun/plan.runs/verifications/23.T23.9.md"
"23.T23.10","23","Three outer-planet (Uranus/Neptune/Pluto) stubs with pending-dataset badge","Idea/Bimba/Seeds/M/Legacy/plans/2026-07-03-m-prime-cycle-3-full-rerun/23-m2-parashakti-frontend-deep.md","done","PASS","2026-07-15T10:17:23.258Z","UF","","23.T23.1","Idea/Bimba/Seeds/M/Legacy/plans/2026-06-02-m-prime-cycle-3-design-reconciliation/23-m2-parashakti-frontend-deep.md","Idea/Bimba/Seeds/M/Legacy/plans/2026-07-03-m-prime-cycle-3-full-rerun/plan.runs/verifications/23.T23.10.md"
"23.T23.11","23","Shadow-decan surface (108 = 36 × 3)","Idea/Bimba/Seeds/M/Legacy/plans/2026-07-03-m-prime-cycle-3-full-rerun/23-m2-parashakti-frontend-deep.md","done","PASS","2026-07-19T18:04:07.271Z","UF","","23.T23.10","Idea/Bimba/Seeds/M/Legacy/plans/2026-06-02-m-prime-cycle-3-design-reconciliation/23-m2-parashakti-frontend-deep.md","Idea/Bimba/Seeds/M/Legacy/plans/2026-07-03-m-prime-cycle-3-full-rerun/plan.runs/verifications/23.T23.11.md"
"23.T23.12","23","Composition mount-point: M2 cymatic on K² torus surface (per 15.4)","Idea/Bimba/Seeds/M/Legacy/plans/2026-07-03-m-prime-cycle-3-full-rerun/23-m2-parashakti-frontend-deep.md","done","REFUSED","2026-08-02T10:04:44.096Z","UF","","23.T23.11","Idea/Bimba/Seeds/M/Legacy/plans/2026-06-02-m-prime-cycle-3-design-reconciliation/23-m2-parashakti-frontend-deep.md","Idea/Bimba/Seeds/M/Legacy/plans/2026-07-03-m-prime-cycle-3-full-rerun/plan.runs/verifications/23.T23.12.md"
"23.T23.13","23","Audio-bus visual representation (NO sound output)","Idea/Bimba/Seeds/M/Legacy/plans/2026-07-03-m-prime-cycle-3-full-rerun/23-m2-parashakti-frontend-deep.md","done","PASS","2026-07-18T09:17:29.179Z","UF","","23.T23.12","Idea/Bimba/Seeds/M/Legacy/plans/2026-06-02-m-prime-cycle-3-design-reconciliation/23-m2-parashakti-frontend-deep.md","Idea/Bimba/Seeds/M/Legacy/plans/2026-07-03-m-prime-cycle-3-full-rerun/plan.runs/verifications/23.T23.13.md"
"23.T23.14","23","Per-card inline provenance + readiness taxonomy bindings","Idea/Bimba/Seeds/M/Legacy/plans/2026-07-03-m-prime-cycle-3-full-rerun/23-m2-parashakti-frontend-deep.md","done","REFUSED","2026-08-02T10:04:44.096Z","UF","","23.T23.13","Idea/Bimba/Seeds/M/Legacy/plans/2026-06-02-m-prime-cycle-3-design-reconciliation/23-m2-parashakti-frontend-deep.md","Idea/Bimba/Seeds/M/Legacy/plans/2026-07-03-m-prime-cycle-3-full-rerun/plan.runs/verifications/23.T23.14.md"
"23.T23.15","23","Bimba/Pratibimba state persistence M2-side","Idea/Bimba/Seeds/M/Legacy/plans/2026-07-03-m-prime-cycle-3-full-rerun/23-m2-parashakti-frontend-deep.md","done","REFUSED","2026-08-02T10:04:44.097Z","UF","","23.T23.14","Idea/Bimba/Seeds/M/Legacy/plans/2026-06-02-m-prime-cycle-3-design-reconciliation/23-m2-parashakti-frontend-deep.md","Idea/Bimba/Seeds/M/Legacy/plans/2026-07-03-m-prime-cycle-3-full-rerun/plan.runs/verifications/23.T23.15.md"
"23.T23.16","23","Cymatic transport: pause + scrub-to-tick (accessibility)","Idea/Bimba/Seeds/M/Legacy/plans/2026-07-03-m-prime-cycle-3-full-rerun/23-m2-parashakti-frontend-deep.md","done","PASS","2026-07-18T20:18:06.594Z","UF","","23.T23.15","Idea/Bimba/Seeds/M/Legacy/plans/2026-06-02-m-prime-cycle-3-design-reconciliation/23-m2-parashakti-frontend-deep.md","Idea/Bimba/Seeds/M/Legacy/plans/2026-07-03-m-prime-cycle-3-full-rerun/plan.runs/verifications/23.T23.16.md"
"23.T23.17","23","Cymatic-determinism test + visual-regression harness binding","Idea/Bimba/Seeds/M/Legacy/plans/2026-07-03-m-prime-cycle-3-full-rerun/23-m2-parashakti-frontend-deep.md","done","PASS","2026-07-18T20:18:06.594Z","UF","","23.T23.16","Idea/Bimba/Seeds/M/Legacy/plans/2026-06-02-m-prime-cycle-3-design-reconciliation/23-m2-parashakti-frontend-deep.md","Idea/Bimba/Seeds/M/Legacy/plans/2026-07-03-m-prime-cycle-3-full-rerun/plan.runs/verifications/23.T23.17.md"
"23.T23.18","23","72→64 epogdoon-bridge engine: M2 vibrational state read into M3 codon space","Idea/Bimba/Seeds/M/Legacy/plans/2026-07-03-m-prime-cycle-3-full-rerun/23-m2-parashakti-frontend-deep.md","done","PASS","2026-07-18T20:18:06.595Z","UF","","23.T23.17","Idea/Bimba/Seeds/M/Legacy/plans/2026-06-02-m-prime-cycle-3-design-reconciliation/23-m2-parashakti-frontend-deep.md","Idea/Bimba/Seeds/M/Legacy/plans/2026-07-03-m-prime-cycle-3-full-rerun/plan.runs/verifications/23.T23.18.md"
"23.T23.19","23","Planetary-orbiter elemental-weight feed → bioquaternion / PASU `elemental_weights`","Idea/Bimba/Seeds/M/Legacy/plans/2026-07-03-m-prime-cycle-3-full-rerun/23-m2-parashakti-frontend-deep.md","done","PASS","2026-07-18T20:18:06.595Z","UF","","23.T23.18","Idea/Bimba/Seeds/M/Legacy/plans/2026-06-02-m-prime-cycle-3-design-reconciliation/23-m2-parashakti-frontend-deep.md","Idea/Bimba/Seeds/M/Legacy/plans/2026-07-03-m-prime-cycle-3-full-rerun/plan.runs/verifications/23.T23.19.md"
"23.T23.20","23","Cymatic MonoPoly engine: Archetype-5 wave-behaviour states driven by the 72-fold resonance","Idea/Bimba/Seeds/M/Legacy/plans/2026-07-03-m-prime-cycle-3-full-rerun/23-m2-parashakti-frontend-deep.md","done","PASS","2026-07-19T18:04:07.271Z","UF","","23.T23.2","Idea/Bimba/Seeds/M/Legacy/plans/2026-06-02-m-prime-cycle-3-design-reconciliation/23-m2-parashakti-frontend-deep.md","Idea/Bimba/Seeds/M/Legacy/plans/2026-07-03-m-prime-cycle-3-full-rerun/plan.runs/verifications/23.T23.20.md"
"24.T24.1","24","`M3CosmicWheelRenderService`: the alive-and-tarot-like default surface *(doc-ahead-landing; first-build of named component, no new contract)","Idea/Bimba/Seeds/M/Legacy/plans/2026-07-03-m-prime-cycle-3-full-rerun/24-m3-mahamaya-frontend-deep.md","done","PASS","2026-07-10T22:12:44.459Z","UF","","00.T3","Idea/Bimba/Seeds/M/Legacy/plans/2026-06-02-m-prime-cycle-3-design-reconciliation/24-m3-mahamaya-frontend-deep.md","Idea/Bimba/Seeds/M/Legacy/plans/2026-07-03-m-prime-cycle-3-full-rerun/plan.runs/verifications/24.T24.1.md"
"24.T24.2","24","`CosmicClockRenderService`: 385-node cosmic clock + angular/hop edge overlay *(doc-ahead-landing; depends on 24.1 cell layout)","Idea/Bimba/Seeds/M/Legacy/plans/2026-07-03-m-prime-cycle-3-full-rerun/24-m3-mahamaya-frontend-deep.md","done","PASS","2026-07-19T21:36:20.588Z","UF","","24.T24.19","Idea/Bimba/Seeds/M/Legacy/plans/2026-06-02-m-prime-cycle-3-design-reconciliation/24-m3-mahamaya-frontend-deep.md","Idea/Bimba/Seeds/M/Legacy/plans/2026-07-03-m-prime-cycle-3-full-rerun/plan.runs/verifications/24.T24.2.md"
"24.T24.3","24","16-division lens switcher over the landed 16+1 carrier (`M3LensApertureSwitcher`) *(corrected 2026-07-15; no Frame/Operator rows; depends on Wave-B kernel-bridge field WC-M3-SA-1)","Idea/Bimba/Seeds/M/Legacy/plans/2026-07-03-m-prime-cycle-3-full-rerun/24-m3-mahamaya-frontend-deep.md","done","PASS","2026-07-21T13:53:13.863Z","UF","","24.T24.20","Idea/Bimba/Seeds/M/Legacy/plans/2026-06-02-m-prime-cycle-3-design-reconciliation/24-m3-mahamaya-frontend-deep.md","Idea/Bimba/Seeds/M/Legacy/plans/2026-07-03-m-prime-cycle-3-full-rerun/plan.runs/verifications/24.T24.3.md"
"24.T24.4","24","9-walk traversal navigator (`M3WalkNavigator`) *(spec-ahead-integration; depends on Wave-B kernel-bridge field WC-M3-SA-4)","Idea/Bimba/Seeds/M/Legacy/plans/2026-07-03-m-prime-cycle-3-full-rerun/24-m3-mahamaya-frontend-deep.md","done","PASS","2026-07-22T01:26:31.042Z","UF","","24.T24.3","Idea/Bimba/Seeds/M/Legacy/plans/2026-06-02-m-prime-cycle-3-design-reconciliation/24-m3-mahamaya-frontend-deep.md","Idea/Bimba/Seeds/M/Legacy/plans/2026-07-03-m-prime-cycle-3-full-rerun/plan.runs/verifications/24.T24.4.md"
"24.T24.5","24","64-codon hexagram browser with line-change projection (`M3HexagramBrowser`) *(doc-ahead-landing; landed substrate fully sufficient)","Idea/Bimba/Seeds/M/Legacy/plans/2026-07-03-m-prime-cycle-3-full-rerun/24-m3-mahamaya-frontend-deep.md","done","REFUSED","2026-08-02T10:04:44.097Z","UF","","24.T24.4","Idea/Bimba/Seeds/M/Legacy/plans/2026-06-02-m-prime-cycle-3-design-reconciliation/24-m3-mahamaya-frontend-deep.md","Idea/Bimba/Seeds/M/Legacy/plans/2026-07-03-m-prime-cycle-3-full-rerun/plan.runs/verifications/24.T24.5.md"
"24.T24.6","24","Tarot wheel (`M3TarotWheel`): 22 major arcana + 56 minor arcana *(doc-ahead-landing; depends on 19.5 substrate utility + Wave-B field WC-M3-SA-2)","Idea/Bimba/Seeds/M/Legacy/plans/2026-07-03-m-prime-cycle-3-full-rerun/24-m3-mahamaya-frontend-deep.md","done","PASS","2026-08-01T23:51:13.813Z","UF","","24.T24.5","Idea/Bimba/Seeds/M/Legacy/plans/2026-06-02-m-prime-cycle-3-design-reconciliation/24-m3-mahamaya-frontend-deep.md","Idea/Bimba/Seeds/M/Legacy/plans/2026-07-03-m-prime-cycle-3-full-rerun/plan.runs/verifications/24.T24.6.md"
"24.T24.7","24","Decan-tarot addressing chain breadcrumb (`M3DecanChainBreadcrumb`) + `TarotDecanService` *(doc-ahead-landing; depends on Wave-B `s2.codon.scalar_ref.read` returning chain elements)","Idea/Bimba/Seeds/M/Legacy/plans/2026-07-03-m-prime-cycle-3-full-rerun/24-m3-mahamaya-frontend-deep.md","done","REFUSED","2026-08-02T10:04:44.097Z","UF","","24.T24.6","Idea/Bimba/Seeds/M/Legacy/plans/2026-06-02-m-prime-cycle-3-design-reconciliation/24-m3-mahamaya-frontend-deep.md","Idea/Bimba/Seeds/M/Legacy/plans/2026-07-03-m-prime-cycle-3-full-rerun/plan.runs/verifications/24.T24.7.md"
"24.T24.8","24","Hexagram body dynamics viewer (`M3HexagramBodyDynamicsViewer`) + `HexagramBodyDynamicsService` *(doc-ahead-landing; depends on Wave-B `s2.codon.scalar_ref.read` returning `HexagramBodyEntry`)","Idea/Bimba/Seeds/M/Legacy/plans/2026-07-03-m-prime-cycle-3-full-rerun/24-m3-mahamaya-frontend-deep.md","done","PASS","2026-08-01T23:51:13.813Z","UF","","24.T24.7","Idea/Bimba/Seeds/M/Legacy/plans/2026-06-02-m-prime-cycle-3-design-reconciliation/24-m3-mahamaya-frontend-deep.md","Idea/Bimba/Seeds/M/Legacy/plans/2026-07-03-m-prime-cycle-3-full-rerun/plan.runs/verifications/24.T24.8.md"
"24.T24.9","24","TCT / Nine-of-Wands renderer-side surfacing rule + test fixture *(contradiction-downstream; closes DR-WC-M3-1; cross-link DR-M3-1)","Idea/Bimba/Seeds/M/Legacy/plans/2026-07-03-m-prime-cycle-3-full-rerun/24-m3-mahamaya-frontend-deep.md","done","PASS","2026-08-01T23:51:13.813Z","UF","","24.T24.8","Idea/Bimba/Seeds/M/Legacy/plans/2026-06-02-m-prime-cycle-3-design-reconciliation/24-m3-mahamaya-frontend-deep.md","Idea/Bimba/Seeds/M/Legacy/plans/2026-07-03-m-prime-cycle-3-full-rerun/plan.runs/verifications/24.T24.9.md"
"24.T24.10","24","`M1_LENS` vs `M3_LENS_STACK` namespace discipline *(contradiction-downstream; closes DR-WC-M3-2; cross-link DR-M3-3)","Idea/Bimba/Seeds/M/Legacy/plans/2026-07-03-m-prime-cycle-3-full-rerun/24-m3-mahamaya-frontend-deep.md","done","PASS","2026-07-14T13:08:23.092Z","UF","","24.T24.1","Idea/Bimba/Seeds/M/Legacy/plans/2026-06-02-m-prime-cycle-3-design-reconciliation/24-m3-mahamaya-frontend-deep.md","Idea/Bimba/Seeds/M/Legacy/plans/2026-07-03-m-prime-cycle-3-full-rerun/plan.runs/verifications/24.T24.10.md"
"24.T24.11","24","Quintessence / Akasha emergent balance indicator (`QuintessenceIndicator`) *(spec-ahead-integration; depends on Wave-B field WC-M3-SA-3 `mahamaya.chargeQuaternion`)","Idea/Bimba/Seeds/M/Legacy/plans/2026-07-03-m-prime-cycle-3-full-rerun/24-m3-mahamaya-frontend-deep.md","done","PASS","2026-07-15T10:17:23.258Z","UF","","24.T24.10","Idea/Bimba/Seeds/M/Legacy/plans/2026-06-02-m-prime-cycle-3-design-reconciliation/24-m3-mahamaya-frontend-deep.md","Idea/Bimba/Seeds/M/Legacy/plans/2026-07-03-m-prime-cycle-3-full-rerun/plan.runs/verifications/24.T24.11.md"
"24.T24.12","24","Third-Spanda matheme proof panel (`ThirdSpandaMathemeProofPanel`) *(doc-ahead-landing; closes DR-M3-6; cross-link Tranche 4.10 + 19.9 7-8-9 spine; depends on Wave-B field WC-M3-SA-5)","Idea/Bimba/Seeds/M/Legacy/plans/2026-07-03-m-prime-cycle-3-full-rerun/24-m3-mahamaya-frontend-deep.md","done","PASS","2026-07-16T20:57:31.838Z","UF","","24.T24.11","Idea/Bimba/Seeds/M/Legacy/plans/2026-06-02-m-prime-cycle-3-design-reconciliation/24-m3-mahamaya-frontend-deep.md","Idea/Bimba/Seeds/M/Legacy/plans/2026-07-03-m-prime-cycle-3-full-rerun/plan.runs/verifications/24.T24.12.md"
"24.T24.13","24","`M3CodonRotationProjectionForLensRing`: named reads-only export for cosmic-1-2-3 composition *(spec-ahead-integration; cross-link Tranche 15.4 + 11.2)","Idea/Bimba/Seeds/M/Legacy/plans/2026-07-03-m-prime-cycle-3-full-rerun/24-m3-mahamaya-frontend-deep.md","done","REFUSED","2026-08-02T10:04:44.097Z","UF","","24.T24.12","Idea/Bimba/Seeds/M/Legacy/plans/2026-06-02-m-prime-cycle-3-design-reconciliation/24-m3-mahamaya-frontend-deep.md","Idea/Bimba/Seeds/M/Legacy/plans/2026-07-03-m-prime-cycle-3-full-rerun/plan.runs/verifications/24.T24.13.md"
"24.T24.14","24","3-coin I-Ching cast ribbon (`M3IChingCastRibbon`) *(doc-ahead-landing; depends on Wave-B method-family addition WC-M3-SA-6)","Idea/Bimba/Seeds/M/Legacy/plans/2026-07-03-m-prime-cycle-3-full-rerun/24-m3-mahamaya-frontend-deep.md","done","PASS","2026-07-19T17:14:12.856Z","UF","","24.T24.13","Idea/Bimba/Seeds/M/Legacy/plans/2026-06-02-m-prime-cycle-3-design-reconciliation/24-m3-mahamaya-frontend-deep.md","Idea/Bimba/Seeds/M/Legacy/plans/2026-07-03-m-prime-cycle-3-full-rerun/plan.runs/verifications/24.T24.14.md"
"24.T24.15","24","Profile-tick discipline + inline-provenance audit across 24.x *(doc-ahead-landing; consumes Tranche 15.6)","Idea/Bimba/Seeds/M/Legacy/plans/2026-07-03-m-prime-cycle-3-full-rerun/24-m3-mahamaya-frontend-deep.md","done","PASS","2026-07-19T17:48:53.291Z","UF","","24.T24.14","Idea/Bimba/Seeds/M/Legacy/plans/2026-06-02-m-prime-cycle-3-design-reconciliation/24-m3-mahamaya-frontend-deep.md","Idea/Bimba/Seeds/M/Legacy/plans/2026-07-03-m-prime-cycle-3-full-rerun/plan.runs/verifications/24.T24.15.md"
"24.T24.16","24","Renderer-service architecture (`services/` folder + DI symbol discipline) *(doc-ahead-landing; consumes Tranche 15-foundation forbidden-import contract)","Idea/Bimba/Seeds/M/Legacy/plans/2026-07-03-m-prime-cycle-3-full-rerun/24-m3-mahamaya-frontend-deep.md","done","PASS","2026-07-19T18:35:20.137Z","UF","","24.T24.15","Idea/Bimba/Seeds/M/Legacy/plans/2026-06-02-m-prime-cycle-3-design-reconciliation/24-m3-mahamaya-frontend-deep.md","Idea/Bimba/Seeds/M/Legacy/plans/2026-07-03-m-prime-cycle-3-full-rerun/plan.runs/verifications/24.T24.16.md"
"24.T24.17","24","Parametrized renderer: one `M3CosmicWheelRenderService`, three modes (`badge` | `mini-view` | `full`) *(doc-ahead-landing; closes Track-08 mini-mode parity per `TRACK_08_CONTRIBUTION`)","Idea/Bimba/Seeds/M/Legacy/plans/2026-07-03-m-prime-cycle-3-full-rerun/24-m3-mahamaya-frontend-deep.md","done","PASS","2026-07-19T20:02:51.519Z","UF","","24.T24.16","Idea/Bimba/Seeds/M/Legacy/plans/2026-06-02-m-prime-cycle-3-design-reconciliation/24-m3-mahamaya-frontend-deep.md","Idea/Bimba/Seeds/M/Legacy/plans/2026-07-03-m-prime-cycle-3-full-rerun/plan.runs/verifications/24.T24.17.md"
"24.T24.18","24","Pentadic relation inspector (`M3PentadicRelationInspector`) *(spec-ahead-integration; consumes 10.P5 + 4.14 + Track 36.3)","Idea/Bimba/Seeds/M/Legacy/plans/2026-07-03-m-prime-cycle-3-full-rerun/24-m3-mahamaya-frontend-deep.md","done","PASS","2026-07-19T20:32:17.795Z","UF","","24.T24.17","Idea/Bimba/Seeds/M/Legacy/plans/2026-06-02-m-prime-cycle-3-design-reconciliation/24-m3-mahamaya-frontend-deep.md","Idea/Bimba/Seeds/M/Legacy/plans/2026-07-03-m-prime-cycle-3-full-rerun/plan.runs/verifications/24.T24.18.md"
"24.T24.19","24","Fibonacci Ground (Level 0) outermost ring of the cosmic clock *(spec-ahead-integration; lands [[35-fibonacci-ground-level-0-temporal-substrate]] §2.4; routes to DR-FIB-1; depends on Tranches 4.15 + 5.25)","Idea/Bimba/Seeds/M/Legacy/plans/2026-07-03-m-prime-cycle-3-full-rerun/24-m3-mahamaya-frontend-deep.md","done","PASS","2026-07-19T21:12:24.257Z","UF","","24.T24.18","Idea/Bimba/Seeds/M/Legacy/plans/2026-06-02-m-prime-cycle-3-design-reconciliation/24-m3-mahamaya-frontend-deep.md","Idea/Bimba/Seeds/M/Legacy/plans/2026-07-03-m-prime-cycle-3-full-rerun/plan.runs/verifications/24.T24.19.md"
"24.T60","24","position outer ring","Idea/Bimba/Seeds/M/Legacy/plans/2026-07-03-m-prime-cycle-3-full-rerun/24-m3-mahamaya-frontend-deep.md","done","PASS","2026-08-01T23:51:13.814Z","UF","","24.T24.9","Idea/Bimba/Seeds/M/Legacy/plans/2026-06-02-m-prime-cycle-3-design-reconciliation/24-m3-mahamaya-frontend-deep.md","Idea/Bimba/Seeds/M/Legacy/plans/2026-07-03-m-prime-cycle-3-full-rerun/plan.runs/verifications/24.T60.md"
"24.T24.20","24","`M3TranscriptionEngine`: the lens → codon → binary interactive surface *(spec-ahead-integration; COMPOSES 24.3 + 24.13 [DONE] + 37.8; consumes Track 37 §III findings; cross-link 23.18 / 23.20 / 29.16)","Idea/Bimba/Seeds/M/Legacy/plans/2026-07-03-m-prime-cycle-3-full-rerun/24-m3-mahamaya-frontend-deep.md","done","PASS","2026-07-20T22:10:10.108Z","UF","","24.T24.2","Idea/Bimba/Seeds/M/Legacy/plans/2026-06-02-m-prime-cycle-3-design-reconciliation/24-m3-mahamaya-frontend-deep.md","Idea/Bimba/Seeds/M/Legacy/plans/2026-07-03-m-prime-cycle-3-full-rerun/plan.runs/verifications/24.T24.20.md"
"25.T25.1","25","Day-Calendar navigation widget *(spec-ahead-integration; first-build under `m4-nara`)","Idea/Bimba/Seeds/M/Legacy/plans/2026-07-03-m-prime-cycle-3-full-rerun/25-m4-nara-frontend-deep.md","done","PASS","2026-07-11T18:36:44.023Z","UF","","00.T3","Idea/Bimba/Seeds/M/Legacy/plans/2026-06-02-m-prime-cycle-3-design-reconciliation/25-m4-nara-frontend-deep.md","Idea/Bimba/Seeds/M/Legacy/plans/2026-07-03-m-prime-cycle-3-full-rerun/plan.runs/verifications/25.T25.1.md"
"25.T25.2","25","DayContainer detail with per-session breakdown + canvas deep-link *(spec-ahead-integration; extends existing `M4NaraWidget`)","Idea/Bimba/Seeds/M/Legacy/plans/2026-07-03-m-prime-cycle-3-full-rerun/25-m4-nara-frontend-deep.md","done","REFUSED","2026-08-02T10:04:44.097Z","UF","","25.T25.19","Idea/Bimba/Seeds/M/Legacy/plans/2026-06-02-m-prime-cycle-3-design-reconciliation/25-m4-nara-frontend-deep.md","Idea/Bimba/Seeds/M/Legacy/plans/2026-07-03-m-prime-cycle-3-full-rerun/plan.runs/verifications/25.T25.2.md"
"25.T25.3","25","Journal Entries activity-bar widget *(no-orphan-fill; closes 15.3 ORPHAN)","Idea/Bimba/Seeds/M/Legacy/plans/2026-07-03-m-prime-cycle-3-full-rerun/25-m4-nara-frontend-deep.md","done","PASS","2026-08-01T23:51:13.816Z","UF","","25.T25.24","Idea/Bimba/Seeds/M/Legacy/plans/2026-06-02-m-prime-cycle-3-design-reconciliation/25-m4-nara-frontend-deep.md","Idea/Bimba/Seeds/M/Legacy/plans/2026-07-03-m-prime-cycle-3-full-rerun/plan.runs/verifications/25.T25.3.md"
"25.T25.4","25","PASU identity setup wizard *(spec-ahead-integration; DR-WC-M4-3)","Idea/Bimba/Seeds/M/Legacy/plans/2026-07-03-m-prime-cycle-3-full-rerun/25-m4-nara-frontend-deep.md","done","PASS","2026-08-01T23:51:13.816Z","UF","","25.T25.3","Idea/Bimba/Seeds/M/Legacy/plans/2026-06-02-m-prime-cycle-3-design-reconciliation/25-m4-nara-frontend-deep.md","Idea/Bimba/Seeds/M/Legacy/plans/2026-07-03-m-prime-cycle-3-full-rerun/plan.runs/verifications/25.T25.4.md"
"25.T25.5","25","Quintessence display widget *(spec-ahead-integration; consumes 19.7 wisdom_delta + PASU)","Idea/Bimba/Seeds/M/Legacy/plans/2026-07-03-m-prime-cycle-3-full-rerun/25-m4-nara-frontend-deep.md","done","PASS","2026-08-02T23:04:17.794Z","UF","","25.T25.4","Idea/Bimba/Seeds/M/Legacy/plans/2026-06-02-m-prime-cycle-3-design-reconciliation/25-m4-nara-frontend-deep.md","Idea/Bimba/Seeds/M/Legacy/plans/2026-07-03-m-prime-cycle-3-full-rerun/plan.runs/verifications/25.T25.5.md"
"25.T25.6","25","Personal cymatic field widget body *(spec-ahead-integration; closes `m4.nara.personalField` ORPHAN; DR-WC-M4-2; first-build under M4-ARCHITECTURE §5.3.1 + DR-IG-6)","Idea/Bimba/Seeds/M/Legacy/plans/2026-07-03-m-prime-cycle-3-full-rerun/25-m4-nara-frontend-deep.md","done","PASS","2026-08-02T23:04:17.795Z","UF","","25.T25.5","Idea/Bimba/Seeds/M/Legacy/plans/2026-06-02-m-prime-cycle-3-design-reconciliation/25-m4-nara-frontend-deep.md","Idea/Bimba/Seeds/M/Legacy/plans/2026-07-03-m-prime-cycle-3-full-rerun/plan.runs/verifications/25.T25.6.md"
"25.T25.7","25","Personal Coordinate activity-bar widget *(no-orphan-fill; spec-ahead-integration; closes 15.3 ORPHAN; complements Tranche 5.1)","Idea/Bimba/Seeds/M/Legacy/plans/2026-07-03-m-prime-cycle-3-full-rerun/25-m4-nara-frontend-deep.md","done","PASS","2026-08-02T23:04:17.796Z","UF","","25.T25.6","Idea/Bimba/Seeds/M/Legacy/plans/2026-06-02-m-prime-cycle-3-design-reconciliation/25-m4-nara-frontend-deep.md","Idea/Bimba/Seeds/M/Legacy/plans/2026-07-03-m-prime-cycle-3-full-rerun/plan.runs/verifications/25.T25.7.md"
"25.T25.8","25","Composite Oracle cast widget *(spec-ahead-integration; consumes 19.4 + 5.11 + 5.17)","Idea/Bimba/Seeds/M/Legacy/plans/2026-07-03-m-prime-cycle-3-full-rerun/25-m4-nara-frontend-deep.md","done","PASS","2026-08-02T23:04:17.796Z","UF","","25.T25.7","Idea/Bimba/Seeds/M/Legacy/plans/2026-06-02-m-prime-cycle-3-design-reconciliation/25-m4-nara-frontend-deep.md","Idea/Bimba/Seeds/M/Legacy/plans/2026-07-03-m-prime-cycle-3-full-rerun/plan.runs/verifications/25.T25.8.md"
"25.T25.9","25","Oracle history viewer *(spec-ahead-integration; depends on 25.8, 5.17, 5.11)","Idea/Bimba/Seeds/M/Legacy/plans/2026-07-03-m-prime-cycle-3-full-rerun/25-m4-nara-frontend-deep.md","done","PASS","2026-08-02T23:04:17.796Z","UF","","25.T25.8","Idea/Bimba/Seeds/M/Legacy/plans/2026-06-02-m-prime-cycle-3-design-reconciliation/25-m4-nara-frontend-deep.md","Idea/Bimba/Seeds/M/Legacy/plans/2026-07-03-m-prime-cycle-3-full-rerun/plan.runs/verifications/25.T25.9.md"
"25.T25.10","25","Medicine view *(spec-ahead-integration; depends on 5.16 + 19.12)","Idea/Bimba/Seeds/M/Legacy/plans/2026-07-03-m-prime-cycle-3-full-rerun/25-m4-nara-frontend-deep.md","done","PASS","2026-07-15T10:17:23.258Z","UF","","25.T25.1","Idea/Bimba/Seeds/M/Legacy/plans/2026-06-02-m-prime-cycle-3-design-reconciliation/25-m4-nara-frontend-deep.md","Idea/Bimba/Seeds/M/Legacy/plans/2026-07-03-m-prime-cycle-3-full-rerun/plan.runs/verifications/25.T25.10.md"
"25.T25.11","25","Transform container widget *(spec-ahead-integration)","Idea/Bimba/Seeds/M/Legacy/plans/2026-07-03-m-prime-cycle-3-full-rerun/25-m4-nara-frontend-deep.md","done","PASS","2026-07-20T22:10:10.107Z","UF","","25.T25.10","Idea/Bimba/Seeds/M/Legacy/plans/2026-06-02-m-prime-cycle-3-design-reconciliation/25-m4-nara-frontend-deep.md","Idea/Bimba/Seeds/M/Legacy/plans/2026-07-03-m-prime-cycle-3-full-rerun/plan.runs/verifications/25.T25.11.md"
"25.T25.12","25","Lens application widget *(spec-ahead-integration; consumes 5.11)","Idea/Bimba/Seeds/M/Legacy/plans/2026-07-03-m-prime-cycle-3-full-rerun/25-m4-nara-frontend-deep.md","done","REFUSED","2026-08-02T10:04:44.097Z","UF","","25.T25.11","Idea/Bimba/Seeds/M/Legacy/plans/2026-06-02-m-prime-cycle-3-design-reconciliation/25-m4-nara-frontend-deep.md","Idea/Bimba/Seeds/M/Legacy/plans/2026-07-03-m-prime-cycle-3-full-rerun/plan.runs/verifications/25.T25.12.md"
"25.T25.13","25","Logos cycle stage widget *(spec-ahead-integration)","Idea/Bimba/Seeds/M/Legacy/plans/2026-07-03-m-prime-cycle-3-full-rerun/25-m4-nara-frontend-deep.md","done","PASS","2026-07-21T22:25:32.056Z","UF","","25.T25.12","Idea/Bimba/Seeds/M/Legacy/plans/2026-06-02-m-prime-cycle-3-design-reconciliation/25-m4-nara-frontend-deep.md","Idea/Bimba/Seeds/M/Legacy/plans/2026-07-03-m-prime-cycle-3-full-rerun/plan.runs/verifications/25.T25.13.md"
"25.T25.14","25","Pratibimba personal-coordinate widget with consent gating *(spec-ahead-integration; DR-WC-M4-4; consumes 5.9 + 5.5)","Idea/Bimba/Seeds/M/Legacy/plans/2026-07-03-m-prime-cycle-3-full-rerun/25-m4-nara-frontend-deep.md","done","REFUSED","2026-08-02T10:04:44.097Z","UF","","25.T25.13","Idea/Bimba/Seeds/M/Legacy/plans/2026-06-02-m-prime-cycle-3-design-reconciliation/25-m4-nara-frontend-deep.md","Idea/Bimba/Seeds/M/Legacy/plans/2026-07-03-m-prime-cycle-3-full-rerun/plan.runs/verifications/25.T25.14.md"
"25.T25.15","25","Kairos display wheel *(spec-ahead-integration; consumes 19.12)","Idea/Bimba/Seeds/M/Legacy/plans/2026-07-03-m-prime-cycle-3-full-rerun/25-m4-nara-frontend-deep.md","done","PASS","2026-07-22T23:59:14.636Z","UF","","25.T25.14","Idea/Bimba/Seeds/M/Legacy/plans/2026-06-02-m-prime-cycle-3-design-reconciliation/25-m4-nara-frontend-deep.md","Idea/Bimba/Seeds/M/Legacy/plans/2026-07-03-m-prime-cycle-3-full-rerun/plan.runs/verifications/25.T25.15.md"
"25.T25.16","25","Mercurius signal-relay indicator *(spec-ahead-integration; chrome consumer of 19.12)","Idea/Bimba/Seeds/M/Legacy/plans/2026-07-03-m-prime-cycle-3-full-rerun/25-m4-nara-frontend-deep.md","done","PASS","2026-07-23T04:04:07.587Z","UF","","25.T25.15","Idea/Bimba/Seeds/M/Legacy/plans/2026-06-02-m-prime-cycle-3-design-reconciliation/25-m4-nara-frontend-deep.md","Idea/Bimba/Seeds/M/Legacy/plans/2026-07-03-m-prime-cycle-3-full-rerun/plan.runs/verifications/25.T25.16.md"
"25.T25.17","25","Three-mode time-axis switcher *(spec-ahead-integration; DR-WC-M4-1 distinct-from-tuning-bar)","Idea/Bimba/Seeds/M/Legacy/plans/2026-07-03-m-prime-cycle-3-full-rerun/25-m4-nara-frontend-deep.md","done","PASS","2026-07-23T22:00:03.806Z","UF","","25.T25.16","Idea/Bimba/Seeds/M/Legacy/plans/2026-06-02-m-prime-cycle-3-design-reconciliation/25-m4-nara-frontend-deep.md","Idea/Bimba/Seeds/M/Legacy/plans/2026-07-03-m-prime-cycle-3-full-rerun/plan.runs/verifications/25.T25.17.md"
"25.T25.18","25","Privacy-class chrome CSS contribution *(doc-ahead-landing + spec-ahead-integration; DR-WC-M4-5)","Idea/Bimba/Seeds/M/Legacy/plans/2026-07-03-m-prime-cycle-3-full-rerun/25-m4-nara-frontend-deep.md","done","REFUSED","2026-08-02T10:04:44.098Z","UF","","25.T25.17","Idea/Bimba/Seeds/M/Legacy/plans/2026-06-02-m-prime-cycle-3-design-reconciliation/25-m4-nara-frontend-deep.md","Idea/Bimba/Seeds/M/Legacy/plans/2026-07-03-m-prime-cycle-3-full-rerun/plan.runs/verifications/25.T25.18.md"
"25.T25.19","25","Session-close wisdom-delta + quintessence-XOR ceremony pane *(spec-ahead-integration; consumes 19.6 + 19.7)","Idea/Bimba/Seeds/M/Legacy/plans/2026-07-03-m-prime-cycle-3-full-rerun/25-m4-nara-frontend-deep.md","done","REFUSED","2026-08-02T10:04:44.098Z","UF","","25.T25.18","Idea/Bimba/Seeds/M/Legacy/plans/2026-06-02-m-prime-cycle-3-design-reconciliation/25-m4-nara-frontend-deep.md","Idea/Bimba/Seeds/M/Legacy/plans/2026-07-03-m-prime-cycle-3-full-rerun/plan.runs/verifications/25.T25.19.md"
"25.T25.20","25","Tarot psyche-anchor coherence panel *(spec-ahead-integration; consumes 19.4 + 19.5)","Idea/Bimba/Seeds/M/Legacy/plans/2026-07-03-m-prime-cycle-3-full-rerun/25-m4-nara-frontend-deep.md","done","PASS","2026-07-28T14:27:56.186Z","UF","","25.T25.2","Idea/Bimba/Seeds/M/Legacy/plans/2026-06-02-m-prime-cycle-3-design-reconciliation/25-m4-nara-frontend-deep.md","Idea/Bimba/Seeds/M/Legacy/plans/2026-07-03-m-prime-cycle-3-full-rerun/plan.runs/verifications/25.T25.20.md"
"25.T25.21","25","Integrated `4-5-0` composition mini-mode contributions registry *(spec-ahead-integration; consolidates Wave-C composition surface)","Idea/Bimba/Seeds/M/Legacy/plans/2026-07-03-m-prime-cycle-3-full-rerun/25-m4-nara-frontend-deep.md","done","PASS","2026-07-29T12:42:22.696Z","UF","","25.T25.20","Idea/Bimba/Seeds/M/Legacy/plans/2026-06-02-m-prime-cycle-3-design-reconciliation/25-m4-nara-frontend-deep.md","Idea/Bimba/Seeds/M/Legacy/plans/2026-07-03-m-prime-cycle-3-full-rerun/plan.runs/verifications/25.T25.21.md"
"25.T25.22","25","PASU BeingPattern perspective and family-field consumer *(spec-ahead-integration; consumes CCT-21 + 10.PASU + 18.10 + PASU.md)","Idea/Bimba/Seeds/M/Legacy/plans/2026-07-03-m-prime-cycle-3-full-rerun/25-m4-nara-frontend-deep.md","done","REFUSED","2026-08-01T20:58:01.418Z","UF","","25.T25.21","Idea/Bimba/Seeds/M/Legacy/plans/2026-06-02-m-prime-cycle-3-design-reconciliation/25-m4-nara-frontend-deep.md","Idea/Bimba/Seeds/M/Legacy/plans/2026-07-03-m-prime-cycle-3-full-rerun/plan.runs/verifications/25.T25.22.md"
"25.T25.23","25","R-factor fretboard engine (`NaraRFactorFretboard`) *(spec-ahead-integration; consumes 10.AW + 18.11 + Track 01 §1.12; cross-link 19.6/19.19)","Idea/Bimba/Seeds/M/Legacy/plans/2026-07-03-m-prime-cycle-3-full-rerun/25-m4-nara-frontend-deep.md","done","PASS","2026-08-01T23:51:13.816Z","UF","","25.T25.22","Idea/Bimba/Seeds/M/Legacy/plans/2026-06-02-m-prime-cycle-3-design-reconciliation/25-m4-nara-frontend-deep.md","Idea/Bimba/Seeds/M/Legacy/plans/2026-07-03-m-prime-cycle-3-full-rerun/plan.runs/verifications/25.T25.23.md"
"25.T25.24","25","Oracle cast gateway dispatch (carrier rewire; closes the Track-00 hardening-T17 bypass finding)","Idea/Bimba/Seeds/M/Legacy/plans/2026-07-03-m-prime-cycle-3-full-rerun/25-m4-nara-frontend-deep.md","done","PASS","2026-08-01T23:51:13.816Z","UF","","25.T25.23","Body/M/pratibimba-app/tests/e2e/integrated-loop.spec.ts","Idea/Bimba/Seeds/M/Legacy/plans/2026-07-03-m-prime-cycle-3-full-rerun/plan.runs/verifications/25.T25.24.md"
"26.T26.1","26","M5'-as-EBM standalone widget deep design (72-dim resonance grid + three tritone-symmetric squares + energy/gradient/Möbius-descent)","Idea/Bimba/Seeds/M/Legacy/plans/2026-07-03-m-prime-cycle-3-full-rerun/26-m5-epii-frontend-deep.md","done","PASS","2026-07-10T23:36:51.442Z","UF","","00.T3","Idea/Bimba/Seeds/M/Legacy/plans/2026-06-02-m-prime-cycle-3-design-reconciliation/26-m5-epii-frontend-deep.md","Idea/Bimba/Seeds/M/Legacy/plans/2026-07-03-m-prime-cycle-3-full-rerun/plan.runs/verifications/26.T26.1.md"
"26.T26.2","26","Six operational-capacity affordance in standalone widget","Idea/Bimba/Seeds/M/Legacy/plans/2026-07-03-m-prime-cycle-3-full-rerun/26-m5-epii-frontend-deep.md","done","PASS","2026-07-23T03:59:58.892Z","UF","","26.T26.15","Idea/Bimba/Seeds/M/Legacy/plans/2026-06-02-m-prime-cycle-3-design-reconciliation/26-m5-epii-frontend-deep.md","Idea/Bimba/Seeds/M/Legacy/plans/2026-07-03-m-prime-cycle-3-full-rerun/plan.runs/verifications/26.T26.2.md"
"26.T26.3","26","Logos Atelier scent-following retrofit (audit + extend)","Idea/Bimba/Seeds/M/Legacy/plans/2026-07-03-m-prime-cycle-3-full-rerun/26-m5-epii-frontend-deep.md","done","PASS","2026-07-23T09:55:37.438Z","UF","","26.T26.2","Idea/Bimba/Seeds/M/Legacy/plans/2026-06-02-m-prime-cycle-3-design-reconciliation/26-m5-epii-frontend-deep.md","Idea/Bimba/Seeds/M/Legacy/plans/2026-07-03-m-prime-cycle-3-full-rerun/plan.runs/verifications/26.T26.3.md"
"26.T26.4","26","Evidence pane deepening — `MediatedRunEvidencePacket` view + dispatch-trace + 19.7 close-path","Idea/Bimba/Seeds/M/Legacy/plans/2026-07-03-m-prime-cycle-3-full-rerun/26-m5-epii-frontend-deep.md","done","PASS","2026-07-28T21:38:59.811Z","UF","","26.T26.3","Idea/Bimba/Seeds/M/Legacy/plans/2026-06-02-m-prime-cycle-3-design-reconciliation/26-m5-epii-frontend-deep.md","Idea/Bimba/Seeds/M/Legacy/plans/2026-07-03-m-prime-cycle-3-full-rerun/plan.runs/verifications/26.T26.4.md"
"26.T26.5","26","Review pane deepening — IOD-17 three-way parity + dispatch-genealogy click-through","Idea/Bimba/Seeds/M/Legacy/plans/2026-07-03-m-prime-cycle-3-full-rerun/26-m5-epii-frontend-deep.md","done","PASS","2026-07-30T23:46:55.282Z","UF","","26.T26.4","Idea/Bimba/Seeds/M/Legacy/plans/2026-06-02-m-prime-cycle-3-design-reconciliation/26-m5-epii-frontend-deep.md","Idea/Bimba/Seeds/M/Legacy/plans/2026-07-03-m-prime-cycle-3-full-rerun/plan.runs/verifications/26.T26.5.md"
"26.T26.6","26","Autoresearch pane deepening — autoresearch-as-concept + Möbius-pass display + per-capacity filter","Idea/Bimba/Seeds/M/Legacy/plans/2026-07-03-m-prime-cycle-3-full-rerun/26-m5-epii-frontend-deep.md","done","PASS","2026-07-31T00:19:08.720Z","UF","","26.T26.5","Idea/Bimba/Seeds/M/Legacy/plans/2026-06-02-m-prime-cycle-3-design-reconciliation/26-m5-epii-frontend-deep.md","Idea/Bimba/Seeds/M/Legacy/plans/2026-07-03-m-prime-cycle-3-full-rerun/plan.runs/verifications/26.T26.6.md"
"26.T26.7","26","ACR T8 contents + DR-M5-1 roster collapse + 12.14 Pi-monitor reframe","Idea/Bimba/Seeds/M/Legacy/plans/2026-07-03-m-prime-cycle-3-full-rerun/26-m5-epii-frontend-deep.md","done","PASS","2026-07-31T00:47:04.863Z","UF","","26.T26.6","Idea/Bimba/Seeds/M/Legacy/plans/2026-06-02-m-prime-cycle-3-design-reconciliation/26-m5-epii-frontend-deep.md","Idea/Bimba/Seeds/M/Legacy/plans/2026-07-03-m-prime-cycle-3-full-rerun/plan.runs/verifications/26.T26.7.md"
"26.T26.8","26","Constitutional-roster psyche-facet rendering decision (DR-WC-M5-3)","Idea/Bimba/Seeds/M/Legacy/plans/2026-07-03-m-prime-cycle-3-full-rerun/26-m5-epii-frontend-deep.md","done","PASS","2026-07-31T01:23:37.082Z","UF","","26.T26.7","Idea/Bimba/Seeds/M/Legacy/plans/2026-06-02-m-prime-cycle-3-design-reconciliation/26-m5-epii-frontend-deep.md","Idea/Bimba/Seeds/M/Legacy/plans/2026-07-03-m-prime-cycle-3-full-rerun/plan.runs/verifications/26.T26.8.md"
"26.T26.9","26","Aletheia subagent surfacing in ACR + Logos Atelier","Idea/Bimba/Seeds/M/Legacy/plans/2026-07-03-m-prime-cycle-3-full-rerun/26-m5-epii-frontend-deep.md","done","PASS","2026-07-31T02:06:25.624Z","UF","","26.T26.8","Idea/Bimba/Seeds/M/Legacy/plans/2026-06-02-m-prime-cycle-3-design-reconciliation/26-m5-epii-frontend-deep.md","Idea/Bimba/Seeds/M/Legacy/plans/2026-07-03-m-prime-cycle-3-full-rerun/plan.runs/verifications/26.T26.9.md"
"26.T26.10","26","`MediatedRunEvidencePacket` schema landing","Idea/Bimba/Seeds/M/Legacy/plans/2026-07-03-m-prime-cycle-3-full-rerun/26-m5-epii-frontend-deep.md","done","PASS","2026-07-14T10:41:40.439Z","UF","","26.T26.1","Idea/Bimba/Seeds/M/Legacy/plans/2026-06-02-m-prime-cycle-3-design-reconciliation/26-m5-epii-frontend-deep.md","Idea/Bimba/Seeds/M/Legacy/plans/2026-07-03-m-prime-cycle-3-full-rerun/plan.runs/verifications/26.T26.10.md"
"26.T26.11","26","`m5.epii.recognitionLayer` composition slot in `plugin-integrated-4-5-0`","Idea/Bimba/Seeds/M/Legacy/plans/2026-07-03-m-prime-cycle-3-full-rerun/26-m5-epii-frontend-deep.md","done","PASS","2026-07-15T10:17:23.258Z","UF","","26.T26.10","Idea/Bimba/Seeds/M/Legacy/plans/2026-06-02-m-prime-cycle-3-design-reconciliation/26-m5-epii-frontend-deep.md","Idea/Bimba/Seeds/M/Legacy/plans/2026-07-03-m-prime-cycle-3-full-rerun/plan.runs/verifications/26.T26.11.md"
"26.T26.12","26","`ContemplationObjectViewer` widget service inside m5-epii","Idea/Bimba/Seeds/M/Legacy/plans/2026-07-03-m-prime-cycle-3-full-rerun/26-m5-epii-frontend-deep.md","done","PASS","2026-07-19T22:54:22.028Z","UF","","26.T26.11","Idea/Bimba/Seeds/M/Legacy/plans/2026-06-02-m-prime-cycle-3-design-reconciliation/26-m5-epii-frontend-deep.md","Idea/Bimba/Seeds/M/Legacy/plans/2026-07-03-m-prime-cycle-3-full-rerun/plan.runs/verifications/26.T26.12.md"
"26.T26.13","26","`WisdomDeltaInspector` — 4'-5'-0' joint-composition + XOR-fold animation + 7-8-9 spine reading","Idea/Bimba/Seeds/M/Legacy/plans/2026-07-03-m-prime-cycle-3-full-rerun/26-m5-epii-frontend-deep.md","done","PASS","2026-07-17T09:14:21.104Z","UF","","26.T26.12","Idea/Bimba/Seeds/M/Legacy/plans/2026-06-02-m-prime-cycle-3-design-reconciliation/26-m5-epii-frontend-deep.md","Idea/Bimba/Seeds/M/Legacy/plans/2026-07-03-m-prime-cycle-3-full-rerun/plan.runs/verifications/26.T26.13.md"
"26.T26.14","26","`PiAxiomTranslationInspector` — DR-B-2 axiom-translation surface","Idea/Bimba/Seeds/M/Legacy/plans/2026-07-03-m-prime-cycle-3-full-rerun/26-m5-epii-frontend-deep.md","done","PASS","2026-07-21T23:18:46.367Z","UF","","26.T26.13","Idea/Bimba/Seeds/M/Legacy/plans/2026-06-02-m-prime-cycle-3-design-reconciliation/26-m5-epii-frontend-deep.md","Idea/Bimba/Seeds/M/Legacy/plans/2026-07-03-m-prime-cycle-3-full-rerun/plan.runs/verifications/26.T26.14.md"
"26.T26.15","26","M5' surface-composition pattern doc","Idea/Bimba/Seeds/M/Legacy/plans/2026-07-03-m-prime-cycle-3-full-rerun/26-m5-epii-frontend-deep.md","done","PASS","2026-07-22T10:24:14.939Z","UF","","26.T26.14","Idea/Bimba/Seeds/M/Legacy/plans/2026-06-02-m-prime-cycle-3-design-reconciliation/26-m5-epii-frontend-deep.md","Idea/Bimba/Seeds/M/Legacy/plans/2026-07-03-m-prime-cycle-3-full-rerun/plan.runs/verifications/26.T26.15.md"
"27.T27.0","27","`omnipanel-runtime` foundation + 8-tab manifest collapse + `useProfileTick` hook","Idea/Bimba/Seeds/M/Legacy/plans/2026-07-03-m-prime-cycle-3-full-rerun/27-omnipanel-tabs-deep.md","done","PASS","2026-07-10T23:03:18.482Z","UF","","00.T3","Idea/Bimba/Seeds/M/Legacy/plans/2026-06-02-m-prime-cycle-3-design-reconciliation/27-omnipanel-tabs-deep.md","Idea/Bimba/Seeds/M/Legacy/plans/2026-07-03-m-prime-cycle-3-full-rerun/plan.runs/verifications/27.T27.0.md"
"27.T27.1","27","Pi Chat tab — agentic conversational membrane with slash-command grammar","Idea/Bimba/Seeds/M/Legacy/plans/2026-07-03-m-prime-cycle-3-full-rerun/27-omnipanel-tabs-deep.md","done","PASS","2026-07-14T07:35:38.392Z","UF","","27.T27.0","Idea/Bimba/Seeds/M/Legacy/plans/2026-06-02-m-prime-cycle-3-design-reconciliation/27-omnipanel-tabs-deep.md","Idea/Bimba/Seeds/M/Legacy/plans/2026-07-03-m-prime-cycle-3-full-rerun/plan.runs/verifications/27.T27.1.md"
"27.T27.2","27","Sessions tab — session manager mapped to `agent:epii:main`","Idea/Bimba/Seeds/M/Legacy/plans/2026-07-03-m-prime-cycle-3-full-rerun/27-omnipanel-tabs-deep.md","done","PASS","2026-07-22T10:55:40.401Z","UF","","27.T27.13","Idea/Bimba/Seeds/M/Legacy/plans/2026-06-02-m-prime-cycle-3-design-reconciliation/27-omnipanel-tabs-deep.md","Idea/Bimba/Seeds/M/Legacy/plans/2026-07-03-m-prime-cycle-3-full-rerun/plan.runs/verifications/27.T27.2.md"
"27.T27.3","27","Dispatch Trace tab — Pi → Anima → subagent invocation tree","Idea/Bimba/Seeds/M/Legacy/plans/2026-07-03-m-prime-cycle-3-full-rerun/27-omnipanel-tabs-deep.md","done","PASS","2026-07-23T22:51:46.728Z","UF","","27.T27.2","Idea/Bimba/Seeds/M/Legacy/plans/2026-06-02-m-prime-cycle-3-design-reconciliation/27-omnipanel-tabs-deep.md","Idea/Bimba/Seeds/M/Legacy/plans/2026-07-03-m-prime-cycle-3-full-rerun/plan.runs/verifications/27.T27.3.md"
"27.T27.4","27","Tool Stream tab — time-ordered tool-call event list","Idea/Bimba/Seeds/M/Legacy/plans/2026-07-03-m-prime-cycle-3-full-rerun/27-omnipanel-tabs-deep.md","done","PASS","2026-07-23T23:16:08.873Z","UF","","27.T27.3","Idea/Bimba/Seeds/M/Legacy/plans/2026-06-02-m-prime-cycle-3-design-reconciliation/27-omnipanel-tabs-deep.md","Idea/Bimba/Seeds/M/Legacy/plans/2026-07-03-m-prime-cycle-3-full-rerun/plan.runs/verifications/27.T27.4.md"
"27.T27.5","27","Evidence tab — `MediatedRunEvidencePacket` landing surface","Idea/Bimba/Seeds/M/Legacy/plans/2026-07-03-m-prime-cycle-3-full-rerun/27-omnipanel-tabs-deep.md","done","PASS","2026-07-23T23:26:07.389Z","UF","","27.T27.4","Idea/Bimba/Seeds/M/Legacy/plans/2026-06-02-m-prime-cycle-3-design-reconciliation/27-omnipanel-tabs-deep.md","Idea/Bimba/Seeds/M/Legacy/plans/2026-07-03-m-prime-cycle-3-full-rerun/plan.runs/verifications/27.T27.5.md"
"27.T27.6","27","Review tab — human-required gate landing surface","Idea/Bimba/Seeds/M/Legacy/plans/2026-07-03-m-prime-cycle-3-full-rerun/27-omnipanel-tabs-deep.md","done","PASS","2026-07-24T10:30:10.324Z","UF","","27.T27.5","Idea/Bimba/Seeds/M/Legacy/plans/2026-06-02-m-prime-cycle-3-design-reconciliation/27-omnipanel-tabs-deep.md","Idea/Bimba/Seeds/M/Legacy/plans/2026-07-03-m-prime-cycle-3-full-rerun/plan.runs/verifications/27.T27.6.md"
"27.T27.7","27","Gateway tab — capability list + parity + readiness + try-it","Idea/Bimba/Seeds/M/Legacy/plans/2026-07-03-m-prime-cycle-3-full-rerun/27-omnipanel-tabs-deep.md","done","PASS","2026-07-24T10:44:03.129Z","UF","","27.T27.6","Idea/Bimba/Seeds/M/Legacy/plans/2026-06-02-m-prime-cycle-3-design-reconciliation/27-omnipanel-tabs-deep.md","Idea/Bimba/Seeds/M/Legacy/plans/2026-07-03-m-prime-cycle-3-full-rerun/plan.runs/verifications/27.T27.7.md"
"27.T27.8","27","Diagnostics tab — kernel-bridge telemetry + intent log","Idea/Bimba/Seeds/M/Legacy/plans/2026-07-03-m-prime-cycle-3-full-rerun/27-omnipanel-tabs-deep.md","done","PASS","2026-07-24T10:57:26.006Z","UF","","27.T27.7","Idea/Bimba/Seeds/M/Legacy/plans/2026-06-02-m-prime-cycle-3-design-reconciliation/27-omnipanel-tabs-deep.md","Idea/Bimba/Seeds/M/Legacy/plans/2026-07-03-m-prime-cycle-3-full-rerun/plan.runs/verifications/27.T27.8.md"
"27.T27.9","27","OmniPanelIntentRouter — tab-routing on CrossLayoutIntent","Idea/Bimba/Seeds/M/Legacy/plans/2026-07-03-m-prime-cycle-3-full-rerun/27-omnipanel-tabs-deep.md","done","PASS","2026-07-25T08:51:59.167Z","UF","","27.T27.8","Idea/Bimba/Seeds/M/Legacy/plans/2026-06-02-m-prime-cycle-3-design-reconciliation/27-omnipanel-tabs-deep.md","Idea/Bimba/Seeds/M/Legacy/plans/2026-07-03-m-prime-cycle-3-full-rerun/plan.runs/verifications/27.T27.9.md"
"27.T27.10","27","ACR substrate → OmniPanel content model migration map + execution","Idea/Bimba/Seeds/M/Legacy/plans/2026-07-03-m-prime-cycle-3-full-rerun/27-omnipanel-tabs-deep.md","done","PASS","2026-07-15T10:17:23.258Z","UF","","27.T27.1","Idea/Bimba/Seeds/M/Legacy/plans/2026-06-02-m-prime-cycle-3-design-reconciliation/27-omnipanel-tabs-deep.md","Idea/Bimba/Seeds/M/Legacy/plans/2026-07-03-m-prime-cycle-3-full-rerun/plan.runs/verifications/27.T27.10.md"
"27.T27.11","27","OmniPanelSessionState — active-tab + per-tab state across layout toggle","Idea/Bimba/Seeds/M/Legacy/plans/2026-07-03-m-prime-cycle-3-full-rerun/27-omnipanel-tabs-deep.md","done","PASS","2026-07-16T20:57:31.838Z","UF","","27.T27.10","Idea/Bimba/Seeds/M/Legacy/plans/2026-06-02-m-prime-cycle-3-design-reconciliation/27-omnipanel-tabs-deep.md","Idea/Bimba/Seeds/M/Legacy/plans/2026-07-03-m-prime-cycle-3-full-rerun/plan.runs/verifications/27.T27.11.md"
"27.T27.12","27","Forbidden-direct-import lint extension over OmniPanel tab modules","Idea/Bimba/Seeds/M/Legacy/plans/2026-07-03-m-prime-cycle-3-full-rerun/27-omnipanel-tabs-deep.md","done","PASS","2026-07-17T09:14:21.104Z","UF","","27.T27.11","Idea/Bimba/Seeds/M/Legacy/plans/2026-06-02-m-prime-cycle-3-design-reconciliation/27-omnipanel-tabs-deep.md","Idea/Bimba/Seeds/M/Legacy/plans/2026-07-03-m-prime-cycle-3-full-rerun/plan.runs/verifications/27.T27.12.md"
"27.T27.13","27","Acceptance-harness OmniPanel-tab traversal end-to-end","Idea/Bimba/Seeds/M/Legacy/plans/2026-07-03-m-prime-cycle-3-full-rerun/27-omnipanel-tabs-deep.md","done","PASS","2026-07-21T12:02:34.783Z","UF","","27.T27.12","Idea/Bimba/Seeds/M/Legacy/plans/2026-06-02-m-prime-cycle-3-design-reconciliation/27-omnipanel-tabs-deep.md","Idea/Bimba/Seeds/M/Legacy/plans/2026-07-03-m-prime-cycle-3-full-rerun/plan.runs/verifications/27.T27.13.md"
"28.T28.1","28","Chrome contract doc-ahead-landing + M0/M5 ownership partition","Idea/Bimba/Seeds/M/Legacy/plans/2026-07-03-m-prime-cycle-3-full-rerun/28-ide-shell-chrome-deep.md","done","PASS","2026-07-12T02:02:27.223Z","UF","","00.T3","Body/M/pratibimba-app/CHROME-CONTRACT.md | Body/M/pratibimba-app/src/chromeContract.test.ts | Idea/Bimba/Seeds/M/Legacy/plans/2026-06-02-m-prime-cycle-3-design-reconciliation/28-ide-shell-chrome-deep.md","Idea/Bimba/Seeds/M/Legacy/plans/2026-07-03-m-prime-cycle-3-full-rerun/plan.runs/verifications/28.T28.1.md"
"28.T28.2","28","Left-sidebar activity-bar system contribution","Idea/Bimba/Seeds/M/Legacy/plans/2026-07-03-m-prime-cycle-3-full-rerun/28-ide-shell-chrome-deep.md","done","PASS","2026-07-23T23:08:10.319Z","UF","","28.T28.19","Idea/Bimba/Seeds/M/Legacy/plans/2026-06-02-m-prime-cycle-3-design-reconciliation/28-ide-shell-chrome-deep.md","Idea/Bimba/Seeds/M/Legacy/plans/2026-07-03-m-prime-cycle-3-full-rerun/plan.runs/verifications/28.T28.2.md"
"28.T28.3","28","Bimba Graph Viewer: two-rendering audit + neighbor graph + relation-family filter","Idea/Bimba/Seeds/M/Legacy/plans/2026-07-03-m-prime-cycle-3-full-rerun/28-ide-shell-chrome-deep.md","done","PASS","2026-07-27T10:21:48.866Z","UF","","28.T28.20","Idea/Bimba/Seeds/M/Legacy/plans/2026-06-02-m-prime-cycle-3-design-reconciliation/28-ide-shell-chrome-deep.md","Idea/Bimba/Seeds/M/Legacy/plans/2026-07-03-m-prime-cycle-3-full-rerun/plan.runs/verifications/28.T28.3.md"
"28.T28.4","28","Canon Studio: Monaco upgrade + QL/bimba decoration + Smart Connections autocomplete + PASU.md edit flow","Idea/Bimba/Seeds/M/Legacy/plans/2026-07-03-m-prime-cycle-3-full-rerun/28-ide-shell-chrome-deep.md","done","PASS","2026-07-27T17:46:59.553Z","UF","","28.T28.3","Idea/Bimba/Seeds/M/Legacy/plans/2026-06-02-m-prime-cycle-3-design-reconciliation/28-ide-shell-chrome-deep.md | src/panes/canonEditorExtensions.ts | tests/e2e/canon-studio.spec.ts","Idea/Bimba/Seeds/M/Legacy/plans/2026-07-03-m-prime-cycle-3-full-rerun/plan.runs/verifications/28.T28.4.md"
"28.T28.5","28","Agentic Control Room: T8 contents + DR-M5-1 roster collapse + Pi-monitor reframe + Aletheia subagent trace","Idea/Bimba/Seeds/M/Legacy/plans/2026-07-03-m-prime-cycle-3-full-rerun/28-ide-shell-chrome-deep.md","done","PASS","2026-07-30T00:56:07.364Z","UF","","28.T28.4","Idea/Bimba/Seeds/M/Legacy/plans/2026-06-02-m-prime-cycle-3-design-reconciliation/28-ide-shell-chrome-deep.md","Idea/Bimba/Seeds/M/Legacy/plans/2026-07-03-m-prime-cycle-3-full-rerun/plan.runs/verifications/28.T28.5.md"
"28.T28.6","28","Coordinate Tree: family colouring + active-coordinate highlight + CRUD-vs-governed-route toggle + per-family expand/collapse","Idea/Bimba/Seeds/M/Legacy/plans/2026-07-03-m-prime-cycle-3-full-rerun/28-ide-shell-chrome-deep.md","done","PASS","2026-07-30T17:56:40.029Z","UF","","28.T28.5","Idea/Bimba/Seeds/M/Legacy/plans/2026-06-02-m-prime-cycle-3-design-reconciliation/28-ide-shell-chrome-deep.md","Idea/Bimba/Seeds/M/Legacy/plans/2026-07-03-m-prime-cycle-3-full-rerun/plan.runs/verifications/28.T28.6.md"
"28.T28.7","28","Logos Atelier: scent-following retrofit + Aletheia tools + Möbius write-back to Canon Studio","Idea/Bimba/Seeds/M/Legacy/plans/2026-07-03-m-prime-cycle-3-full-rerun/28-ide-shell-chrome-deep.md","done","PASS","2026-07-30T19:18:55.802Z","UF","","28.T28.6","Idea/Bimba/Seeds/M/Legacy/plans/2026-06-02-m-prime-cycle-3-design-reconciliation/28-ide-shell-chrome-deep.md","Idea/Bimba/Seeds/M/Legacy/plans/2026-07-03-m-prime-cycle-3-full-rerun/plan.runs/verifications/28.T28.7.md"
"28.T28.8","28","Evidence pane: `MediatedRunEvidencePacket` + dispatch-trace mini-graph + DR-WC-IS-2 deep-vs-abbreviated split","Idea/Bimba/Seeds/M/Legacy/plans/2026-07-03-m-prime-cycle-3-full-rerun/28-ide-shell-chrome-deep.md","done","PASS","2026-07-30T21:58:39.047Z","UF","","28.T28.7","Body/S | Idea/Bimba/Seeds/M/Legacy/plans/2026-06-02-m-prime-cycle-3-design-reconciliation/28-ide-shell-chrome-deep.md | tests/e2e/agentic-control-room-deep.spec.ts","Idea/Bimba/Seeds/M/Legacy/plans/2026-07-03-m-prime-cycle-3-full-rerun/plan.runs/verifications/28.T28.8.md"
"28.T28.9","28","Review pane: IOD-17 three-way parity matrix + dispatch-genealogy click-through + DR-WC-IS-2 deep-vs-abbreviated split","Idea/Bimba/Seeds/M/Legacy/plans/2026-07-03-m-prime-cycle-3-full-rerun/28-ide-shell-chrome-deep.md","done","PASS","2026-07-30T23:20:50.731Z","UF","","28.T28.8","Body/S | Body/S/S5/epii-review-core/src/lib.rs | Idea/Bimba/Seeds/M/Legacy/plans/2026-06-02-m-prime-cycle-3-design-reconciliation/28-ide-shell-chrome-deep.md | tests/e2e/agentic-control-room-deep.spec.ts","Idea/Bimba/Seeds/M/Legacy/plans/2026-07-03-m-prime-cycle-3-full-rerun/plan.runs/verifications/28.T28.9.md"
"28.T28.10","28","Autoresearch pane: autoresearch-as-concept frame + Möbius-pass ribbon + per-capacity filter + dry-run + requires_human disclosure","Idea/Bimba/Seeds/M/Legacy/plans/2026-07-03-m-prime-cycle-3-full-rerun/28-ide-shell-chrome-deep.md","done","PASS","2026-07-15T10:17:23.258Z","UF","","28.T28.1","Idea/Bimba/Seeds/M/Legacy/plans/2026-06-02-m-prime-cycle-3-design-reconciliation/28-ide-shell-chrome-deep.md","Idea/Bimba/Seeds/M/Legacy/plans/2026-07-03-m-prime-cycle-3-full-rerun/plan.runs/verifications/28.T28.10.md"
"28.T28.11","28","Bridge-gate: nine-id readiness taxonomy + per-binding inline rendering + shared readiness primitive in `m-extension-runtime`","Idea/Bimba/Seeds/M/Legacy/plans/2026-07-03-m-prime-cycle-3-full-rerun/28-ide-shell-chrome-deep.md","done","PASS","2026-07-16T15:38:18.732Z","UF","","28.T28.10","Idea/Bimba/Seeds/M/Legacy/plans/2026-06-02-m-prime-cycle-3-design-reconciliation/28-ide-shell-chrome-deep.md","Idea/Bimba/Seeds/M/Legacy/plans/2026-07-03-m-prime-cycle-3-full-rerun/plan.runs/verifications/28.T28.11.md"
"28.T28.12","28","Smart-Connections semantic sidebar carrier","Idea/Bimba/Seeds/M/Legacy/plans/2026-07-03-m-prime-cycle-3-full-rerun/28-ide-shell-chrome-deep.md","done","PASS","2026-07-21T12:02:34.783Z","UF","","28.T28.11","Idea/Bimba/Seeds/M/Legacy/plans/2026-06-02-m-prime-cycle-3-design-reconciliation/28-ide-shell-chrome-deep.md","Idea/Bimba/Seeds/M/Legacy/plans/2026-07-03-m-prime-cycle-3-full-rerun/plan.runs/verifications/28.T28.12.md"
"28.T28.13","28","Backend Studio: LSP slot + coordinate-aware navigation","Idea/Bimba/Seeds/M/Legacy/plans/2026-07-03-m-prime-cycle-3-full-rerun/28-ide-shell-chrome-deep.md","done","PASS","2026-07-17T09:14:21.104Z","UF","","28.T28.12","Idea/Bimba/Seeds/M/Legacy/plans/2026-06-02-m-prime-cycle-3-design-reconciliation/28-ide-shell-chrome-deep.md","Idea/Bimba/Seeds/M/Legacy/plans/2026-07-03-m-prime-cycle-3-full-rerun/plan.runs/verifications/28.T28.13.md"
"28.T28.14","28","Cross-layout intent target registration for the four un-registered widgets","Idea/Bimba/Seeds/M/Legacy/plans/2026-07-03-m-prime-cycle-3-full-rerun/28-ide-shell-chrome-deep.md","done","PASS","2026-07-21T12:02:34.783Z","UF","","28.T28.13","Idea/Bimba/Seeds/M/Legacy/plans/2026-06-02-m-prime-cycle-3-design-reconciliation/28-ide-shell-chrome-deep.md","Idea/Bimba/Seeds/M/Legacy/plans/2026-07-03-m-prime-cycle-3-full-rerun/plan.runs/verifications/28.T28.14.md"
"28.T28.15","28","Autoresearch pane orphan-against-layout fill","Idea/Bimba/Seeds/M/Legacy/plans/2026-07-03-m-prime-cycle-3-full-rerun/28-ide-shell-chrome-deep.md","done","PASS","2026-07-22T00:20:46.558Z","UF","","28.T28.14","Idea/Bimba/Seeds/M/Legacy/plans/2026-06-02-m-prime-cycle-3-design-reconciliation/28-ide-shell-chrome-deep.md","Idea/Bimba/Seeds/M/Legacy/plans/2026-07-03-m-prime-cycle-3-full-rerun/plan.runs/verifications/28.T28.15.md"
"28.T28.16","28","Federated `PrivacyDropFeed` (OmniPanel Diagnostics tab feed)","Idea/Bimba/Seeds/M/Legacy/plans/2026-07-03-m-prime-cycle-3-full-rerun/28-ide-shell-chrome-deep.md","done","PASS","2026-07-22T10:24:14.940Z","UF","","28.T28.15","Idea/Bimba/Seeds/M/Legacy/plans/2026-06-02-m-prime-cycle-3-design-reconciliation/28-ide-shell-chrome-deep.md","Idea/Bimba/Seeds/M/Legacy/plans/2026-07-03-m-prime-cycle-3-full-rerun/plan.runs/verifications/28.T28.16.md"
"28.T28.17","28","Profile-tick re-render contract per widget","Idea/Bimba/Seeds/M/Legacy/plans/2026-07-03-m-prime-cycle-3-full-rerun/28-ide-shell-chrome-deep.md","done","PASS","2026-07-22T23:59:14.634Z","UF","","28.T28.16","Idea/Bimba/Seeds/M/Legacy/plans/2026-06-02-m-prime-cycle-3-design-reconciliation/28-ide-shell-chrome-deep.md","Idea/Bimba/Seeds/M/Legacy/plans/2026-07-03-m-prime-cycle-3-full-rerun/plan.runs/verifications/28.T28.17.md"
"28.T28.18","28","Status-bar consumption audit (no own-state for shared fields)","Idea/Bimba/Seeds/M/Legacy/plans/2026-07-03-m-prime-cycle-3-full-rerun/28-ide-shell-chrome-deep.md","done","PASS","2026-07-23T09:54:20.683Z","UF","","28.T28.17","Idea/Bimba/Seeds/M/Legacy/plans/2026-06-02-m-prime-cycle-3-design-reconciliation/28-ide-shell-chrome-deep.md","Idea/Bimba/Seeds/M/Legacy/plans/2026-07-03-m-prime-cycle-3-full-rerun/plan.runs/verifications/28.T28.18.md"
"28.T28.19","28","Acceptance-harness state-identity assertion per ide-shell widget","Idea/Bimba/Seeds/M/Legacy/plans/2026-07-03-m-prime-cycle-3-full-rerun/28-ide-shell-chrome-deep.md","done","PASS","2026-07-23T22:00:03.805Z","UF","","28.T28.18","Idea/Bimba/Seeds/M/Legacy/plans/2026-06-02-m-prime-cycle-3-design-reconciliation/28-ide-shell-chrome-deep.md","Idea/Bimba/Seeds/M/Legacy/plans/2026-07-03-m-prime-cycle-3-full-rerun/plan.runs/verifications/28.T28.19.md"
"28.T28.20","28","Surface→extension→contract ledger contribution (ide-shell rows)","Idea/Bimba/Seeds/M/Legacy/plans/2026-07-03-m-prime-cycle-3-full-rerun/28-ide-shell-chrome-deep.md","done","PASS","2026-07-25T08:38:55.511Z","UF","","28.T28.2","Idea/Bimba/Seeds/M/Legacy/plans/2026-06-02-m-prime-cycle-3-design-reconciliation/28-ide-shell-chrome-deep.md","Idea/Bimba/Seeds/M/Legacy/plans/2026-07-03-m-prime-cycle-3-full-rerun/plan.runs/verifications/28.T28.20.md"
"29.T29.1","29","Composition slot taxonomy extension: `IntegratedGeometricSlot` enum + `GeometricCompositionCoordinator` *(spec-ahead-integration; DR-WC-IP-1 ratifying decision)","Idea/Bimba/Seeds/M/Legacy/plans/2026-07-03-m-prime-cycle-3-full-rerun/29-integrated-plugins-composition-deep.md","done","PASS","2026-07-14T12:42:17.305Z","UF","","00.T3","Idea/Bimba/Seeds/M/Legacy/plans/2026-06-02-m-prime-cycle-3-design-reconciliation/29-integrated-plugins-composition-deep.md","Idea/Bimba/Seeds/M/Legacy/plans/2026-07-03-m-prime-cycle-3-full-rerun/plan.runs/verifications/29.T29.1.md"
"29.T29.2","29","Cosmic 1-2-3 composition geometry: K²-surface + cymatic-texture + codon-cell-state composition *(spec-ahead-integration; DR-WC-IP-2 ratifying; CP-WC-IP-1/2/3 consumers)","Idea/Bimba/Seeds/M/Legacy/plans/2026-07-03-m-prime-cycle-3-full-rerun/29-integrated-plugins-composition-deep.md","done","PASS","2026-07-27T21:50:17.189Z","UF","","29.T29.16","Idea/Bimba/Seeds/M/Legacy/plans/2026-06-02-m-prime-cycle-3-design-reconciliation/29-integrated-plugins-composition-deep.md","Idea/Bimba/Seeds/M/Legacy/plans/2026-07-03-m-prime-cycle-3-full-rerun/plan.runs/verifications/29.T29.2.md"
"29.T29.3","29","Personal 4-5-0 composition geometry: Nara journal LEFT + personal cymatic CENTER + Mahamaya recognition RIGHT + Anuttara grounding UNDER *(spec-ahead-integration; DR-WC-IP-3 ratifying; CP-WC-IP-4/5/6 consumers)","Idea/Bimba/Seeds/M/Legacy/plans/2026-07-03-m-prime-cycle-3-full-rerun/29-integrated-plugins-composition-deep.md","done","PASS","2026-07-28T00:23:01.854Z","UF","","29.T29.2","Idea/Bimba/Seeds/M/Legacy/plans/2026-06-02-m-prime-cycle-3-design-reconciliation/29-integrated-plugins-composition-deep.md","Idea/Bimba/Seeds/M/Legacy/plans/2026-07-03-m-prime-cycle-3-full-rerun/plan.runs/verifications/29.T29.3.md"
"29.T29.4","29","Shared `ProfileTickSubscription` primitive: one subscription per composition *(spec-ahead-integration; DR-WC-IP-4 ratifying)","Idea/Bimba/Seeds/M/Legacy/plans/2026-07-03-m-prime-cycle-3-full-rerun/29-integrated-plugins-composition-deep.md","done","PASS","2026-07-28T08:27:31.913Z","UF","","29.T29.3","Idea/Bimba/Seeds/M/Legacy/plans/2026-06-02-m-prime-cycle-3-design-reconciliation/29-integrated-plugins-composition-deep.md","Idea/Bimba/Seeds/M/Legacy/plans/2026-07-03-m-prime-cycle-3-full-rerun/plan.runs/verifications/29.T29.4.md"
"29.T29.5","29","Typed `IntegratedReadiness` envelope + kernel-bridge readiness ledger parity *(spec-ahead-integration; closes 11.8; consumes Track 10 readiness ledger)","Idea/Bimba/Seeds/M/Legacy/plans/2026-07-03-m-prime-cycle-3-full-rerun/29-integrated-plugins-composition-deep.md","done","PASS","2026-07-28T11:39:55.702Z","UF","","29.T29.4","Idea/Bimba/Seeds/M/Legacy/plans/2026-06-02-m-prime-cycle-3-design-reconciliation/29-integrated-plugins-composition-deep.md","Idea/Bimba/Seeds/M/Legacy/plans/2026-07-03-m-prime-cycle-3-full-rerun/plan.runs/verifications/29.T29.5.md"
"29.T29.6","29","Composition-load juxtaposition rejection: hard fail at load, graceful at runtime *(spec-ahead-integration; closes 15.4 verification; DR-WC-IP-5)","Idea/Bimba/Seeds/M/Legacy/plans/2026-07-03-m-prime-cycle-3-full-rerun/29-integrated-plugins-composition-deep.md","done","PASS","2026-07-28T11:52:20.748Z","UF","","29.T29.5","Idea/Bimba/Seeds/M/Legacy/plans/2026-06-02-m-prime-cycle-3-design-reconciliation/29-integrated-plugins-composition-deep.md","Idea/Bimba/Seeds/M/Legacy/plans/2026-07-03-m-prime-cycle-3-full-rerun/plan.runs/verifications/29.T29.6.md"
"29.T29.7","29","Klein-flip three-pole composition choreography *(spec-ahead-integration; closes Track 07 §7.7 DR-IG-3; CP-WC-IP-8 consumer)","Idea/Bimba/Seeds/M/Legacy/plans/2026-07-03-m-prime-cycle-3-full-rerun/29-integrated-plugins-composition-deep.md","done","PASS","2026-07-28T16:45:17.848Z","UF","","29.T29.6","Idea/Bimba/Seeds/M/Legacy/plans/2026-06-02-m-prime-cycle-3-design-reconciliation/29-integrated-plugins-composition-deep.md","Idea/Bimba/Seeds/M/Legacy/plans/2026-07-03-m-prime-cycle-3-full-rerun/plan.runs/verifications/29.T29.7.md"
"29.T29.8","29","137 = 64 + 72 + 1 visual matheme overlay on cosmic composition *(spec-ahead-integration; closes Track 07 §7.2 visual contract; cross-link 19.8 + 19.9)","Idea/Bimba/Seeds/M/Legacy/plans/2026-07-03-m-prime-cycle-3-full-rerun/29-integrated-plugins-composition-deep.md","done","PASS","2026-07-28T18:35:49.364Z","UF","","29.T29.7","Idea/Bimba/Seeds/M/Legacy/plans/2026-06-02-m-prime-cycle-3-design-reconciliation/29-integrated-plugins-composition-deep.md","Idea/Bimba/Seeds/M/Legacy/plans/2026-07-03-m-prime-cycle-3-full-rerun/plan.runs/verifications/29.T29.8.md"
"29.T29.9","29","Contemplation RPC flow: LLM/EBM/Verifier across 4-5-0 slots *(spec-ahead-integration; closes 19.6 / 19.7 composition path; cross-link 26.13)","Idea/Bimba/Seeds/M/Legacy/plans/2026-07-03-m-prime-cycle-3-full-rerun/29-integrated-plugins-composition-deep.md","done","PASS","2026-07-28T22:47:15.430Z","UF","","29.T29.8","Idea/Bimba/Seeds/M/Legacy/plans/2026-06-02-m-prime-cycle-3-design-reconciliation/29-integrated-plugins-composition-deep.md","Idea/Bimba/Seeds/M/Legacy/plans/2026-07-03-m-prime-cycle-3-full-rerun/plan.runs/verifications/29.T29.9.md"
"29.T29.10","29","Composition-state persistence + cross-layout state preservation *(spec-ahead-integration; closes 15.7 composition-extension)","Idea/Bimba/Seeds/M/Legacy/plans/2026-07-03-m-prime-cycle-3-full-rerun/29-integrated-plugins-composition-deep.md","done","PASS","2026-07-15T11:50:35.106Z","UF","","29.T29.1","Idea/Bimba/Seeds/M/Legacy/plans/2026-06-02-m-prime-cycle-3-design-reconciliation/29-integrated-plugins-composition-deep.md","Idea/Bimba/Seeds/M/Legacy/plans/2026-07-03-m-prime-cycle-3-full-rerun/plan.runs/verifications/29.T29.10.md"
"29.T29.11","29","Composition observability event vocabulary + OmniPanel Dispatch Trace wiring *(spec-ahead-integration; closes OW-WC-IP-1; cross-link 15.11)","Idea/Bimba/Seeds/M/Legacy/plans/2026-07-03-m-prime-cycle-3-full-rerun/29-integrated-plugins-composition-deep.md","done","PASS","2026-07-21T12:02:34.783Z","UF","","29.T29.10","Idea/Bimba/Seeds/M/Legacy/plans/2026-06-02-m-prime-cycle-3-design-reconciliation/29-integrated-plugins-composition-deep.md","Idea/Bimba/Seeds/M/Legacy/plans/2026-07-03-m-prime-cycle-3-full-rerun/plan.runs/verifications/29.T29.11.md"
"29.T29.12","29","Visual-regression fixtures for both compositions *(spec-ahead-integration; closes OW-WC-IP-2; cross-link 15.12)","Idea/Bimba/Seeds/M/Legacy/plans/2026-07-03-m-prime-cycle-3-full-rerun/29-integrated-plugins-composition-deep.md","done","PASS","2026-07-22T10:55:40.401Z","UF","","29.T29.11","Idea/Bimba/Seeds/M/Legacy/plans/2026-06-02-m-prime-cycle-3-design-reconciliation/29-integrated-plugins-composition-deep.md","Idea/Bimba/Seeds/M/Legacy/plans/2026-07-03-m-prime-cycle-3-full-rerun/plan.runs/verifications/29.T29.12.md"
"29.T29.13","29","M4 protected-local boundary enforcement extended to geometric slots *(spec-ahead-integration; closes IP-15 + DR-M4-3 geometric enforcement)","Idea/Bimba/Seeds/M/Legacy/plans/2026-07-03-m-prime-cycle-3-full-rerun/29-integrated-plugins-composition-deep.md","done","PASS","2026-07-17T09:14:21.104Z","UF","","29.T29.12","Idea/Bimba/Seeds/M/Legacy/plans/2026-06-02-m-prime-cycle-3-design-reconciliation/29-integrated-plugins-composition-deep.md","Idea/Bimba/Seeds/M/Legacy/plans/2026-07-03-m-prime-cycle-3-full-rerun/plan.runs/verifications/29.T29.13.md"
"29.T29.14","29","Composition deep-link routes + cross-layout intent integration *(spec-ahead-integration; closes OW-WC-IP-3; cross-link 11.2 / TS-11)","Idea/Bimba/Seeds/M/Legacy/plans/2026-07-03-m-prime-cycle-3-full-rerun/29-integrated-plugins-composition-deep.md","done","PASS","2026-07-21T12:02:34.783Z","UF","","29.T29.13","Idea/Bimba/Seeds/M/Legacy/plans/2026-06-02-m-prime-cycle-3-design-reconciliation/29-integrated-plugins-composition-deep.md","Idea/Bimba/Seeds/M/Legacy/plans/2026-07-03-m-prime-cycle-3-full-rerun/plan.runs/verifications/29.T29.14.md"
"29.T29.15","29","Pentadic runtime trace overlay across 1-2-3 and 4-5-0 *(spec-ahead-integration; consumes 10.P5 + Track 36.4-36.6)","Idea/Bimba/Seeds/M/Legacy/plans/2026-07-03-m-prime-cycle-3-full-rerun/29-integrated-plugins-composition-deep.md","done","PASS","2026-07-22T01:04:38.817Z","UF","","29.T29.14","Idea/Bimba/Seeds/M/Legacy/plans/2026-06-02-m-prime-cycle-3-design-reconciliation/29-integrated-plugins-composition-deep.md","Idea/Bimba/Seeds/M/Legacy/plans/2026-07-03-m-prime-cycle-3-full-rerun/plan.runs/verifications/29.T29.15.md"
"29.T29.16","29","Inhabited Bimba live entity field overlay *(spec-ahead-integration; consumes CCT-21 + 10.PASU + 18.10 + 25.22)","Idea/Bimba/Seeds/M/Legacy/plans/2026-07-03-m-prime-cycle-3-full-rerun/29-integrated-plugins-composition-deep.md","done","PASS","2026-08-02T23:04:17.797Z","UF","","29.T29.15","Idea/Bimba/Seeds/M/Legacy/plans/2026-06-02-m-prime-cycle-3-design-reconciliation/29-integrated-plugins-composition-deep.md","Idea/Bimba/Seeds/M/Legacy/plans/2026-07-03-m-prime-cycle-3-full-rerun/plan.runs/verifications/29.T29.16.md"
"30.T30.1","30","Typography scale contract","Idea/Bimba/Seeds/M/Legacy/plans/2026-07-03-m-prime-cycle-3-full-rerun/30-design-language-layer.md","done","PASS","2026-07-11T19:15:04.067Z","UF","","00.T3","Idea/Bimba/Seeds/M/Legacy/plans/2026-06-02-m-prime-cycle-3-design-reconciliation/30-design-language-layer.md","Idea/Bimba/Seeds/M/Legacy/plans/2026-07-03-m-prime-cycle-3-full-rerun/plan.runs/verifications/30.T30.1.md"
"30.T30.2","30","Coordinate-derived chromatic system","Idea/Bimba/Seeds/M/Legacy/plans/2026-07-03-m-prime-cycle-3-full-rerun/30-design-language-layer.md","done","PASS","2026-07-23T22:00:03.804Z","UF","","30.T30.14","Idea/Bimba/Seeds/M/Legacy/plans/2026-06-02-m-prime-cycle-3-design-reconciliation/30-design-language-layer.md","Idea/Bimba/Seeds/M/Legacy/plans/2026-07-03-m-prime-cycle-3-full-rerun/plan.runs/verifications/30.T30.2.md"
"30.T30.3","30","Motion grammar","Idea/Bimba/Seeds/M/Legacy/plans/2026-07-03-m-prime-cycle-3-full-rerun/30-design-language-layer.md","done","PASS","2026-07-24T00:09:41.779Z","UF","","30.T30.2","Idea/Bimba/Seeds/M/Legacy/plans/2026-06-02-m-prime-cycle-3-design-reconciliation/30-design-language-layer.md","Idea/Bimba/Seeds/M/Legacy/plans/2026-07-03-m-prime-cycle-3-full-rerun/plan.runs/verifications/30.T30.3.md"
"30.T30.4","30","Light/dark theme mapping","Idea/Bimba/Seeds/M/Legacy/plans/2026-07-03-m-prime-cycle-3-full-rerun/30-design-language-layer.md","done","PASS","2026-07-25T09:57:38.078Z","UF","","30.T30.3","Idea/Bimba/Seeds/M/Legacy/plans/2026-06-02-m-prime-cycle-3-design-reconciliation/30-design-language-layer.md","Idea/Bimba/Seeds/M/Legacy/plans/2026-07-03-m-prime-cycle-3-full-rerun/plan.runs/verifications/30.T30.4.md"
"30.T30.5","30","Accessibility contracts","Idea/Bimba/Seeds/M/Legacy/plans/2026-07-03-m-prime-cycle-3-full-rerun/30-design-language-layer.md","done","PASS","2026-07-27T18:18:35.859Z","UF","","30.T30.4","Body/M/pratibimba-app/src/ui/accessibility.ts | Idea/Bimba/Seeds/M/Legacy/plans/2026-06-02-m-prime-cycle-3-design-reconciliation/30-design-language-layer.md | src/ui/** | src/ui/accessibility.test.ts | tests/e2e/accessibility-contract.spec.ts","Idea/Bimba/Seeds/M/Legacy/plans/2026-07-03-m-prime-cycle-3-full-rerun/plan.runs/verifications/30.T30.5.md"
"30.T30.6","30","Empty / loading / pending / blocked state grammar","Idea/Bimba/Seeds/M/Legacy/plans/2026-07-03-m-prime-cycle-3-full-rerun/30-design-language-layer.md","done","PASS","2026-07-27T21:07:59.564Z","UF","","30.T30.5","Idea/Bimba/Seeds/M/Legacy/plans/2026-06-02-m-prime-cycle-3-design-reconciliation/30-design-language-layer.md","Idea/Bimba/Seeds/M/Legacy/plans/2026-07-03-m-prime-cycle-3-full-rerun/plan.runs/verifications/30.T30.6.md"
"30.T30.7","30","Highlight category register canonical set","Idea/Bimba/Seeds/M/Legacy/plans/2026-07-03-m-prime-cycle-3-full-rerun/30-design-language-layer.md","done","PASS","2026-07-27T21:21:17.604Z","UF","","30.T30.6","Idea/Bimba/Seeds/M/Legacy/plans/2026-06-02-m-prime-cycle-3-design-reconciliation/30-design-language-layer.md","Idea/Bimba/Seeds/M/Legacy/plans/2026-07-03-m-prime-cycle-3-full-rerun/plan.runs/verifications/30.T30.7.md"
"30.T30.8","30","Family-letter palette derivation","Idea/Bimba/Seeds/M/Legacy/plans/2026-07-03-m-prime-cycle-3-full-rerun/30-design-language-layer.md","done","PASS","2026-07-28T00:40:33.975Z","UF","","30.T30.7","Idea/Bimba/Seeds/M/Legacy/plans/2026-06-02-m-prime-cycle-3-design-reconciliation/30-design-language-layer.md","Idea/Bimba/Seeds/M/Legacy/plans/2026-07-03-m-prime-cycle-3-full-rerun/plan.runs/verifications/30.T30.8.md"
"30.T30.9","30","Iconography system","Idea/Bimba/Seeds/M/Legacy/plans/2026-07-03-m-prime-cycle-3-full-rerun/30-design-language-layer.md","done","PASS","2026-07-28T08:13:47.179Z","UF","","30.T30.8","Idea/Bimba/Seeds/M/Legacy/plans/2026-06-02-m-prime-cycle-3-design-reconciliation/30-design-language-layer.md","Idea/Bimba/Seeds/M/Legacy/plans/2026-07-03-m-prime-cycle-3-full-rerun/plan.runs/verifications/30.T30.9.md"
"30.T30.10","30","Provenance / coordinate-string / state design primitives canonical land","Idea/Bimba/Seeds/M/Legacy/plans/2026-07-03-m-prime-cycle-3-full-rerun/30-design-language-layer.md","done","PASS","2026-07-15T10:17:23.258Z","UF","","30.T30.1","Idea/Bimba/Seeds/M/Legacy/plans/2026-06-02-m-prime-cycle-3-design-reconciliation/30-design-language-layer.md","Idea/Bimba/Seeds/M/Legacy/plans/2026-07-03-m-prime-cycle-3-full-rerun/plan.runs/verifications/30.T30.10.md"
"30.T30.11","30","Design tokens emission and consume-not-fork lint","Idea/Bimba/Seeds/M/Legacy/plans/2026-07-03-m-prime-cycle-3-full-rerun/30-design-language-layer.md","done","PASS","2026-07-16T20:57:31.838Z","UF","","30.T30.10","Idea/Bimba/Seeds/M/Legacy/plans/2026-06-02-m-prime-cycle-3-design-reconciliation/30-design-language-layer.md","Idea/Bimba/Seeds/M/Legacy/plans/2026-07-03-m-prime-cycle-3-full-rerun/plan.runs/verifications/30.T30.11.md"
"30.T30.12","30","Composition design rules","Idea/Bimba/Seeds/M/Legacy/plans/2026-07-03-m-prime-cycle-3-full-rerun/30-design-language-layer.md","done","PASS","2026-07-17T09:14:21.104Z","UF","","30.T30.11","Idea/Bimba/Seeds/M/Legacy/plans/2026-06-02-m-prime-cycle-3-design-reconciliation/30-design-language-layer.md","Idea/Bimba/Seeds/M/Legacy/plans/2026-07-03-m-prime-cycle-3-full-rerun/plan.runs/verifications/30.T30.12.md"
"30.T30.13","30","Coordinate-string rendering convention","Idea/Bimba/Seeds/M/Legacy/plans/2026-07-03-m-prime-cycle-3-full-rerun/30-design-language-layer.md","done","PASS","2026-07-21T12:02:34.783Z","UF","","30.T30.12","Idea/Bimba/Seeds/M/Legacy/plans/2026-06-02-m-prime-cycle-3-design-reconciliation/30-design-language-layer.md","Idea/Bimba/Seeds/M/Legacy/plans/2026-07-03-m-prime-cycle-3-full-rerun/plan.runs/verifications/30.T30.13.md"
"30.T30.14","30","Visual regression baseline catalog","Idea/Bimba/Seeds/M/Legacy/plans/2026-07-03-m-prime-cycle-3-full-rerun/30-design-language-layer.md","done","PASS","2026-07-21T13:32:26.732Z","UF","","30.T30.13","Idea/Bimba/Seeds/M/Legacy/plans/2026-06-02-m-prime-cycle-3-design-reconciliation/30-design-language-layer.md","Idea/Bimba/Seeds/M/Legacy/plans/2026-07-03-m-prime-cycle-3-full-rerun/plan.runs/verifications/30.T30.14.md"
"31.T31.1","31","Status bar entries catalog (exactly six state-thread entries)","Idea/Bimba/Seeds/M/Legacy/plans/2026-07-03-m-prime-cycle-3-full-rerun/31-chrome-contributions-catalog.md","done","PASS","2026-07-11T18:15:32.025Z","UF","","00.T3","Idea/Bimba/Seeds/M/Legacy/plans/2026-06-02-m-prime-cycle-3-design-reconciliation/31-chrome-contributions-catalog.md","Idea/Bimba/Seeds/M/Legacy/plans/2026-07-03-m-prime-cycle-3-full-rerun/plan.runs/verifications/31.T31.1.md"
"31.T31.2","31","Command palette catalog per extension","Idea/Bimba/Seeds/M/Legacy/plans/2026-07-03-m-prime-cycle-3-full-rerun/31-chrome-contributions-catalog.md","done","PASS","2026-07-22T01:04:38.816Z","UF","","31.T31.13","Idea/Bimba/Seeds/M/Legacy/plans/2026-06-02-m-prime-cycle-3-design-reconciliation/31-chrome-contributions-catalog.md","Idea/Bimba/Seeds/M/Legacy/plans/2026-07-03-m-prime-cycle-3-full-rerun/plan.runs/verifications/31.T31.2.md"
"31.T31.3","31","Keybinding chord grammar","Idea/Bimba/Seeds/M/Legacy/plans/2026-07-03-m-prime-cycle-3-full-rerun/31-chrome-contributions-catalog.md","done","PASS","2026-07-22T14:47:29.552Z","UF","","31.T31.2","Idea/Bimba/Seeds/M/Legacy/plans/2026-06-02-m-prime-cycle-3-design-reconciliation/31-chrome-contributions-catalog.md","Idea/Bimba/Seeds/M/Legacy/plans/2026-07-03-m-prime-cycle-3-full-rerun/plan.runs/verifications/31.T31.3.md"
"31.T31.4","31","Activity-bar mode contributions","Idea/Bimba/Seeds/M/Legacy/plans/2026-07-03-m-prime-cycle-3-full-rerun/31-chrome-contributions-catalog.md","done","PASS","2026-07-22T23:59:14.635Z","UF","","31.T31.3","Idea/Bimba/Seeds/M/Legacy/plans/2026-06-02-m-prime-cycle-3-design-reconciliation/31-chrome-contributions-catalog.md","Idea/Bimba/Seeds/M/Legacy/plans/2026-07-03-m-prime-cycle-3-full-rerun/plan.runs/verifications/31.T31.4.md"
"31.T31.5","31","Menu contributions: Epi-Logos top-level menu","Idea/Bimba/Seeds/M/Legacy/plans/2026-07-03-m-prime-cycle-3-full-rerun/31-chrome-contributions-catalog.md","done","PASS","2026-07-23T09:54:20.683Z","UF","","31.T31.4","Idea/Bimba/Seeds/M/Legacy/plans/2026-06-02-m-prime-cycle-3-design-reconciliation/31-chrome-contributions-catalog.md","Idea/Bimba/Seeds/M/Legacy/plans/2026-07-03-m-prime-cycle-3-full-rerun/plan.runs/verifications/31.T31.5.md"
"31.T31.6","31","Breadcrumbs: coordinate path visible","Idea/Bimba/Seeds/M/Legacy/plans/2026-07-03-m-prime-cycle-3-full-rerun/31-chrome-contributions-catalog.md","done","PASS","2026-07-23T22:00:03.805Z","UF","","31.T31.5","Idea/Bimba/Seeds/M/Legacy/plans/2026-06-02-m-prime-cycle-3-design-reconciliation/31-chrome-contributions-catalog.md","Idea/Bimba/Seeds/M/Legacy/plans/2026-07-03-m-prime-cycle-3-full-rerun/plan.runs/verifications/31.T31.6.md"
"31.T31.7","31","Application-shell slot policy contract","Idea/Bimba/Seeds/M/Legacy/plans/2026-07-03-m-prime-cycle-3-full-rerun/31-chrome-contributions-catalog.md","done","PASS","2026-07-24T00:09:41.779Z","UF","","31.T31.6","Idea/Bimba/Seeds/M/Legacy/plans/2026-06-02-m-prime-cycle-3-design-reconciliation/31-chrome-contributions-catalog.md","Idea/Bimba/Seeds/M/Legacy/plans/2026-07-03-m-prime-cycle-3-full-rerun/plan.runs/verifications/31.T31.7.md"
"31.T31.8","31","No-modal discipline lint","Idea/Bimba/Seeds/M/Legacy/plans/2026-07-03-m-prime-cycle-3-full-rerun/31-chrome-contributions-catalog.md","done","PASS","2026-07-25T11:20:23.944Z","UF","","31.T31.7","Idea/Bimba/Seeds/M/Legacy/plans/2026-06-02-m-prime-cycle-3-design-reconciliation/31-chrome-contributions-catalog.md","Idea/Bimba/Seeds/M/Legacy/plans/2026-07-03-m-prime-cycle-3-full-rerun/plan.runs/verifications/31.T31.8.md"
"31.T31.9","31","Preference contributions per extension","Idea/Bimba/Seeds/M/Legacy/plans/2026-07-03-m-prime-cycle-3-full-rerun/31-chrome-contributions-catalog.md","done","PASS","2026-07-29T12:42:22.698Z","UF","","31.T31.8","Idea/Bimba/Seeds/M/Legacy/plans/2026-06-02-m-prime-cycle-3-design-reconciliation/31-chrome-contributions-catalog.md","Idea/Bimba/Seeds/M/Legacy/plans/2026-07-03-m-prime-cycle-3-full-rerun/plan.runs/verifications/31.T31.9.md"
"31.T31.10","31","Cross-layout intent dispatcher contributions","Idea/Bimba/Seeds/M/Legacy/plans/2026-07-03-m-prime-cycle-3-full-rerun/31-chrome-contributions-catalog.md","done","PASS","2026-07-15T10:17:23.259Z","UF","","31.T31.1","Idea/Bimba/Seeds/M/Legacy/plans/2026-06-02-m-prime-cycle-3-design-reconciliation/31-chrome-contributions-catalog.md","Idea/Bimba/Seeds/M/Legacy/plans/2026-07-03-m-prime-cycle-3-full-rerun/plan.runs/verifications/31.T31.10.md"
"31.T31.11","31","Toolbar / context-menu / inline-action contribution policy","Idea/Bimba/Seeds/M/Legacy/plans/2026-07-03-m-prime-cycle-3-full-rerun/31-chrome-contributions-catalog.md","done","PASS","2026-07-16T20:57:31.839Z","UF","","31.T31.10","Idea/Bimba/Seeds/M/Legacy/plans/2026-06-02-m-prime-cycle-3-design-reconciliation/31-chrome-contributions-catalog.md","Idea/Bimba/Seeds/M/Legacy/plans/2026-07-03-m-prime-cycle-3-full-rerun/plan.runs/verifications/31.T31.11.md"
"31.T31.12","31","Chrome ledger artifact","Idea/Bimba/Seeds/M/Legacy/plans/2026-07-03-m-prime-cycle-3-full-rerun/31-chrome-contributions-catalog.md","done","PASS","2026-07-17T09:14:21.104Z","UF","","31.T31.11","Idea/Bimba/Seeds/M/Legacy/plans/2026-06-02-m-prime-cycle-3-design-reconciliation/31-chrome-contributions-catalog.md","Idea/Bimba/Seeds/M/Legacy/plans/2026-07-03-m-prime-cycle-3-full-rerun/plan.runs/verifications/31.T31.12.md"
"31.T31.13","31","Validation suite","Idea/Bimba/Seeds/M/Legacy/plans/2026-07-03-m-prime-cycle-3-full-rerun/31-chrome-contributions-catalog.md","done","PASS","2026-07-21T12:02:34.783Z","UF","","31.T31.12","Idea/Bimba/Seeds/M/Legacy/plans/2026-06-02-m-prime-cycle-3-design-reconciliation/31-chrome-contributions-catalog.md","Idea/Bimba/Seeds/M/Legacy/plans/2026-07-03-m-prime-cycle-3-full-rerun/plan.runs/verifications/31.T31.13.md"
"32.T32.1","32","Cold-start playbook","Idea/Bimba/Seeds/M/Legacy/plans/2026-07-03-m-prime-cycle-3-full-rerun/32-onboarding-settings-empty-states.md","done","PASS","2026-07-10T22:37:00.795Z","UF","","00.T3","Idea/Bimba/Seeds/M/Legacy/plans/2026-06-02-m-prime-cycle-3-design-reconciliation/32-onboarding-settings-empty-states.md","Idea/Bimba/Seeds/M/Legacy/plans/2026-07-03-m-prime-cycle-3-full-rerun/plan.runs/verifications/32.T32.1.md"
"32.T32.2","32","First-run identity wizard invocation orchestration","Idea/Bimba/Seeds/M/Legacy/plans/2026-07-03-m-prime-cycle-3-full-rerun/32-onboarding-settings-empty-states.md","done","PASS","2026-07-24T00:01:19.980Z","UF","","32.T32.14","Idea/Bimba/Seeds/M/Legacy/plans/2026-06-02-m-prime-cycle-3-design-reconciliation/32-onboarding-settings-empty-states.md","Idea/Bimba/Seeds/M/Legacy/plans/2026-07-03-m-prime-cycle-3-full-rerun/plan.runs/verifications/32.T32.2.md"
"32.T32.3","32","Post-identity onboarding walkthrough","Idea/Bimba/Seeds/M/Legacy/plans/2026-07-03-m-prime-cycle-3-full-rerun/32-onboarding-settings-empty-states.md","done","PASS","2026-07-25T12:18:25.574Z","UF","","32.T32.2","Idea/Bimba/Seeds/M/Legacy/plans/2026-06-02-m-prime-cycle-3-design-reconciliation/32-onboarding-settings-empty-states.md","Idea/Bimba/Seeds/M/Legacy/plans/2026-07-03-m-prime-cycle-3-full-rerun/plan.runs/verifications/32.T32.3.md"
"32.T32.4","32","Settings UX surface","Idea/Bimba/Seeds/M/Legacy/plans/2026-07-03-m-prime-cycle-3-full-rerun/32-onboarding-settings-empty-states.md","done","PASS","2026-07-28T10:15:50.782Z","UF","","32.T32.3","Idea/Bimba/Seeds/M/Legacy/plans/2026-06-02-m-prime-cycle-3-design-reconciliation/32-onboarding-settings-empty-states.md","Idea/Bimba/Seeds/M/Legacy/plans/2026-07-03-m-prime-cycle-3-full-rerun/plan.runs/verifications/32.T32.4.md"
"32.T32.5","32","Per-readiness-state grammar canonical contract","Idea/Bimba/Seeds/M/Legacy/plans/2026-07-03-m-prime-cycle-3-full-rerun/32-onboarding-settings-empty-states.md","done","PASS","2026-07-28T22:08:48.027Z","UF","","32.T32.4","Idea/Bimba/Seeds/M/Legacy/plans/2026-06-02-m-prime-cycle-3-design-reconciliation/32-onboarding-settings-empty-states.md","Idea/Bimba/Seeds/M/Legacy/plans/2026-07-03-m-prime-cycle-3-full-rerun/plan.runs/verifications/32.T32.5.md"
"32.T32.6","32","Empty-state grammar per extension","Idea/Bimba/Seeds/M/Legacy/plans/2026-07-03-m-prime-cycle-3-full-rerun/32-onboarding-settings-empty-states.md","done","PASS","2026-07-29T15:03:46.261Z","UF","","32.T32.5","Idea/Bimba/Seeds/M/Legacy/plans/2026-06-02-m-prime-cycle-3-design-reconciliation/32-onboarding-settings-empty-states.md","Idea/Bimba/Seeds/M/Legacy/plans/2026-07-03-m-prime-cycle-3-full-rerun/plan.runs/verifications/32.T32.6.md"
"32.T32.7","32","Error UX grammar + Diagnostics deep-link","Idea/Bimba/Seeds/M/Legacy/plans/2026-07-03-m-prime-cycle-3-full-rerun/32-onboarding-settings-empty-states.md","done","PASS","2026-07-29T18:28:28.791Z","UF","","32.T32.6","Idea/Bimba/Seeds/M/Legacy/plans/2026-06-02-m-prime-cycle-3-design-reconciliation/32-onboarding-settings-empty-states.md","Idea/Bimba/Seeds/M/Legacy/plans/2026-07-03-m-prime-cycle-3-full-rerun/plan.runs/verifications/32.T32.7.md"
"32.T32.8","32","Privacy class default + opt-in flow","Idea/Bimba/Seeds/M/Legacy/plans/2026-07-03-m-prime-cycle-3-full-rerun/32-onboarding-settings-empty-states.md","done","PASS","2026-07-31T02:56:24.095Z","UF","","32.T32.7","Idea/Bimba/Seeds/M/Legacy/plans/2026-06-02-m-prime-cycle-3-design-reconciliation/32-onboarding-settings-empty-states.md","Idea/Bimba/Seeds/M/Legacy/plans/2026-07-03-m-prime-cycle-3-full-rerun/plan.runs/verifications/32.T32.8.md"
"32.T32.9","32","Profile-tick visibility for new users","Idea/Bimba/Seeds/M/Legacy/plans/2026-07-03-m-prime-cycle-3-full-rerun/32-onboarding-settings-empty-states.md","done","PASS","2026-07-31T03:51:28.908Z","UF","","32.T32.8","Idea/Bimba/Seeds/M/Legacy/plans/2026-06-02-m-prime-cycle-3-design-reconciliation/32-onboarding-settings-empty-states.md","Idea/Bimba/Seeds/M/Legacy/plans/2026-07-03-m-prime-cycle-3-full-rerun/plan.runs/verifications/32.T32.9.md"
"32.T32.10","32","Kairos enablement onboarding","Idea/Bimba/Seeds/M/Legacy/plans/2026-07-03-m-prime-cycle-3-full-rerun/32-onboarding-settings-empty-states.md","done","PASS","2026-07-15T10:17:23.259Z","UF","","32.T32.1","Idea/Bimba/Seeds/M/Legacy/plans/2026-06-02-m-prime-cycle-3-design-reconciliation/32-onboarding-settings-empty-states.md","Idea/Bimba/Seeds/M/Legacy/plans/2026-07-03-m-prime-cycle-3-full-rerun/plan.runs/verifications/32.T32.10.md"
"32.T32.11","32","Day-not-yet-started orchestration","Idea/Bimba/Seeds/M/Legacy/plans/2026-07-03-m-prime-cycle-3-full-rerun/32-onboarding-settings-empty-states.md","done","PASS","2026-07-21T12:02:34.783Z","UF","","32.T32.10","Idea/Bimba/Seeds/M/Legacy/plans/2026-06-02-m-prime-cycle-3-design-reconciliation/32-onboarding-settings-empty-states.md","Idea/Bimba/Seeds/M/Legacy/plans/2026-07-03-m-prime-cycle-3-full-rerun/plan.runs/verifications/32.T32.11.md"
"32.T32.12","32","Reset / clear-state UX","Idea/Bimba/Seeds/M/Legacy/plans/2026-07-03-m-prime-cycle-3-full-rerun/32-onboarding-settings-empty-states.md","done","PASS","2026-07-17T09:14:21.104Z","UF","","32.T32.11","Idea/Bimba/Seeds/M/Legacy/plans/2026-06-02-m-prime-cycle-3-design-reconciliation/32-onboarding-settings-empty-states.md","Idea/Bimba/Seeds/M/Legacy/plans/2026-07-03-m-prime-cycle-3-full-rerun/plan.runs/verifications/32.T32.12.md"
"32.T32.13","32","Onboarding completion ledger","Idea/Bimba/Seeds/M/Legacy/plans/2026-07-03-m-prime-cycle-3-full-rerun/32-onboarding-settings-empty-states.md","done","PASS","2026-07-21T12:02:34.783Z","UF","","32.T32.12","Idea/Bimba/Seeds/M/Legacy/plans/2026-06-02-m-prime-cycle-3-design-reconciliation/32-onboarding-settings-empty-states.md","Idea/Bimba/Seeds/M/Legacy/plans/2026-07-03-m-prime-cycle-3-full-rerun/plan.runs/verifications/32.T32.13.md"
"32.T32.14","32","Acceptance harness onboarding fixtures","Idea/Bimba/Seeds/M/Legacy/plans/2026-07-03-m-prime-cycle-3-full-rerun/32-onboarding-settings-empty-states.md","done","PASS","2026-07-23T09:54:20.684Z","UF","","32.T32.13","Idea/Bimba/Seeds/M/Legacy/plans/2026-06-02-m-prime-cycle-3-design-reconciliation/32-onboarding-settings-empty-states.md","Idea/Bimba/Seeds/M/Legacy/plans/2026-07-03-m-prime-cycle-3-full-rerun/plan.runs/verifications/32.T32.14.md"
"33.T0","33","Absorb and retarget: 33-harmonic-energy-channel-handoff.md (law-only source)","Idea/Bimba/Seeds/M/Legacy/plans/2026-07-03-m-prime-cycle-3-full-rerun/33-harmonic-energy-channel-handoff.md","done","PASS","2026-07-10T22:22:17.779Z","K","","00.T12 | 00.T3 | 05.T5 | 12.T12","Idea/Bimba/Seeds/M/Legacy/plans/2026-06-02-m-prime-cycle-3-design-reconciliation/33-harmonic-energy-channel-handoff.md | Idea/Bimba/Seeds/M/plans/2026-07-03-cycle-3-recapture-register.md:109-110,165,167","Idea/Bimba/Seeds/M/Legacy/plans/2026-07-03-m-prime-cycle-3-full-rerun/plan.runs/verifications/33.T0.md"
"33.T33.1","33","Close the E₅/E₆ energy channels beyond stub-zero (kernel-truth 4:5:6 expected-red)","Idea/Bimba/Seeds/M/Legacy/plans/2026-07-03-m-prime-cycle-3-full-rerun/33-harmonic-energy-channel-handoff.md","done","PASS","2026-07-20T20:53:25.158Z","K","","00.T3 | 33.T0","Body/S/S0/portal-core/src/kernel.rs:352-353,653-670","Idea/Bimba/Seeds/M/Legacy/plans/2026-07-03-m-prime-cycle-3-full-rerun/plan.runs/verifications/33.T33.1.md"
"33.T33.2","33","Oracle codon-charge data-spine unification (m3_compute_charges FFI; retire the independent Rust algebra)","Idea/Bimba/Seeds/M/Legacy/plans/2026-07-03-m-prime-cycle-3-full-rerun/33-harmonic-energy-channel-handoff.md","done","PASS","2026-07-12T20:07:45.400Z","K","","00.T3 | 33.T33.1","Body/S/S0/epi-cli/src/nara/oracle_engine.rs | Body/S/S0/epi-lib/include/m3.h:755-767 | Idea/Bimba/Seeds/M/plans/2026-07-03-cycle-3-recapture-register.md:165","Idea/Bimba/Seeds/M/Legacy/plans/2026-07-03-m-prime-cycle-3-full-rerun/plan.runs/verifications/33.T33.2.md"
"33.T33.3","33","Energy-decomposition carrier surface on the 4-5-0 engine (E₄/E₅/E₆ read-out)","Idea/Bimba/Seeds/M/Legacy/plans/2026-07-03-m-prime-cycle-3-full-rerun/33-harmonic-energy-channel-handoff.md","done","PASS","2026-07-13T11:33:31.772Z","K","","33.T33.2","Body/M/pratibimba-app | Body/M/pratibimba-app/src | Idea/Bimba/Seeds/M/plans/2026-07-03-cycle-3-recapture-register.md:110","Idea/Bimba/Seeds/M/Legacy/plans/2026-07-03-m-prime-cycle-3-full-rerun/plan.runs/verifications/33.T33.3.md"
"34.T34.1","34","Component A: S0 settings infrastructure","Idea/Bimba/Seeds/M/Legacy/plans/2026-07-03-m-prime-cycle-3-full-rerun/34-s0-settings-and-gemini-embedding.md","done","PASS","2026-07-10T13:04:02.035Z","K","","00.T3","Idea/Bimba/Seeds/M/Legacy/plans/2026-06-02-m-prime-cycle-3-design-reconciliation/34-s0-settings-and-gemini-embedding.md","Idea/Bimba/Seeds/M/Legacy/plans/2026-07-03-m-prime-cycle-3-full-rerun/plan.runs/verifications/34.T34.1.md"
"34.T34.2","34","Component B: Gemini Embedding 2 accessor (depends on Tranche 34.1 `CloudOptInPolicy`)","Idea/Bimba/Seeds/M/Legacy/plans/2026-07-03-m-prime-cycle-3-full-rerun/34-s0-settings-and-gemini-embedding.md","done","PASS","2026-07-10T13:08:37.813Z","K","","34.T34.1","Idea/Bimba/Seeds/M/Legacy/plans/2026-06-02-m-prime-cycle-3-design-reconciliation/34-s0-settings-and-gemini-embedding.md","Idea/Bimba/Seeds/M/Legacy/plans/2026-07-03-m-prime-cycle-3-full-rerun/plan.runs/verifications/34.T34.2.md"
"35.T0","35","Absorb and retarget: 35-fibonacci-ground-level-0-temporal-substrate.md (law-only source)","Idea/Bimba/Seeds/M/Legacy/plans/2026-07-03-m-prime-cycle-3-full-rerun/35-fibonacci-ground-level-0-temporal-substrate.md","done","PASS","2026-07-10T22:25:51.846Z","K","","00.T3","Body/M/pratibimba-app/src/engine/CosmicEngine.tsx:386-406 | Body/S/S0/epi-lib/include/m4.h:261-288 | Idea/Bimba/Seeds/M/Legacy/plans/2026-06-02-m-prime-cycle-3-design-reconciliation/35-fibonacci-ground-level-0-temporal-substrate.md | Idea/Bimba/Seeds/M/plans/2026-07-03-cycle-3-recapture-register.md:103-104 | Idea/Bimba/World/NOW.md:11-14","Idea/Bimba/Seeds/M/Legacy/plans/2026-07-03-m-prime-cycle-3-full-rerun/plan.runs/verifications/35.T0.md"
"35.T35.1","35","Live-Sun silver-dot marker at fibonacci-position on the carrier cosmic clock (the natal-gold-ring dual)","Idea/Bimba/Seeds/M/Legacy/plans/2026-07-03-m-prime-cycle-3-full-rerun/35-fibonacci-ground-level-0-temporal-substrate.md","done","PASS","2026-07-12T18:45:26.937Z","K","","00.T3 | 35.T0","Body/M/pratibimba-app | Body/M/pratibimba-app/src/engine | Body/M/pratibimba-app/src/engine/fibonacciGround.test.ts | Body/M/pratibimba-app/src/engine/fibonacciGround.ts","Idea/Bimba/Seeds/M/Legacy/plans/2026-07-03-m-prime-cycle-3-full-rerun/plan.runs/verifications/35.T35.1.md"
"35.T35.2","35","Fibonacci Ground Level-0 end-to-end coherence audit (DR-FIB-1..5 on the current stack)","Idea/Bimba/Seeds/M/Legacy/plans/2026-07-03-m-prime-cycle-3-full-rerun/35-fibonacci-ground-level-0-temporal-substrate.md","done","PASS","2026-07-13T16:47:30.484Z","K","","35.T35.1","Idea/Bimba/Seeds/M/plans/2026-07-03-cycle-3-recapture-register.md:104","Idea/Bimba/Seeds/M/Legacy/plans/2026-07-03-m-prime-cycle-3-full-rerun/plan.runs/verifications/35.T35.2.md"
"36.T36.1","36","`AnuttaraPentadicRuntimeTrace` profile projection","Idea/Bimba/Seeds/M/Legacy/plans/2026-07-03-m-prime-cycle-3-full-rerun/36-anuttara-pentadic-runtime-trace.md","done","PASS","2026-07-07T04:01:15.774Z","W","","00.T3","Idea/Bimba/Seeds/M/Legacy/plans/2026-06-02-m-prime-cycle-3-design-reconciliation/36-anuttara-pentadic-runtime-trace.md","Idea/Bimba/Seeds/M/Legacy/plans/2026-07-03-m-prime-cycle-3-full-rerun/plan.runs/verifications/36.T36.1.md"
"36.T36.2","36","Complement-family and mod-6 hinge tests","Idea/Bimba/Seeds/M/Legacy/plans/2026-07-03-m-prime-cycle-3-full-rerun/36-anuttara-pentadic-runtime-trace.md","done","PASS","2026-07-10T12:29:35.688Z","W","","36.T36.1","Idea/Bimba/Seeds/M/Legacy/plans/2026-06-02-m-prime-cycle-3-design-reconciliation/36-anuttara-pentadic-runtime-trace.md","Idea/Bimba/Seeds/M/Legacy/plans/2026-07-03-m-prime-cycle-3-full-rerun/plan.runs/verifications/36.T36.2.md"
"36.T36.3","36","M3 Maxwell/Mahamaya 15 inspector extension","Idea/Bimba/Seeds/M/Legacy/plans/2026-07-03-m-prime-cycle-3-full-rerun/36-anuttara-pentadic-runtime-trace.md","done","PASS","2026-07-10T12:47:32.244Z","W","","36.T36.2","Idea/Bimba/Seeds/M/Legacy/plans/2026-06-02-m-prime-cycle-3-design-reconciliation/36-anuttara-pentadic-runtime-trace.md","Idea/Bimba/Seeds/M/Legacy/plans/2026-07-03-m-prime-cycle-3-full-rerun/plan.runs/verifications/36.T36.3.md"
"36.T36.4","36","Integrated 1-2-3 composition overlay","Idea/Bimba/Seeds/M/Legacy/plans/2026-07-03-m-prime-cycle-3-full-rerun/36-anuttara-pentadic-runtime-trace.md","done","PASS","2026-07-10T12:59:45.984Z","W","","36.T36.3","Idea/Bimba/Seeds/M/Legacy/plans/2026-06-02-m-prime-cycle-3-design-reconciliation/36-anuttara-pentadic-runtime-trace.md","Idea/Bimba/Seeds/M/Legacy/plans/2026-07-03-m-prime-cycle-3-full-rerun/plan.runs/verifications/36.T36.4.md"
"36.T36.5","36","Integrated 4-5-0 recognition handoff","Idea/Bimba/Seeds/M/Legacy/plans/2026-07-03-m-prime-cycle-3-full-rerun/36-anuttara-pentadic-runtime-trace.md","done","PASS","2026-07-15T10:13:01.466Z","W","","36.T36.4","Idea/Bimba/Seeds/M/Legacy/plans/2026-06-02-m-prime-cycle-3-design-reconciliation/36-anuttara-pentadic-runtime-trace.md","Idea/Bimba/Seeds/M/Legacy/plans/2026-07-03-m-prime-cycle-3-full-rerun/plan.runs/verifications/36.T36.5.md"
"36.T36.6","36","M3-to-M5 learning-loop feature contract","Idea/Bimba/Seeds/M/Legacy/plans/2026-07-03-m-prime-cycle-3-full-rerun/36-anuttara-pentadic-runtime-trace.md","done","PASS","2026-08-02T09:37:31.836Z","W","","36.T36.5","Idea/Bimba/Seeds/M/Legacy/plans/2026-06-02-m-prime-cycle-3-design-reconciliation/36-anuttara-pentadic-runtime-trace.md","Idea/Bimba/Seeds/M/Legacy/plans/2026-07-03-m-prime-cycle-3-full-rerun/plan.runs/verifications/36.T36.6.md"
"36.T36.7","36","No-orphan and routeability closure","Idea/Bimba/Seeds/M/Legacy/plans/2026-07-03-m-prime-cycle-3-full-rerun/36-anuttara-pentadic-runtime-trace.md","done","PASS","2026-07-19T08:34:21.217Z","W","","36.T36.6","Idea/Bimba/Seeds/M/Legacy/plans/2026-06-02-m-prime-cycle-3-design-reconciliation/36-anuttara-pentadic-runtime-trace.md","Idea/Bimba/Seeds/M/Legacy/plans/2026-07-03-m-prime-cycle-3-full-rerun/plan.runs/verifications/36.T36.7.md"
"36.T36.8","36","Languification trace: Parā → Vaikharī descent as profile-bus projection","Idea/Bimba/Seeds/M/Legacy/plans/2026-07-03-m-prime-cycle-3-full-rerun/36-anuttara-pentadic-runtime-trace.md","done","PASS","2026-07-21T12:02:34.783Z","W","","36.T36.7","Idea/Bimba/Seeds/M/Legacy/plans/2026-06-02-m-prime-cycle-3-design-reconciliation/36-anuttara-pentadic-runtime-trace.md","Idea/Bimba/Seeds/M/Legacy/plans/2026-07-03-m-prime-cycle-3-full-rerun/plan.runs/verifications/36.T36.8.md"
"37.T37.1","37","Ratify the epogdoon-bridge projection","Idea/Bimba/Seeds/M/Legacy/plans/2026-07-03-m-prime-cycle-3-full-rerun/37-biological-quaternionic-cross-layer-integration.md","done","PASS","2026-07-12T18:15:48.805Z","K","","00.T3","Idea/Bimba/Seeds/M/Legacy/plans/2026-06-02-m-prime-cycle-3-design-reconciliation/37-biological-quaternionic-cross-layer-integration.md","Idea/Bimba/Seeds/M/Legacy/plans/2026-07-03-m-prime-cycle-3-full-rerun/plan.runs/verifications/37.T37.1.md"
"37.T37.2","37","Ratify the planetary-elemental projection","Idea/Bimba/Seeds/M/Legacy/plans/2026-07-03-m-prime-cycle-3-full-rerun/37-biological-quaternionic-cross-layer-integration.md","done","PASS","2026-07-13T11:33:31.772Z","K","","37.T37.11","Idea/Bimba/Seeds/M/Legacy/plans/2026-06-02-m-prime-cycle-3-design-reconciliation/37-biological-quaternionic-cross-layer-integration.md","Idea/Bimba/Seeds/M/Legacy/plans/2026-07-03-m-prime-cycle-3-full-rerun/plan.runs/verifications/37.T37.2.md"
"37.T37.3","37","Ratify the cymatic-MonoPoly projection","Idea/Bimba/Seeds/M/Legacy/plans/2026-07-03-m-prime-cycle-3-full-rerun/37-biological-quaternionic-cross-layer-integration.md","done","PASS","2026-07-13T15:32:12.016Z","K","","37.T37.2","Idea/Bimba/Seeds/M/Legacy/plans/2026-06-02-m-prime-cycle-3-design-reconciliation/37-biological-quaternionic-cross-layer-integration.md","Idea/Bimba/Seeds/M/Legacy/plans/2026-07-03-m-prime-cycle-3-full-rerun/plan.runs/verifications/37.T37.3.md"
"37.T37.4","37","Export the M2 elemental + cymatic contributions","Idea/Bimba/Seeds/M/Legacy/plans/2026-07-03-m-prime-cycle-3-full-rerun/37-biological-quaternionic-cross-layer-integration.md","done","PASS","2026-07-13T16:47:30.484Z","K","","37.T37.3","Idea/Bimba/Seeds/M/Legacy/plans/2026-06-02-m-prime-cycle-3-design-reconciliation/37-biological-quaternionic-cross-layer-integration.md","Idea/Bimba/Seeds/M/Legacy/plans/2026-07-03-m-prime-cycle-3-full-rerun/plan.runs/verifications/37.T37.4.md"
"37.T37.5","37","Reconcile the MonoPoly state vocabulary across M0 and M2","Idea/Bimba/Seeds/M/Legacy/plans/2026-07-03-m-prime-cycle-3-full-rerun/37-biological-quaternionic-cross-layer-integration.md","done","PASS","2026-07-14T07:50:58.872Z","K","","37.T37.4","Idea/Bimba/Seeds/M/Legacy/plans/2026-06-02-m-prime-cycle-3-design-reconciliation/37-biological-quaternionic-cross-layer-integration.md","Idea/Bimba/Seeds/M/Legacy/plans/2026-07-03-m-prime-cycle-3-full-rerun/plan.runs/verifications/37.T37.5.md"
"37.T37.6","37","Element-ID normalization in the bridge","Idea/Bimba/Seeds/M/Legacy/plans/2026-07-03-m-prime-cycle-3-full-rerun/37-biological-quaternionic-cross-layer-integration.md","done","PASS","2026-07-14T07:57:28.830Z","K","","37.T37.5","Idea/Bimba/Seeds/M/Legacy/plans/2026-06-02-m-prime-cycle-3-design-reconciliation/37-biological-quaternionic-cross-layer-integration.md","Idea/Bimba/Seeds/M/Legacy/plans/2026-07-03-m-prime-cycle-3-full-rerun/plan.runs/verifications/37.T37.6.md"
"37.T37.7","37","Honest RNA / chromosome deferral badges","Idea/Bimba/Seeds/M/Legacy/plans/2026-07-03-m-prime-cycle-3-full-rerun/37-biological-quaternionic-cross-layer-integration.md","done","PASS","2026-07-14T08:13:20.894Z","K","","37.T37.6","Idea/Bimba/Seeds/M/Legacy/plans/2026-06-02-m-prime-cycle-3-design-reconciliation/37-biological-quaternionic-cross-layer-integration.md","Idea/Bimba/Seeds/M/Legacy/plans/2026-07-03-m-prime-cycle-3-full-rerun/plan.runs/verifications/37.T37.7.md"
"37.T37.8","37","Ratify the lens→codon→binary projection","Idea/Bimba/Seeds/M/Legacy/plans/2026-07-03-m-prime-cycle-3-full-rerun/37-biological-quaternionic-cross-layer-integration.md","done","PASS","2026-07-15T10:13:19.296Z","K","","37.T37.7","Idea/Bimba/Seeds/M/Legacy/plans/2026-06-02-m-prime-cycle-3-design-reconciliation/37-biological-quaternionic-cross-layer-integration.md","Idea/Bimba/Seeds/M/Legacy/plans/2026-07-03-m-prime-cycle-3-full-rerun/plan.runs/verifications/37.T37.8.md"
"37.T37.9","37","Ratify the planet↔aperture aspect projection (the missing 16/9 edge class)","Idea/Bimba/Seeds/M/Legacy/plans/2026-07-03-m-prime-cycle-3-full-rerun/37-biological-quaternionic-cross-layer-integration.md","done","PASS","2026-07-16T20:52:43.623Z","K","","37.T37.8","Idea/Bimba/Seeds/M/Legacy/plans/2026-06-02-m-prime-cycle-3-design-reconciliation/37-biological-quaternionic-cross-layer-integration.md","Idea/Bimba/Seeds/M/Legacy/plans/2026-07-03-m-prime-cycle-3-full-rerun/plan.runs/verifications/37.T37.9.md"
"37.T37.10","37","Element-ID converters + stale-spec flag (closes DR-37-3 / DR-37-5)","Idea/Bimba/Seeds/M/Legacy/plans/2026-07-03-m-prime-cycle-3-full-rerun/37-biological-quaternionic-cross-layer-integration.md","done","PASS","2026-07-12T19:13:58.553Z","K","","37.T37.1","Idea/Bimba/Seeds/M/Legacy/plans/2026-06-02-m-prime-cycle-3-design-reconciliation/37-biological-quaternionic-cross-layer-integration.md","Idea/Bimba/Seeds/M/Legacy/plans/2026-07-03-m-prime-cycle-3-full-rerun/plan.runs/verifications/37.T37.10.md"
"37.T37.11","37","The bioquaternion transcription totality (one transcribed object, not scattered functions)","Idea/Bimba/Seeds/M/Legacy/plans/2026-07-03-m-prime-cycle-3-full-rerun/37-biological-quaternionic-cross-layer-integration.md","done","PASS","2026-07-13T10:12:57.802Z","K","","37.T37.10","Idea/Bimba/Seeds/M/Legacy/plans/2026-06-02-m-prime-cycle-3-design-reconciliation/37-biological-quaternionic-cross-layer-integration.md","Idea/Bimba/Seeds/M/Legacy/plans/2026-07-03-m-prime-cycle-3-full-rerun/plan.runs/verifications/37.T37.11.md"
"38.T0","38","Absorb and retarget: 38-tunability-surface-architecture.md (law-only source)","Idea/Bimba/Seeds/M/Legacy/plans/2026-07-03-m-prime-cycle-3-full-rerun/38-tunability-surface-architecture.md","done","PASS","2026-07-10T22:33:14.536Z","UF","","00.T3","Idea/Bimba/Seeds/M/Legacy/plans/2026-06-02-m-prime-cycle-3-design-reconciliation/38-tunability-surface-architecture.md | Idea/Bimba/Seeds/M/plans/2026-07-03-cycle-3-recapture-register.md:94-95","Idea/Bimba/Seeds/M/Legacy/plans/2026-07-03-m-prime-cycle-3-full-rerun/plan.runs/verifications/38.T0.md"
"38.T38.1","38","Carrier Tuning pane (pratibimba-app, no-modal landing surface over `s5'.tune.*`)","Idea/Bimba/Seeds/M/Legacy/plans/2026-07-03-m-prime-cycle-3-full-rerun/38-tunability-surface-architecture.md","done","PASS","2026-08-01T23:51:13.815Z","UF","","38.T06.9","Body/M/pratibimba-app | Body/M/pratibimba-app/src","Idea/Bimba/Seeds/M/Legacy/plans/2026-07-03-m-prime-cycle-3-full-rerun/plan.runs/verifications/38.T38.1.md"
"38.T06.7","38","Schema Crate (Foundation)","Idea/Bimba/Seeds/M/Legacy/plans/2026-07-03-m-prime-cycle-3-full-rerun/38-tunability-surface-implementation-plan.md","done","PASS","2026-07-17T09:14:21.104Z","UF","","00.T3 | 38.T06.12","Idea/Bimba/Seeds/M/Legacy/plans/2026-06-02-m-prime-cycle-3-design-reconciliation/38-tunability-surface-implementation-plan.md","Idea/Bimba/Seeds/M/Legacy/plans/2026-07-03-m-prime-cycle-3-full-rerun/plan.runs/verifications/38.T06.7.md"
"38.T06.12","38","Migrate Existing Config Surfaces (Must precede consumers)","Idea/Bimba/Seeds/M/Legacy/plans/2026-07-03-m-prime-cycle-3-full-rerun/38-tunability-surface-implementation-plan.md","done","PASS","2026-07-16T20:57:31.839Z","UF","","38.T06.11","Idea/Bimba/Seeds/M/Legacy/plans/2026-06-02-m-prime-cycle-3-design-reconciliation/38-tunability-surface-implementation-plan.md","Idea/Bimba/Seeds/M/Legacy/plans/2026-07-03-m-prime-cycle-3-full-rerun/plan.runs/verifications/38.T06.12.md"
"38.T06.8","38","Tuning UI Theia Extension","Idea/Bimba/Seeds/M/Legacy/plans/2026-07-03-m-prime-cycle-3-full-rerun/38-tunability-surface-implementation-plan.md","done","PASS","2026-07-18T09:17:29.180Z","UF","","38.T06.7","Idea/Bimba/Seeds/M/Legacy/plans/2026-06-02-m-prime-cycle-3-design-reconciliation/38-tunability-surface-implementation-plan.md","Idea/Bimba/Seeds/M/Legacy/plans/2026-07-03-m-prime-cycle-3-full-rerun/plan.runs/verifications/38.T06.8.md"
"38.T06.9","38","Tier 2 Self-Awareness Lifecycle","Idea/Bimba/Seeds/M/Legacy/plans/2026-07-03-m-prime-cycle-3-full-rerun/38-tunability-surface-implementation-plan.md","done","PASS","2026-07-18T09:17:29.180Z","UF","","38.T06.8","Idea/Bimba/Seeds/M/Legacy/plans/2026-06-02-m-prime-cycle-3-design-reconciliation/38-tunability-surface-implementation-plan.md","Idea/Bimba/Seeds/M/Legacy/plans/2026-07-03-m-prime-cycle-3-full-rerun/plan.runs/verifications/38.T06.9.md"
"38.T06.10","38","Tier 3 ML-Training Hook","Idea/Bimba/Seeds/M/Legacy/plans/2026-07-03-m-prime-cycle-3-full-rerun/38-tunability-surface-implementation-plan.md","done","PASS","2026-07-15T10:17:23.259Z","UF","","38.T0","Idea/Bimba/Seeds/M/Legacy/plans/2026-06-02-m-prime-cycle-3-design-reconciliation/38-tunability-surface-implementation-plan.md","Idea/Bimba/Seeds/M/Legacy/plans/2026-07-03-m-prime-cycle-3-full-rerun/plan.runs/verifications/38.T06.10.md"
"38.T06.11","38","Audit Loop for Hardcoded-Relation Detection","Idea/Bimba/Seeds/M/Legacy/plans/2026-07-03-m-prime-cycle-3-full-rerun/38-tunability-surface-implementation-plan.md","done","PASS","2026-07-16T03:17:20.269Z","UF","","38.T06.10","Idea/Bimba/Seeds/M/Legacy/plans/2026-06-02-m-prime-cycle-3-design-reconciliation/38-tunability-surface-implementation-plan.md","Idea/Bimba/Seeds/M/Legacy/plans/2026-07-03-m-prime-cycle-3-full-rerun/plan.runs/verifications/38.T06.11.md"
"39.T12.33","39","coordinate-tagging lint lands","Idea/Bimba/Seeds/M/Legacy/plans/2026-07-03-m-prime-cycle-3-full-rerun/39-s5-prime-one-substrate-layer.md","done","PASS","2026-07-10T22:16:02.609Z","W","","00.T3","Idea/Bimba/Seeds/M/Legacy/plans/2026-06-02-m-prime-cycle-3-design-reconciliation/39-s5-prime-one-substrate-layer.md","Idea/Bimba/Seeds/M/Legacy/plans/2026-07-03-m-prime-cycle-3-full-rerun/plan.runs/verifications/39.T12.33.md"
"40.T0","40","Absorb and retarget: 40-bimba-canon-update-ledger.md (law-only source)","Idea/Bimba/Seeds/M/Legacy/plans/2026-07-03-m-prime-cycle-3-full-rerun/40-bimba-canon-update-ledger.md","done","PASS","2026-07-10T22:06:20.460Z","K","G","00.T3","Body/M/pratibimba-app | Idea/Bimba/Seeds/M/Legacy/plans/2026-06-02-m-prime-cycle-3-design-reconciliation/40-bimba-canon-update-ledger.md | Idea/Bimba/Seeds/M/plans/2026-07-03-cycle-3-recapture-register.md:88-89","Idea/Bimba/Seeds/M/Legacy/plans/2026-07-03-m-prime-cycle-3-full-rerun/plan.runs/verifications/40.T0.md"
"40.T40.1","40","Gateway s5'.canon_update.* five methods + epi bimba propose|list|show|land|refuse CLI parity","Idea/Bimba/Seeds/M/Legacy/plans/2026-07-03-m-prime-cycle-3-full-rerun/40-bimba-canon-update-ledger.md","done","PASS","2026-07-12T18:45:26.936Z","K","G","00.T3 | 40.T0","Body/S/S0/epi-cli/src/bimba.rs | Body/S/S3/**","Idea/Bimba/Seeds/M/Legacy/plans/2026-07-03-m-prime-cycle-3-full-rerun/plan.runs/verifications/40.T40.1.md"
"40.T40.2","40","Lint test canon_update_landed_xref_consistency enforcing the landing invariant","Idea/Bimba/Seeds/M/Legacy/plans/2026-07-03-m-prime-cycle-3-full-rerun/40-bimba-canon-update-ledger.md","done","PASS","2026-07-13T17:09:51.674Z","K","G","00.T3 | 40.T40.1","Body/**","Idea/Bimba/Seeds/M/Legacy/plans/2026-07-03-m-prime-cycle-3-full-rerun/plan.runs/verifications/40.T40.2.md"
"40.T40.3","40","Complete and verify the Phase-J landing invariant across the three target canon files + DR-M3-6 amendment","Idea/Bimba/Seeds/M/Legacy/plans/2026-07-03-m-prime-cycle-3-full-rerun/40-bimba-canon-update-ledger.md","done","PASS","2026-07-13T17:16:36.867Z","K","G","00.T3 | 40.T40.2","Idea/Bimba/Seeds/M/M3'/alpha_rasa_bridge_ql.md | Idea/Bimba/Seeds/M/M3'/m3-prime-ql-transcriptional-bridge.md | Idea/Bimba/Seeds/M/ql_m0_m3_third_spanda_integral_quilting_v2.md","Idea/Bimba/Seeds/M/Legacy/plans/2026-07-03-m-prime-cycle-3-full-rerun/plan.runs/verifications/40.T40.3.md"
"40.T40.4","40","Hen promotion-time refusal of orphan canon-update markers (ledger is the only legal source of markers)","Idea/Bimba/Seeds/M/Legacy/plans/2026-07-03-m-prime-cycle-3-full-rerun/40-bimba-canon-update-ledger.md","done","PASS","2026-07-13T19:16:51.491Z","K","G","00.T3 | 40.T40.3","Idea/Bimba/Seeds/M/plans/2026-07-03-cycle-3-recapture-register.md:51 | Idea/Bimba/World/Types/**","Idea/Bimba/Seeds/M/Legacy/plans/2026-07-03-m-prime-cycle-3-full-rerun/plan.runs/verifications/40.T40.4.md"
"40.T40.5","40","CU-ledger review surface as a pratibimba-app carrier pane (combined with the Track-48 bases view)","Idea/Bimba/Seeds/M/Legacy/plans/2026-07-03-m-prime-cycle-3-full-rerun/40-bimba-canon-update-ledger.md","done","PASS","2026-07-14T00:10:44.585Z","K","G","00.T3 | 40.T40.4","Body/M/pratibimba-app | Idea/Bimba/Seeds/M/plans/2026-07-03-cycle-3-recapture-register.md:89","Idea/Bimba/Seeds/M/Legacy/plans/2026-07-03-m-prime-cycle-3-full-rerun/plan.runs/verifications/40.T40.5.md"
"41.T41.1","41","Architecture + binding contract *(doc-ahead-landing; blocks 41.2..41.12)","Idea/Bimba/Seeds/M/Legacy/plans/2026-07-03-m-prime-cycle-3-full-rerun/41-vama-shakti-factory-and-dialogical-arena.md","done","PASS","2026-07-13T18:41:04.110Z","W","","00.T3","Idea/Bimba/Seeds/M/Legacy/plans/2026-06-02-m-prime-cycle-3-design-reconciliation/41-vama-shakti-factory-and-dialogical-arena.md","Idea/Bimba/Seeds/M/Legacy/plans/2026-07-03-m-prime-cycle-3-full-rerun/plan.runs/verifications/41.T41.1.md"
"41.T41.2","41","`techne_vama_summon` skill registration + Psyche template-authority *(code-pending-closure; depends on 41.1; gates 41.4)","Idea/Bimba/Seeds/M/Legacy/plans/2026-07-03-m-prime-cycle-3-full-rerun/41-vama-shakti-factory-and-dialogical-arena.md","done","PASS","2026-07-13T21:07:54.482Z","W","","41.T41.12","Idea/Bimba/Seeds/M/Legacy/plans/2026-06-02-m-prime-cycle-3-design-reconciliation/41-vama-shakti-factory-and-dialogical-arena.md","Idea/Bimba/Seeds/M/Legacy/plans/2026-07-03-m-prime-cycle-3-full-rerun/plan.runs/verifications/41.T41.2.md"
"41.T41.3","41","Vama Shakti essential-identity Rust module + classifier integration *(code-pending-closure; depends on 41.1; gates 41.2 handler completion)","Idea/Bimba/Seeds/M/Legacy/plans/2026-07-03-m-prime-cycle-3-full-rerun/41-vama-shakti-factory-and-dialogical-arena.md","done","PASS","2026-07-13T21:09:58.355Z","W","","41.T41.2","Idea/Bimba/Seeds/M/Legacy/plans/2026-06-02-m-prime-cycle-3-design-reconciliation/41-vama-shakti-factory-and-dialogical-arena.md","Idea/Bimba/Seeds/M/Legacy/plans/2026-07-03-m-prime-cycle-3-full-rerun/plan.runs/verifications/41.T41.3.md"
"41.T41.4","41","Ad-hoc PI agent registration with dialogue-only dispatch-guard *(code-pending-closure; depends on 41.2, 41.3)","Idea/Bimba/Seeds/M/Legacy/plans/2026-07-03-m-prime-cycle-3-full-rerun/41-vama-shakti-factory-and-dialogical-arena.md","done","PASS","2026-07-13T21:12:00.724Z","W","","41.T41.3","Idea/Bimba/Seeds/M/Legacy/plans/2026-06-02-m-prime-cycle-3-design-reconciliation/41-vama-shakti-factory-and-dialogical-arena.md","Idea/Bimba/Seeds/M/Legacy/plans/2026-07-03-m-prime-cycle-3-full-rerun/plan.runs/verifications/41.T41.4.md"
"41.T41.5","41","SpacetimeDB Arena tables + projection schema bump *(code-pending-closure; depends on 41.1)","Idea/Bimba/Seeds/M/Legacy/plans/2026-07-03-m-prime-cycle-3-full-rerun/41-vama-shakti-factory-and-dialogical-arena.md","done","PASS","2026-07-13T21:16:13.489Z","W","","41.T41.4","Idea/Bimba/Seeds/M/Legacy/plans/2026-06-02-m-prime-cycle-3-design-reconciliation/41-vama-shakti-factory-and-dialogical-arena.md","Idea/Bimba/Seeds/M/Legacy/plans/2026-07-03-m-prime-cycle-3-full-rerun/plan.runs/verifications/41.T41.5.md"
"41.T41.6","41","Gateway routes `m4.arena.*` *(code-pending-closure; depends on 41.4, 41.5)","Idea/Bimba/Seeds/M/Legacy/plans/2026-07-03-m-prime-cycle-3-full-rerun/41-vama-shakti-factory-and-dialogical-arena.md","done","PASS","2026-07-13T21:21:35.336Z","W","","41.T41.5","Idea/Bimba/Seeds/M/Legacy/plans/2026-06-02-m-prime-cycle-3-design-reconciliation/41-vama-shakti-factory-and-dialogical-arena.md","Idea/Bimba/Seeds/M/Legacy/plans/2026-07-03-m-prime-cycle-3-full-rerun/plan.runs/verifications/41.T41.6.md"
"41.T41.7","41","Theia M4' Arena widget with classifier glyphs *(code-pending-closure; depends on 41.6; consumes Track 25 widget infrastructure)","Idea/Bimba/Seeds/M/Legacy/plans/2026-07-03-m-prime-cycle-3-full-rerun/41-vama-shakti-factory-and-dialogical-arena.md","done","PASS","2026-07-13T21:53:56.031Z","W","","41.T41.6","Idea/Bimba/Seeds/M/Legacy/plans/2026-06-02-m-prime-cycle-3-design-reconciliation/41-vama-shakti-factory-and-dialogical-arena.md","Idea/Bimba/Seeds/M/Legacy/plans/2026-07-03-m-prime-cycle-3-full-rerun/plan.runs/verifications/41.T41.7.md"
"41.T41.8","41","Anima arena orchestration with classifier-aware turn routing *(code-pending-closure; depends on 41.4, 41.5, 41.6)","Idea/Bimba/Seeds/M/Legacy/plans/2026-07-03-m-prime-cycle-3-full-rerun/41-vama-shakti-factory-and-dialogical-arena.md","done","PASS","2026-07-13T21:56:52.549Z","W","","41.T41.7","Idea/Bimba/Seeds/M/Legacy/plans/2026-06-02-m-prime-cycle-3-design-reconciliation/41-vama-shakti-factory-and-dialogical-arena.md","Idea/Bimba/Seeds/M/Legacy/plans/2026-07-03-m-prime-cycle-3-full-rerun/plan.runs/verifications/41.T41.8.md"
"41.T41.9","41","Moirai closure-distillation with classifier-modulated edge patterns *(code-pending-closure; depends on 41.6, 41.8; cross-link CCT-17)","Idea/Bimba/Seeds/M/Legacy/plans/2026-07-03-m-prime-cycle-3-full-rerun/41-vama-shakti-factory-and-dialogical-arena.md","done","PASS","2026-07-13T21:58:42.033Z","W","","41.T41.8","Idea/Bimba/Seeds/M/Legacy/plans/2026-06-02-m-prime-cycle-3-design-reconciliation/41-vama-shakti-factory-and-dialogical-arena.md","Idea/Bimba/Seeds/M/Legacy/plans/2026-07-03-m-prime-cycle-3-full-rerun/plan.runs/verifications/41.T41.9.md"
"41.T41.10","41","Warm Vama Shakti persistence + classifier-specific Q_activity accumulation *(code-pending-closure; depends on 41.4, 41.5, 41.9)","Idea/Bimba/Seeds/M/Legacy/plans/2026-07-03-m-prime-cycle-3-full-rerun/41-vama-shakti-factory-and-dialogical-arena.md","done","PASS","2026-07-13T18:56:10.992Z","W","","41.T41.1","Idea/Bimba/Seeds/M/Legacy/plans/2026-06-02-m-prime-cycle-3-design-reconciliation/41-vama-shakti-factory-and-dialogical-arena.md","Idea/Bimba/Seeds/M/Legacy/plans/2026-07-03-m-prime-cycle-3-full-rerun/plan.runs/verifications/41.T41.10.md"
"41.T41.11","41","Promotion path: warm Vama Shakti → Hen canon update *(spec-ahead-integration; depends on 41.10; cross-link Track 40)","Idea/Bimba/Seeds/M/Legacy/plans/2026-07-03-m-prime-cycle-3-full-rerun/41-vama-shakti-factory-and-dialogical-arena.md","done","PASS","2026-07-13T19:04:38.758Z","W","","41.T41.10","Idea/Bimba/Seeds/M/Legacy/plans/2026-06-02-m-prime-cycle-3-design-reconciliation/41-vama-shakti-factory-and-dialogical-arena.md","Idea/Bimba/Seeds/M/Legacy/plans/2026-07-03-m-prime-cycle-3-full-rerun/plan.runs/verifications/41.T41.11.md"
"41.T41.12","41","End-to-end acceptance harness with classifier coverage *(code-pending-closure; depends on 41.2..41.11)","Idea/Bimba/Seeds/M/Legacy/plans/2026-07-03-m-prime-cycle-3-full-rerun/41-vama-shakti-factory-and-dialogical-arena.md","done","PASS","2026-07-13T19:09:52.499Z","W","","41.T41.11","Idea/Bimba/Seeds/M/Legacy/plans/2026-06-02-m-prime-cycle-3-design-reconciliation/41-vama-shakti-factory-and-dialogical-arena.md","Idea/Bimba/Seeds/M/Legacy/plans/2026-07-03-m-prime-cycle-3-full-rerun/plan.runs/verifications/41.T41.12.md"
"42.T42.1","42","Harness dispatch envelope + normalized turn-event stream (gateway-contract)","Idea/Bimba/Seeds/M/Legacy/plans/2026-07-03-m-prime-cycle-3-full-rerun/42-harness-dynamics-surface.md","done","PASS","2026-07-06T23:16:29.329Z","W","","00.T3","Idea/Bimba/Seeds/M/Legacy/plans/2026-06-02-m-prime-cycle-3-design-reconciliation/42-harness-dynamics-surface.md","Idea/Bimba/Seeds/M/Legacy/plans/2026-07-03-m-prime-cycle-3-full-rerun/plan.runs/verifications/42.T42.1.md"
"42.T42.2","42","`HarnessExecutor` registry + two backing kinds (S4 ta-onta)","Idea/Bimba/Seeds/M/Legacy/plans/2026-07-03-m-prime-cycle-3-full-rerun/42-harness-dynamics-surface.md","done","PASS","2026-07-07T04:15:36.937Z","W","","42.T42.1","Idea/Bimba/Seeds/M/Legacy/plans/2026-06-02-m-prime-cycle-3-design-reconciliation/42-harness-dynamics-surface.md","Idea/Bimba/Seeds/M/Legacy/plans/2026-07-03-m-prime-cycle-3-full-rerun/plan.runs/verifications/42.T42.2.md"
"42.T42.3","42","Unified harness launcher (S0 epi-cli mechanism)","Idea/Bimba/Seeds/M/Legacy/plans/2026-07-03-m-prime-cycle-3-full-rerun/42-harness-dynamics-surface.md","done","PASS","2026-07-10T19:45:37.860Z","W","","42.T42.2","Idea/Bimba/Seeds/M/Legacy/plans/2026-06-02-m-prime-cycle-3-design-reconciliation/42-harness-dynamics-surface.md","Idea/Bimba/Seeds/M/Legacy/plans/2026-07-03-m-prime-cycle-3-full-rerun/plan.runs/verifications/42.T42.3.md"
"42.T42.4","42","Per-session harness binding in Khora `session-workspace.json` (S4-0p Khora + Track 39 AP-2)","Idea/Bimba/Seeds/M/Legacy/plans/2026-07-03-m-prime-cycle-3-full-rerun/42-harness-dynamics-surface.md","done","PASS","2026-07-13T23:27:24.885Z","W","","42.T42.3","Idea/Bimba/Seeds/M/Legacy/plans/2026-06-02-m-prime-cycle-3-design-reconciliation/42-harness-dynamics-surface.md","Idea/Bimba/Seeds/M/Legacy/plans/2026-07-03-m-prime-cycle-3-full-rerun/plan.runs/verifications/42.T42.4.md"
"42.T42.5","42","Harness-neutral transcript-of-record (S3 gateway)","Idea/Bimba/Seeds/M/Legacy/plans/2026-07-03-m-prime-cycle-3-full-rerun/42-harness-dynamics-surface.md","done","PASS","2026-07-13T23:38:26.948Z","W","","42.T42.4","Idea/Bimba/Seeds/M/Legacy/plans/2026-06-02-m-prime-cycle-3-design-reconciliation/42-harness-dynamics-surface.md","Idea/Bimba/Seeds/M/Legacy/plans/2026-07-03-m-prime-cycle-3-full-rerun/plan.runs/verifications/42.T42.5.md"
"42.T42.6","42","Inbox = the session NOW/day folder; async dispatch + wake (Khora + Anima)","Idea/Bimba/Seeds/M/Legacy/plans/2026-07-03-m-prime-cycle-3-full-rerun/42-harness-dynamics-surface.md","done","PASS","2026-07-13T23:43:19.977Z","W","","42.T42.5","Idea/Bimba/Seeds/M/Legacy/plans/2026-06-02-m-prime-cycle-3-design-reconciliation/42-harness-dynamics-surface.md","Idea/Bimba/Seeds/M/Legacy/plans/2026-07-03-m-prime-cycle-3-full-rerun/plan.runs/verifications/42.T42.6.md"
"42.T42.7","42","Two-axis delegation router (Anima `dispatch-policy.ts`)","Idea/Bimba/Seeds/M/Legacy/plans/2026-07-03-m-prime-cycle-3-full-rerun/42-harness-dynamics-surface.md","done","PASS","2026-07-13T23:47:34.750Z","W","","42.T42.6","Idea/Bimba/Seeds/M/Legacy/plans/2026-06-02-m-prime-cycle-3-design-reconciliation/42-harness-dynamics-surface.md","Idea/Bimba/Seeds/M/Legacy/plans/2026-07-03-m-prime-cycle-3-full-rerun/plan.runs/verifications/42.T42.7.md"
"42.T42.8","42","Skill centralisation + per-harness projection (the skill gap)","Idea/Bimba/Seeds/M/Legacy/plans/2026-07-03-m-prime-cycle-3-full-rerun/42-harness-dynamics-surface.md","done","PASS","2026-07-13T23:50:38.228Z","W","","42.T42.7","Idea/Bimba/Seeds/M/Legacy/plans/2026-06-02-m-prime-cycle-3-design-reconciliation/42-harness-dynamics-surface.md","Idea/Bimba/Seeds/M/Legacy/plans/2026-07-03-m-prime-cycle-3-full-rerun/plan.runs/verifications/42.T42.8.md"
"42.T42.9","42","Harness-blind cross-session memory pipeline (Sophia/Aletheia → Graphiti)","Idea/Bimba/Seeds/M/Legacy/plans/2026-07-03-m-prime-cycle-3-full-rerun/42-harness-dynamics-surface.md","done","PASS","2026-07-14T00:00:01.174Z","W","","42.T42.8","Idea/Bimba/Seeds/M/Legacy/plans/2026-06-02-m-prime-cycle-3-design-reconciliation/42-harness-dynamics-surface.md","Idea/Bimba/Seeds/M/Legacy/plans/2026-07-03-m-prime-cycle-3-full-rerun/plan.runs/verifications/42.T42.9.md"
"43.T43.1","43","Repo-hygiene sweep: immediate fixes + gated legacy removal","Idea/Bimba/Seeds/M/Legacy/plans/2026-07-03-m-prime-cycle-3-full-rerun/43-end-of-cycle-3-audit-protocol.md","done","PASS","2026-07-10T13:25:29.382Z","K","","00.T3","Idea/Bimba/Seeds/M/Legacy/plans/2026-06-02-m-prime-cycle-3-design-reconciliation/43-end-of-cycle-3-audit-protocol.md","Idea/Bimba/Seeds/M/Legacy/plans/2026-07-03-m-prime-cycle-3-full-rerun/plan.runs/verifications/43.T43.1.md"
"43.T43.2","43","Unified ""Coordinate Header"" convention (define + hand to Hen)","Idea/Bimba/Seeds/M/Legacy/plans/2026-07-03-m-prime-cycle-3-full-rerun/43-end-of-cycle-3-audit-protocol.md","done","PASS","2026-07-10T22:10:39.452Z","K","","43.T43.1","Idea/Bimba/Seeds/M/Legacy/plans/2026-06-02-m-prime-cycle-3-design-reconciliation/43-end-of-cycle-3-audit-protocol.md","Idea/Bimba/Seeds/M/Legacy/plans/2026-07-03-m-prime-cycle-3-full-rerun/plan.runs/verifications/43.T43.2.md"
"43.T43.3","43","Apply the convention across S/S'→M'","Idea/Bimba/Seeds/M/Legacy/plans/2026-07-03-m-prime-cycle-3-full-rerun/43-end-of-cycle-3-audit-protocol.md","done","PASS","2026-07-13T23:29:53.548Z","K","","43.T43.2","Idea/Bimba/Seeds/M/Legacy/plans/2026-06-02-m-prime-cycle-3-design-reconciliation/43-end-of-cycle-3-audit-protocol.md","Idea/Bimba/Seeds/M/Legacy/plans/2026-07-03-m-prime-cycle-3-full-rerun/plan.runs/verifications/43.T43.3.md"
"43.T43.4","43","C-header information-hiding remediation","Idea/Bimba/Seeds/M/Legacy/plans/2026-07-03-m-prime-cycle-3-full-rerun/43-end-of-cycle-3-audit-protocol.md","done","PASS","2026-07-13T23:50:17.156Z","K","","43.T43.3","Idea/Bimba/Seeds/M/Legacy/plans/2026-06-02-m-prime-cycle-3-design-reconciliation/43-end-of-cycle-3-audit-protocol.md","Idea/Bimba/Seeds/M/Legacy/plans/2026-07-03-m-prime-cycle-3-full-rerun/plan.runs/verifications/43.T43.4.md"
"43.T43.5","43","Enforced boundaries + drift guardrails","Idea/Bimba/Seeds/M/Legacy/plans/2026-07-03-m-prime-cycle-3-full-rerun/43-end-of-cycle-3-audit-protocol.md","done","PASS","2026-07-13T23:54:15.480Z","K","","43.T43.4","Idea/Bimba/Seeds/M/Legacy/plans/2026-06-02-m-prime-cycle-3-design-reconciliation/43-end-of-cycle-3-audit-protocol.md","Idea/Bimba/Seeds/M/Legacy/plans/2026-07-03-m-prime-cycle-3-full-rerun/plan.runs/verifications/43.T43.5.md"
"43.T43.6","43","Make navigability first-class for the agents","Idea/Bimba/Seeds/M/Legacy/plans/2026-07-03-m-prime-cycle-3-full-rerun/43-end-of-cycle-3-audit-protocol.md","done","PASS","2026-07-14T07:25:56.339Z","K","","43.T43.5","Idea/Bimba/Seeds/M/Legacy/plans/2026-06-02-m-prime-cycle-3-design-reconciliation/43-end-of-cycle-3-audit-protocol.md","Idea/Bimba/Seeds/M/Legacy/plans/2026-07-03-m-prime-cycle-3-full-rerun/plan.runs/verifications/43.T43.6.md"
"44.T44.1","44","Block contract + CTX-framing + live catalog *(doc-ahead-landing; blocks 44.2..44.10)","Idea/Bimba/Seeds/M/Legacy/plans/2026-07-03-m-prime-cycle-3-full-rerun/44-pratibimba-surface-standard.md","done","PASS","2026-07-14T07:47:55.829Z","UF","","00.T3","Idea/Bimba/Seeds/M/Legacy/plans/2026-06-02-m-prime-cycle-3-design-reconciliation/44-pratibimba-surface-standard.md","Idea/Bimba/Seeds/M/Legacy/plans/2026-07-03-m-prime-cycle-3-full-rerun/plan.runs/verifications/44.T44.1.md"
"44.T44.2","44","BlockRegistry + BlockHostWidget (native Theia)","Idea/Bimba/Seeds/M/Legacy/plans/2026-07-03-m-prime-cycle-3-full-rerun/44-pratibimba-surface-standard.md","done","PASS","2026-07-14T07:56:48.940Z","UF","","44.T44.10","Idea/Bimba/Seeds/M/Legacy/plans/2026-06-02-m-prime-cycle-3-design-reconciliation/44-pratibimba-surface-standard.md","Idea/Bimba/Seeds/M/Legacy/plans/2026-07-03-m-prime-cycle-3-full-rerun/plan.runs/verifications/44.T44.2.md"
"44.T44.3","44","Projection: ReviewItemDeep → blocks (OmniPanel Review)","Idea/Bimba/Seeds/M/Legacy/plans/2026-07-03-m-prime-cycle-3-full-rerun/44-pratibimba-surface-standard.md","done","PASS","2026-07-14T08:11:39.946Z","UF","","44.T44.2","Idea/Bimba/Seeds/M/Legacy/plans/2026-06-02-m-prime-cycle-3-design-reconciliation/44-pratibimba-surface-standard.md","Idea/Bimba/Seeds/M/Legacy/plans/2026-07-03-m-prime-cycle-3-full-rerun/plan.runs/verifications/44.T44.3.md"
"44.T44.4","44","Verdict/annotation loop under the Human Gate","Idea/Bimba/Seeds/M/Legacy/plans/2026-07-03-m-prime-cycle-3-full-rerun/44-pratibimba-surface-standard.md","done","PASS","2026-07-14T08:33:18.701Z","UF","","44.T44.3","Idea/Bimba/Seeds/M/Legacy/plans/2026-06-02-m-prime-cycle-3-design-reconciliation/44-pratibimba-surface-standard.md","Idea/Bimba/Seeds/M/Legacy/plans/2026-07-03-m-prime-cycle-3-full-rerun/plan.runs/verifications/44.T44.4.md"
"44.T44.5","44","Live transport on the day/now context runtime","Idea/Bimba/Seeds/M/Legacy/plans/2026-07-03-m-prime-cycle-3-full-rerun/44-pratibimba-surface-standard.md","done","PASS","2026-07-14T08:47:48.709Z","UF","","44.T44.4","Idea/Bimba/Seeds/M/Legacy/plans/2026-06-02-m-prime-cycle-3-design-reconciliation/44-pratibimba-surface-standard.md","Idea/Bimba/Seeds/M/Legacy/plans/2026-07-03-m-prime-cycle-3-full-rerun/plan.runs/verifications/44.T44.5.md"
"44.T44.6","44","Selection → context (context-xray seam) *(depends: s2'.coordinate.context_xray landing)","Idea/Bimba/Seeds/M/Legacy/plans/2026-07-03-m-prime-cycle-3-full-rerun/44-pratibimba-surface-standard.md","done","PASS","2026-07-14T08:58:49.105Z","UF","","44.T44.5","Idea/Bimba/Seeds/M/Legacy/plans/2026-06-02-m-prime-cycle-3-design-reconciliation/44-pratibimba-surface-standard.md","Idea/Bimba/Seeds/M/Legacy/plans/2026-07-03-m-prime-cycle-3-full-rerun/plan.runs/verifications/44.T44.6.md"
"44.T44.7","44","Persisted block-doc (CTX-structured, markdown *or* MDX) in Empty/Present","Idea/Bimba/Seeds/M/Legacy/plans/2026-07-03-m-prime-cycle-3-full-rerun/44-pratibimba-surface-standard.md","done","PASS","2026-07-14T09:05:57.991Z","UF","","44.T44.6","Idea/Bimba/Seeds/M/Legacy/plans/2026-06-02-m-prime-cycle-3-design-reconciliation/44-pratibimba-surface-standard.md","Idea/Bimba/Seeds/M/Legacy/plans/2026-07-03-m-prime-cycle-3-full-rerun/plan.runs/verifications/44.T44.7.md"
"44.T44.8","44","A2A via agent-card","Idea/Bimba/Seeds/M/Legacy/plans/2026-07-03-m-prime-cycle-3-full-rerun/44-pratibimba-surface-standard.md","done","PASS","2026-07-14T09:55:33.641Z","UF","","44.T44.7","Idea/Bimba/Seeds/M/Legacy/plans/2026-06-02-m-prime-cycle-3-design-reconciliation/44-pratibimba-surface-standard.md","Idea/Bimba/Seeds/M/Legacy/plans/2026-07-03-m-prime-cycle-3-full-rerun/plan.runs/verifications/44.T44.8.md"
"44.T44.9","44","Foundation principles + design language + visual regression (G7/G8)","Idea/Bimba/Seeds/M/Legacy/plans/2026-07-03-m-prime-cycle-3-full-rerun/44-pratibimba-surface-standard.md","done","PASS","2026-07-14T10:01:38.671Z","UF","","44.T44.8","Idea/Bimba/Seeds/M/Legacy/plans/2026-06-02-m-prime-cycle-3-design-reconciliation/44-pratibimba-surface-standard.md","Idea/Bimba/Seeds/M/Legacy/plans/2026-07-03-m-prime-cycle-3-full-rerun/plan.runs/verifications/44.T44.9.md"
"44.T44.10","44","M0–M5 rollout + no-orphan acceptance harness","Idea/Bimba/Seeds/M/Legacy/plans/2026-07-03-m-prime-cycle-3-full-rerun/44-pratibimba-surface-standard.md","done","PASS","2026-07-14T10:14:38.898Z","UF","","44.T44.1","Idea/Bimba/Seeds/M/Legacy/plans/2026-06-02-m-prime-cycle-3-design-reconciliation/44-pratibimba-surface-standard.md","Idea/Bimba/Seeds/M/Legacy/plans/2026-07-03-m-prime-cycle-3-full-rerun/plan.runs/verifications/44.T44.10.md"
"45.T0","45","Absorb and retarget: 45-bimba-map-indexing-and-dox-okf-unification.md (law-only source)","Idea/Bimba/Seeds/M/Legacy/plans/2026-07-03-m-prime-cycle-3-full-rerun/45-bimba-map-indexing-and-dox-okf-unification.md","done","PASS","2026-07-10T22:28:22.704Z","K","G","00.T3","Idea/Bimba/Seeds/M/Legacy/plans/2026-06-02-m-prime-cycle-3-design-reconciliation/45-bimba-map-indexing-and-dox-okf-unification.md | Idea/Bimba/Seeds/M/plans/2026-07-03-cycle-3-recapture-register.md:73-74","Idea/Bimba/Seeds/M/Legacy/plans/2026-07-03-m-prime-cycle-3-full-rerun/plan.runs/verifications/45.T0.md"
"45.T45.1","45","Extend Hen `is_valid_coordinate` to the full multi-level coordinate grammar (+ tests)","Idea/Bimba/Seeds/M/Legacy/plans/2026-07-03-m-prime-cycle-3-full-rerun/45-bimba-map-indexing-and-dox-okf-unification.md","done","PASS","2026-07-12T18:18:30.886Z","K","G","00.T3 | 45.T0","Body/S/S1/hen-compiler-core/src/coordinate.rs:14-49","Idea/Bimba/Seeds/M/Legacy/plans/2026-07-03-m-prime-cycle-3-full-rerun/plan.runs/verifications/45.T45.1.md"
"45.T45.2","45","Graduate the map projector into a maintained Neo4j→repo sync direction (map-index freshness)","Idea/Bimba/Seeds/M/Legacy/plans/2026-07-03-m-prime-cycle-3-full-rerun/45-bimba-map-indexing-and-dox-okf-unification.md","done","PASS","2026-07-12T19:13:58.554Z","K","G","00.T3 | 45.T45.1","Body/S/S2/external/bimba-mcp/src","Idea/Bimba/Seeds/M/Legacy/plans/2026-07-03-m-prime-cycle-3-full-rerun/plan.runs/verifications/45.T45.2.md"
"45.T45.3","45","Carrier coordinate rendering via gateway-side normalisation (guard against a 6th local impl)","Idea/Bimba/Seeds/M/Legacy/plans/2026-07-03-m-prime-cycle-3-full-rerun/45-bimba-map-indexing-and-dox-okf-unification.md","done","PASS","2026-07-13T10:12:57.802Z","K","G","00.T3 | 45.T45.2","Body/M/pratibimba-app/src | Body/M/pratibimba-app/src/bridge/types.ts:504 | Idea/Bimba/Seeds/M/plans/2026-07-03-cycle-3-recapture-register.md:74","Idea/Bimba/Seeds/M/Legacy/plans/2026-07-03-m-prime-cycle-3-full-rerun/plan.runs/verifications/45.T45.3.md"
"46.T46.1","46","Z-thread runtime primitive","Idea/Bimba/Seeds/M/Legacy/plans/2026-07-03-m-prime-cycle-3-full-rerun/46-aeon-loop-unit-paradigm.md","done","PASS","2026-07-06T23:58:37.844Z","W","","00.T3","Idea/Bimba/Seeds/M/Legacy/plans/2026-06-02-m-prime-cycle-3-design-reconciliation/46-aeon-loop-unit-paradigm.md","Idea/Bimba/Seeds/M/Legacy/plans/2026-07-03-m-prime-cycle-3-full-rerun/plan.runs/verifications/46.T46.1.md"
"46.T46.2","46","Aeon content-type and /World template","Idea/Bimba/Seeds/M/Legacy/plans/2026-07-03-m-prime-cycle-3-full-rerun/46-aeon-loop-unit-paradigm.md","done","PASS","2026-07-07T04:22:00.674Z","W","","46.T46.1","Idea/Bimba/Seeds/M/Legacy/plans/2026-06-02-m-prime-cycle-3-design-reconciliation/46-aeon-loop-unit-paradigm.md","Idea/Bimba/Seeds/M/Legacy/plans/2026-07-03-m-prime-cycle-3-full-rerun/plan.runs/verifications/46.T46.2.md"
"46.T46.3","46","Aeon registration and semantic discovery","Idea/Bimba/Seeds/M/Legacy/plans/2026-07-03-m-prime-cycle-3-full-rerun/46-aeon-loop-unit-paradigm.md","done","PASS","2026-07-07T18:17:46.485Z","W","","46.T46.2","Idea/Bimba/Seeds/M/Legacy/plans/2026-06-02-m-prime-cycle-3-design-reconciliation/46-aeon-loop-unit-paradigm.md","Idea/Bimba/Seeds/M/Legacy/plans/2026-07-03-m-prime-cycle-3-full-rerun/plan.runs/verifications/46.T46.3.md"
"46.T46.4","46","Z-to-Aeon graduation","Idea/Bimba/Seeds/M/Legacy/plans/2026-07-03-m-prime-cycle-3-full-rerun/46-aeon-loop-unit-paradigm.md","done","PASS","2026-07-07T21:07:13.927Z","W","","46.T46.3","Idea/Bimba/Seeds/M/Legacy/plans/2026-06-02-m-prime-cycle-3-design-reconciliation/46-aeon-loop-unit-paradigm.md","Idea/Bimba/Seeds/M/Legacy/plans/2026-07-03-m-prime-cycle-3-full-rerun/plan.runs/verifications/46.T46.4.md"
"46.T46.5","46","Aeon eval ledger","Idea/Bimba/Seeds/M/Legacy/plans/2026-07-03-m-prime-cycle-3-full-rerun/46-aeon-loop-unit-paradigm.md","done","PASS","2026-07-07T22:43:53.282Z","W","","46.T46.4","Idea/Bimba/Seeds/M/Legacy/plans/2026-06-02-m-prime-cycle-3-design-reconciliation/46-aeon-loop-unit-paradigm.md","Idea/Bimba/Seeds/M/Legacy/plans/2026-07-03-m-prime-cycle-3-full-rerun/plan.runs/verifications/46.T46.5.md"
"46.T46.6","46","Ouroboros fold clarification","Idea/Bimba/Seeds/M/Legacy/plans/2026-07-03-m-prime-cycle-3-full-rerun/46-aeon-loop-unit-paradigm.md","done","PASS","2026-07-07T22:45:23.444Z","W","","46.T46.5","Idea/Bimba/Seeds/M/Legacy/plans/2026-06-02-m-prime-cycle-3-design-reconciliation/46-aeon-loop-unit-paradigm.md","Idea/Bimba/Seeds/M/Legacy/plans/2026-07-03-m-prime-cycle-3-full-rerun/plan.runs/verifications/46.T46.6.md"
"47.T47.1","47","Cron auto-fire tick","Idea/Bimba/Seeds/M/Legacy/plans/2026-07-03-m-prime-cycle-3-full-rerun/47-autonomous-loop-scheduling.md","done","PASS","2026-07-07T00:18:14.182Z","W","","00.T3","Idea/Bimba/Seeds/M/Legacy/plans/2026-06-02-m-prime-cycle-3-design-reconciliation/47-autonomous-loop-scheduling.md","Idea/Bimba/Seeds/M/Legacy/plans/2026-07-03-m-prime-cycle-3-full-rerun/plan.runs/verifications/47.T47.1.md"
"47.T47.2","47","Chronos fire-job to Anima dispatch","Idea/Bimba/Seeds/M/Legacy/plans/2026-07-03-m-prime-cycle-3-full-rerun/47-autonomous-loop-scheduling.md","done","PASS","2026-07-07T01:34:43.793Z","W","","47.T47.1","Idea/Bimba/Seeds/M/Legacy/plans/2026-06-02-m-prime-cycle-3-design-reconciliation/47-autonomous-loop-scheduling.md","Idea/Bimba/Seeds/M/Legacy/plans/2026-07-03-m-prime-cycle-3-full-rerun/plan.runs/verifications/47.T47.2.md"
"47.T47.3","47","Aeon scheduling binding","Idea/Bimba/Seeds/M/Legacy/plans/2026-07-03-m-prime-cycle-3-full-rerun/47-autonomous-loop-scheduling.md","done","PASS","2026-07-07T04:28:58.846Z","W","","47.T47.2","Idea/Bimba/Seeds/M/Legacy/plans/2026-06-02-m-prime-cycle-3-design-reconciliation/47-autonomous-loop-scheduling.md","Idea/Bimba/Seeds/M/Legacy/plans/2026-07-03-m-prime-cycle-3-full-rerun/plan.runs/verifications/47.T47.3.md"
"47.T47.4","47","Aeon task-source binding","Idea/Bimba/Seeds/M/Legacy/plans/2026-07-03-m-prime-cycle-3-full-rerun/47-autonomous-loop-scheduling.md","done","PASS","2026-07-07T18:17:46.483Z","W","","47.T47.3","Idea/Bimba/Seeds/M/Legacy/plans/2026-06-02-m-prime-cycle-3-design-reconciliation/47-autonomous-loop-scheduling.md","Idea/Bimba/Seeds/M/Legacy/plans/2026-07-03-m-prime-cycle-3-full-rerun/plan.runs/verifications/47.T47.4.md"
"48.T48.1","48","`.base` artifact class + the CS/Pratibimba framing law *(L1; canon/contract + bimba-vault-validate)","Idea/Bimba/Seeds/M/Legacy/plans/2026-07-03-m-prime-cycle-3-full-rerun/48-bases-cs-reflection-layer.md","done","PASS","2026-07-13T18:46:26.537Z","W","G","00.T3","Idea/Bimba/Seeds/M/Legacy/plans/2026-06-02-m-prime-cycle-3-design-reconciliation/48-bases-cs-reflection-layer.md","Idea/Bimba/Seeds/M/Legacy/plans/2026-07-03-m-prime-cycle-3-full-rerun/plan.runs/verifications/48.T48.1.md"
"48.T48.2","48","The CT-ladder base set (one CS-reflection per content type) *(L1; depends 48.1)","Idea/Bimba/Seeds/M/Legacy/plans/2026-07-03-m-prime-cycle-3-full-rerun/48-bases-cs-reflection-layer.md","done","PASS","2026-07-13T23:14:57.658Z","W","G","48.T48.1","Idea/Bimba/Seeds/M/Legacy/plans/2026-06-02-m-prime-cycle-3-design-reconciliation/48-bases-cs-reflection-layer.md","Idea/Bimba/Seeds/M/Legacy/plans/2026-07-03-m-prime-cycle-3-full-rerun/plan.runs/verifications/48.T48.2.md"
"48.T48.3","48","Per-zone bases *(L1; depends 48.1)","Idea/Bimba/Seeds/M/Legacy/plans/2026-07-03-m-prime-cycle-3-full-rerun/48-bases-cs-reflection-layer.md","done","PASS","2026-07-14T15:41:03.373Z","W","G","48.T48.2","Idea/Bimba/Seeds/M/Legacy/plans/2026-06-02-m-prime-cycle-3-design-reconciliation/48-bases-cs-reflection-layer.md","Idea/Bimba/Seeds/M/Legacy/plans/2026-07-03-m-prime-cycle-3-full-rerun/plan.runs/verifications/48.T48.3.md"
"48.T48.4","48","MOC↔Base collaboration (embed + feed living sections) *(L1; depends 48.1–48.3)","Idea/Bimba/Seeds/M/Legacy/plans/2026-07-03-m-prime-cycle-3-full-rerun/48-bases-cs-reflection-layer.md","done","PASS","2026-07-15T10:13:01.466Z","W","G","48.T48.3","Idea/Bimba/Seeds/M/Legacy/plans/2026-06-02-m-prime-cycle-3-design-reconciliation/48-bases-cs-reflection-layer.md","Idea/Bimba/Seeds/M/Legacy/plans/2026-07-03-m-prime-cycle-3-full-rerun/plan.runs/verifications/48.T48.4.md"
"48.T48.5","48","`s1'.base.ensure` + base-schema-from-CTx-contract *(L2; owning spec [[S1-SPEC]] / Hen)","Idea/Bimba/Seeds/M/Legacy/plans/2026-07-03-m-prime-cycle-3-full-rerun/48-bases-cs-reflection-layer.md","done","PASS","2026-07-16T03:17:20.269Z","W","G","48.T48.4","Idea/Bimba/Seeds/M/Legacy/plans/2026-06-02-m-prime-cycle-3-design-reconciliation/48-bases-cs-reflection-layer.md","Idea/Bimba/Seeds/M/Legacy/plans/2026-07-03-m-prime-cycle-3-full-rerun/plan.runs/verifications/48.T48.5.md"
"48.T48.6","48","M-stack BasesView: render service + static/dynamic adapters *(L2; epi-theia; depends 48.2–48.3)","Idea/Bimba/Seeds/M/Legacy/plans/2026-07-03-m-prime-cycle-3-full-rerun/48-bases-cs-reflection-layer.md","done","PASS","2026-08-02T09:37:31.836Z","W","G","48.T48.5","Idea/Bimba/Seeds/M/Legacy/plans/2026-06-02-m-prime-cycle-3-design-reconciliation/48-bases-cs-reflection-layer.md","Idea/Bimba/Seeds/M/Legacy/plans/2026-07-03-m-prime-cycle-3-full-rerun/plan.runs/verifications/48.T48.6.md"
"48.T48.7","48","Data-layer completion: `.base` snapshot emission + `s2.graph.list_by_filter` *(L2; owning specs S2/S3; depends 48.6)","Idea/Bimba/Seeds/M/Legacy/plans/2026-07-03-m-prime-cycle-3-full-rerun/48-bases-cs-reflection-layer.md","done","PASS","2026-07-20T22:18:27.464Z","W","G","48.T48.6","Idea/Bimba/Seeds/M/Legacy/plans/2026-06-02-m-prime-cycle-3-design-reconciliation/48-bases-cs-reflection-layer.md","Idea/Bimba/Seeds/M/Legacy/plans/2026-07-03-m-prime-cycle-3-full-rerun/plan.runs/verifications/48.T48.7.md"
"49.T49.1","49","S0 `ModalResonatorProfile` Projection","Idea/Bimba/Seeds/M/Legacy/plans/2026-07-03-m-prime-cycle-3-full-rerun/49-modal-resonator-bell-kernel-implementation.md","done","PASS","2026-07-07T03:55:21.159Z","K","","00.T3","Idea/Bimba/Seeds/M/Legacy/plans/2026-06-02-m-prime-cycle-3-design-reconciliation/49-modal-resonator-bell-kernel-implementation.md","Idea/Bimba/Seeds/M/Legacy/plans/2026-07-03-m-prime-cycle-3-full-rerun/plan.runs/verifications/49.T49.1.md"
"49.T49.2","49","Profile JSON, Zod, TypeScript, And Casing Parity","Idea/Bimba/Seeds/M/Legacy/plans/2026-07-03-m-prime-cycle-3-full-rerun/49-modal-resonator-bell-kernel-implementation.md","done","PASS","2026-07-10T13:03:06.129Z","K","","49.T49.1","Idea/Bimba/Seeds/M/Legacy/plans/2026-06-02-m-prime-cycle-3-design-reconciliation/49-modal-resonator-bell-kernel-implementation.md","Idea/Bimba/Seeds/M/Legacy/plans/2026-07-03-m-prime-cycle-3-full-rerun/plan.runs/verifications/49.T49.2.md"
"49.T49.3","49","Kernel-Bridge Capability, Envelope, And `M123ChimeFrame`","Idea/Bimba/Seeds/M/Legacy/plans/2026-07-03-m-prime-cycle-3-full-rerun/49-modal-resonator-bell-kernel-implementation.md","done","PASS","2026-07-10T13:12:28.025Z","K","","49.T49.2","Idea/Bimba/Seeds/M/Legacy/plans/2026-06-02-m-prime-cycle-3-design-reconciliation/49-modal-resonator-bell-kernel-implementation.md","Idea/Bimba/Seeds/M/Legacy/plans/2026-07-03-m-prime-cycle-3-full-rerun/plan.runs/verifications/49.T49.3.md"
"49.T49.4","49","M2 Packet, Cymatic Digest, And Modal Labels","Idea/Bimba/Seeds/M/Legacy/plans/2026-07-03-m-prime-cycle-3-full-rerun/49-modal-resonator-bell-kernel-implementation.md","done","PASS","2026-07-13T15:32:12.016Z","K","","49.T49.3","Idea/Bimba/Seeds/M/Legacy/plans/2026-06-02-m-prime-cycle-3-design-reconciliation/49-modal-resonator-bell-kernel-implementation.md","Idea/Bimba/Seeds/M/Legacy/plans/2026-07-03-m-prime-cycle-3-full-rerun/plan.runs/verifications/49.T49.4.md"
"49.T49.5","49","M3 World-Clock And Codon Chime Binding","Idea/Bimba/Seeds/M/Legacy/plans/2026-07-03-m-prime-cycle-3-full-rerun/49-modal-resonator-bell-kernel-implementation.md","done","PASS","2026-07-13T18:49:09.524Z","K","","49.T49.4","Idea/Bimba/Seeds/M/Legacy/plans/2026-06-02-m-prime-cycle-3-design-reconciliation/49-modal-resonator-bell-kernel-implementation.md","Idea/Bimba/Seeds/M/Legacy/plans/2026-07-03-m-prime-cycle-3-full-rerun/plan.runs/verifications/49.T49.5.md"
"49.T49.6","49","Integrated 1-2-3 Readiness And Wave-A Markers","Idea/Bimba/Seeds/M/Legacy/plans/2026-07-03-m-prime-cycle-3-full-rerun/49-modal-resonator-bell-kernel-implementation.md","done","PASS","2026-07-14T00:18:00.640Z","K","","49.T49.5","Idea/Bimba/Seeds/M/Legacy/plans/2026-06-02-m-prime-cycle-3-design-reconciliation/49-modal-resonator-bell-kernel-implementation.md","Idea/Bimba/Seeds/M/Legacy/plans/2026-07-03-m-prime-cycle-3-full-rerun/plan.runs/verifications/49.T49.6.md"
"49.T49.7","49","Privacy, Audio, And Drift Guards","Idea/Bimba/Seeds/M/Legacy/plans/2026-07-03-m-prime-cycle-3-full-rerun/49-modal-resonator-bell-kernel-implementation.md","done","PASS","2026-07-15T10:13:19.297Z","K","","49.T49.6","Idea/Bimba/Seeds/M/Legacy/plans/2026-06-02-m-prime-cycle-3-design-reconciliation/49-modal-resonator-bell-kernel-implementation.md","Idea/Bimba/Seeds/M/Legacy/plans/2026-07-03-m-prime-cycle-3-full-rerun/plan.runs/verifications/49.T49.7.md"
"49.T49.8","49","Canon Updates And Release Gate","Idea/Bimba/Seeds/M/Legacy/plans/2026-07-03-m-prime-cycle-3-full-rerun/49-modal-resonator-bell-kernel-implementation.md","done","PASS","2026-07-16T03:17:20.269Z","K","","49.T49.7","Idea/Bimba/Seeds/M/Legacy/plans/2026-06-02-m-prime-cycle-3-design-reconciliation/49-modal-resonator-bell-kernel-implementation.md","Idea/Bimba/Seeds/M/Legacy/plans/2026-07-03-m-prime-cycle-3-full-rerun/plan.runs/verifications/49.T49.8.md"
"50.T50.01","50","Base tool-scripting substrate: single-script tool execution for all pi agents (JSON→TS default)","Idea/Bimba/Seeds/M/Legacy/plans/2026-07-03-m-prime-cycle-3-full-rerun/50-code-mode-orchestration.md","done","PASS","2026-07-25T09:43:23.742Z","W","","00.T3","Body/S/S4/pi-agent/extensions/** | Body/S/S4/pi-agent/lib/** | Body/S/S4/ta-onta/shared/entitlement.ts","Idea/Bimba/Seeds/M/Legacy/plans/2026-07-03-m-prime-cycle-3-full-rerun/plan.runs/verifications/50.T50.01.md"
"50.T50.02","50","Unify the three `spawn(""pi"")` dispatch seams into one gated executor","Idea/Bimba/Seeds/M/Legacy/plans/2026-07-03-m-prime-cycle-3-full-rerun/50-code-mode-orchestration.md","done","PASS","2026-07-25T09:57:34.846Z","W","","50.T50.01","Body/S/S4/khora/S0'/child-extension-propagation.ts | Body/S/S4/pi-agent/lib/dispatch-guard.ts | Body/S/S4/pi-agent/lib/review-gate.ts | Body/S/S4/ta-onta/S4-4p-anima/S4/agent-chain.ts | Body/S/S4/ta-onta/S4-4p-anima/S4/agent-team.ts | Body/S/S4/ta-onta/S4-4p-anima/S4/pi-pi.ts | Body/S/S4/ta-onta/S4-4p-anima/lib/child-pi-executor.ts","Idea/Bimba/Seeds/M/Legacy/plans/2026-07-03-m-prime-cycle-3-full-rerun/plan.runs/verifications/50.T50.02.md"
"50.T50.03","50","VAK orchestration language: the six C′ coordinates as the typed scripting surface","Idea/Bimba/Seeds/M/Legacy/plans/2026-07-03-m-prime-cycle-3-full-rerun/50-code-mode-orchestration.md","done","PASS","2026-07-25T10:14:20.763Z","W","","50.T50.02","Body/S/S0/epi-lib/include/vak.h | Body/S/S0/portal-core/src/vak_address.rs | Body/S/S4/ta-onta/S4-4p-anima/extension/dispatch-tools.ts | Body/S/S4/ta-onta/S4-4p-anima/lib/vak-orchestration-surface.ts | Body/S/S4/ta-onta/S4-4p-anima/modules/dispatch-validate.ts","Idea/Bimba/Seeds/M/Legacy/plans/2026-07-03-m-prime-cycle-3-full-rerun/plan.runs/verifications/50.T50.03.md"
"50.T50.04","50","CP nesting: context-frame recursion (each position a leaf or a nested frame)","Idea/Bimba/Seeds/M/Legacy/plans/2026-07-03-m-prime-cycle-3-full-rerun/50-code-mode-orchestration.md","done","PASS","2026-07-25T10:18:57.613Z","W","","50.T50.03","Body/S/S0/portal-core/src/vak_address.rs | Body/S/S4/ta-onta/S4-4p-anima/lib/vak-orchestration-surface.ts","Idea/Bimba/Seeds/M/Legacy/plans/2026-07-03-m-prime-cycle-3-full-rerun/plan.runs/verifications/50.T50.04.md"
"50.T50.05","50","Anima top-level ownership: the script holds the run; children are the teams/chains","Idea/Bimba/Seeds/M/Legacy/plans/2026-07-03-m-prime-cycle-3-full-rerun/50-code-mode-orchestration.md","done","PASS","2026-07-25T10:23:28.448Z","W","","50.T50.04","Body/S/S4/ta-onta/S4-4p-anima/extension/mod.ts | Body/S/S4/ta-onta/S4-4p-anima/lib/child-pi-executor.ts","Idea/Bimba/Seeds/M/Legacy/plans/2026-07-03-m-prime-cycle-3-full-rerun/plan.runs/verifications/50.T50.05.md"
"50.T50.06","50","`tilldone` completion-gate: port from vendor and register as the CFP4 L-Thread executor","Idea/Bimba/Seeds/M/Legacy/plans/2026-07-03-m-prime-cycle-3-full-rerun/50-code-mode-orchestration.md","done","PASS","2026-07-25T11:24:55.261Z","W","","50.T50.05","Body/S/S4/ta-onta/S4-4p-anima/S4/tilldone.ts | Body/S/S4/ta-onta/S4-4p-anima/extension.ts | Body/S/S4/ta-onta/S4-4p-anima/extension/dispatch.ts","Idea/Bimba/Seeds/M/Legacy/plans/2026-07-03-m-prime-cycle-3-full-rerun/plan.runs/verifications/50.T50.06.md"
"50.T50.07","50","`(00/00)` origination → score lifecycle: dialogue develops the script; a repeatable run becomes a score","Idea/Bimba/Seeds/M/Legacy/plans/2026-07-03-m-prime-cycle-3-full-rerun/50-code-mode-orchestration.md","done","PASS","2026-07-25T12:10:07.765Z","W","","50.T50.06","Body/S/S4/ta-onta/S4-1p-hen | Body/S/S4/ta-onta/S4-4p-anima/extension/dispatch.ts","Idea/Bimba/Seeds/M/Legacy/plans/2026-07-03-m-prime-cycle-3-full-rerun/plan.runs/verifications/50.T50.07.md"
"50.T50.08","50","CT / Hen artifact-template binding in the orchestration language","Idea/Bimba/Seeds/M/Legacy/plans/2026-07-03-m-prime-cycle-3-full-rerun/50-code-mode-orchestration.md","done","PASS","2026-07-25T21:36:05.090Z","W","","50.T50.07","Body/S/S4/ta-onta/S4-1p-hen | Body/S/S4/ta-onta/S4-4p-anima/lib/vak-orchestration-surface.ts | Body/S/S4/ta-onta/S4-4p-anima/modules/dispatch-validate.ts","Idea/Bimba/Seeds/M/Legacy/plans/2026-07-03-m-prime-cycle-3-full-rerun/plan.runs/verifications/50.T50.08.md"
"50.T50.09","50","CPF review-gate composition: agent-decided human-in-loop checkpoints","Idea/Bimba/Seeds/M/Legacy/plans/2026-07-03-m-prime-cycle-3-full-rerun/50-code-mode-orchestration.md","done","PASS","2026-07-27T10:04:48.936Z","W","","50.T50.08","Body/S/S4/pi-agent/lib/review-gate.ts | Body/S/S4/ta-onta/S4-4p-anima/modules/dispatch-validate.ts","Idea/Bimba/Seeds/M/Legacy/plans/2026-07-03-m-prime-cycle-3-full-rerun/plan.runs/verifications/50.T50.09.md"
"50.T50.10","50","Gateway method + contract: register the orchestration-run surface (METHOD_NAMES + capability-matrix + S4-SPEC)","Idea/Bimba/Seeds/M/Legacy/plans/2026-07-03-m-prime-cycle-3-full-rerun/50-code-mode-orchestration.md","done","PASS","2026-07-27T11:02:29.383Z","W","","50.T50.09","Body/S/S3/gateway-contract/src/protocol.rs | Body/S/S3/gateway/src/dispatch.rs | Body/S/S4/pi-agent/lib/capability-parity.ts | Body/S/S4/plugins/pleroma/capability-matrix.json | Idea/Bimba/Seeds/S/S4/S4'/S4-4'-SPEC.md | Idea/Bimba/Seeds/S/S4/S4-SPEC.md","Idea/Bimba/Seeds/M/Legacy/plans/2026-07-03-m-prime-cycle-3-full-rerun/plan.runs/verifications/50.T50.10.md"
"50.T50.11","50","CF↔agent table parity and notation reconciliation (decide and land)","Idea/Bimba/Seeds/M/Legacy/plans/2026-07-03-m-prime-cycle-3-full-rerun/50-code-mode-orchestration.md","done","PASS","2026-07-27T11:17:36.704Z","W","","50.T50.10",".claude/skills/anima-orchestration/SKILL.md | .claude/skills/vak-coordinate-frame/SKILL.md | Body/S/S0/epi-cli/src/agent/vak.rs | Body/S/S4/ta-onta/S4-4p-anima/modules/dispatch-validate.ts","Idea/Bimba/Seeds/M/Legacy/plans/2026-07-03-m-prime-cycle-3-full-rerun/plan.runs/verifications/50.T50.11.md"
"50.T50.12","50","Mercurius ELO trial on run completion: close the production-caller gap","Idea/Bimba/Seeds/M/Legacy/plans/2026-07-03-m-prime-cycle-3-full-rerun/50-code-mode-orchestration.md","done","PASS","2026-07-27T11:52:07.996Z","W","","50.T50.11","Body/S/S4/ta-onta/S4-5p-aletheia/modules/mercurius-elo.ts | Body/S/S4/ta-onta/S4-5p-aletheia/modules/moirai-fair-comparison.ts","Idea/Bimba/Seeds/M/Legacy/plans/2026-07-03-m-prime-cycle-3-full-rerun/plan.runs/verifications/50.T50.12.md"
"50.T50.13","50","`portal.vak_eval` score event: render and evaluate the run against the derived music (implement DR-VAK-6)","Idea/Bimba/Seeds/M/Legacy/plans/2026-07-03-m-prime-cycle-3-full-rerun/50-code-mode-orchestration.md","done","PASS","2026-07-27T17:22:21.322Z","W","","50.T50.12","Body/S/S0/portal-core/src/kernel/projections/diatonic.rs | Idea/Bimba/Seeds/M/M5'/ql-musical-derivation-v3.md","Idea/Bimba/Seeds/M/Legacy/plans/2026-07-03-m-prime-cycle-3-full-rerun/plan.runs/verifications/50.T50.13.md"
"50.T50.14","50","Execution-trace capture as the ELO/ML training substrate (epii-on-#3 program-synthesis feed)","Idea/Bimba/Seeds/M/Legacy/plans/2026-07-03-m-prime-cycle-3-full-rerun/50-code-mode-orchestration.md","done","PASS","2026-07-27T18:20:40.438Z","W","","50.T50.13","Body/S/S3 | Body/S/S3/gateway/src/transcripts.rs | Body/S/S5/epii-autoresearch-core | Body/S/S5/plugins/epi-logos/skills/custom/epii-distillation","Idea/Bimba/Seeds/M/Legacy/plans/2026-07-03-m-prime-cycle-3-full-rerun/plan.runs/verifications/50.T50.14.md"
"50.T50.15","50","End-to-end acceptance: JSON→TS orchestration, nested, gated, scored, ELO-updated","Idea/Bimba/Seeds/M/Legacy/plans/2026-07-03-m-prime-cycle-3-full-rerun/50-code-mode-orchestration.md","done","PASS","2026-07-27T20:34:48.584Z","W","","50.T50.14","Body/S/S4/ta-onta/S4-4p-anima/tests/**","Idea/Bimba/Seeds/M/Legacy/plans/2026-07-03-m-prime-cycle-3-full-rerun/plan.runs/verifications/50.T50.15.md"
"50.T50.16","50","Canon write-back: S4-SPEC + `vak-coordinate-frame` + `anima-orchestration` skills updated to the script paradigm","Idea/Bimba/Seeds/M/Legacy/plans/2026-07-03-m-prime-cycle-3-full-rerun/50-code-mode-orchestration.md","done","PASS","2026-07-28T00:42:54.968Z","W","","50.T50.15",".claude/skills/anima-orchestration/SKILL.md | .claude/skills/vak-coordinate-frame/SKILL.md | Body/S/S4/ta-onta/S4-4p-anima/AGENTS.md | Idea/Bimba/Seeds/S/S4/S4'/S4-4'-SPEC.md | Idea/Bimba/Seeds/S/S4/S4-SPEC.md","Idea/Bimba/Seeds/M/Legacy/plans/2026-07-03-m-prime-cycle-3-full-rerun/plan.runs/verifications/50.T50.16.md"
"51.T51.1","51","`s4'.context.assemble`: make context-pack assembly a real surface, and make the spine injection visible","Idea/Bimba/Seeds/M/Legacy/plans/2026-07-03-m-prime-cycle-3-full-rerun/51-specced-surface-gap-closure.md","done","PASS","2026-07-25T22:21:13.761Z","UF","","00.T3","Body/M/pratibimba-app | Body/S/S3/gateway-contract/src/protocol.rs | Body/S/S3/gateway/src/dispatch.rs | Body/S/S4/pi-agent/lib/capability-parity.ts | Body/S/S4/plugins/pleroma/capability-matrix.json | Body/S/S4/ta-onta/composite-entry.ts | Idea/Bimba/Seeds/S/S4/S4'/S4-4'-SPEC.md","Idea/Bimba/Seeds/M/Legacy/plans/2026-07-03-m-prime-cycle-3-full-rerun/plan.runs/verifications/51.T51.1.md"
"51.T51.2","51","M5-3′ Frontend Studio: the one studio of the sixfold with no tranche","Idea/Bimba/Seeds/M/Legacy/plans/2026-07-03-m-prime-cycle-3-full-rerun/51-specced-surface-gap-closure.md","done","PASS","2026-08-01T23:51:13.814Z","UF","","00.T3 | 51.T51.1 | 52.T5 | 52.T6","Body/M/pratibimba-app/src/panes/** | Idea/Bimba/Seeds/M/M5'/M5'-SPEC.md | tests/e2e/**","Idea/Bimba/Seeds/M/Legacy/plans/2026-07-03-m-prime-cycle-3-full-rerun/plan.runs/verifications/51.T51.2.md"
"51.T51.3","51","M1′ traversal timeline: the walk's tick/position6/helix-face/degree720 in motion","Idea/Bimba/Seeds/M/Legacy/plans/2026-07-03-m-prime-cycle-3-full-rerun/51-specced-surface-gap-closure.md","done","PASS","2026-08-01T23:51:13.814Z","UF","","00.T3 | 51.T51.2","Idea/Bimba/Seeds/M/M1'/M1'-SPEC.md","Idea/Bimba/Seeds/M/Legacy/plans/2026-07-03-m-prime-cycle-3-full-rerun/plan.runs/verifications/51.T51.3.md"
"51.T51.4","51","M2′ meaning-packet inspector: `M2PrimeMeaningPacket` as an inspectable object","Idea/Bimba/Seeds/M/Legacy/plans/2026-07-03-m-prime-cycle-3-full-rerun/51-specced-surface-gap-closure.md","done","PASS","2026-08-01T23:51:13.814Z","UF","","00.T3 | 51.T51.3 | 52.T5","Idea/Bimba/Seeds/M/M2'/M2'-SPEC.md","Idea/Bimba/Seeds/M/Legacy/plans/2026-07-03-m-prime-cycle-3-full-rerun/plan.runs/verifications/51.T51.4.md"
"51.T51.5","51","M3-5′ co-foliated double-torus world-clock view","Idea/Bimba/Seeds/M/Legacy/plans/2026-07-03-m-prime-cycle-3-full-rerun/51-specced-surface-gap-closure.md","done","PASS","2026-08-01T23:51:13.815Z","UF","","00.T3 | 51.T51.4 | 52.T5","Idea/Bimba/Seeds/M/M3'/M3'-SPEC.md","Idea/Bimba/Seeds/M/Legacy/plans/2026-07-03-m-prime-cycle-3-full-rerun/plan.runs/verifications/51.T51.5.md"
"51.T51.6","51","M4′ Dream Journal surface","Idea/Bimba/Seeds/M/Legacy/plans/2026-07-03-m-prime-cycle-3-full-rerun/51-specced-surface-gap-closure.md","done","PASS","2026-08-01T23:51:13.815Z","UF","","00.T3 | 51.T51.5","Idea/Bimba/Seeds/M/M4'/M4'-SPEC.md","Idea/Bimba/Seeds/M/Legacy/plans/2026-07-03-m-prime-cycle-3-full-rerun/plan.runs/verifications/51.T51.6.md"
"52.T1","52","One layout-id authority","Idea/Bimba/Seeds/M/Legacy/plans/2026-07-03-m-prime-cycle-3-full-rerun/52-four-plus-two-layout-layer.md","done","PASS","2026-07-29T13:19:47.188Z","UF","","00.T3","src/chromeContract.test.ts | src/ui/layoutId.ts","Idea/Bimba/Seeds/M/Legacy/plans/2026-07-03-m-prime-cycle-3-full-rerun/plan.runs/verifications/52.T1.md"
"52.T2","52","Un-conflate face from layout (DCC-07 repair)","Idea/Bimba/Seeds/M/Legacy/plans/2026-07-03-m-prime-cycle-3-full-rerun/52-four-plus-two-layout-layer.md","done","PASS","2026-07-29T18:28:28.793Z","UF","","00.T3 | 52.T1","","Idea/Bimba/Seeds/M/Legacy/plans/2026-07-03-m-prime-cycle-3-full-rerun/plan.runs/verifications/52.T2.md"
"52.T3","52","The layout switch the omni panel is supposed to be","Idea/Bimba/Seeds/M/Legacy/plans/2026-07-03-m-prime-cycle-3-full-rerun/52-four-plus-two-layout-layer.md","done","PASS","2026-07-29T19:21:26.758Z","UF","","00.T3 | 52.T2","","Idea/Bimba/Seeds/M/Legacy/plans/2026-07-03-m-prime-cycle-3-full-rerun/plan.runs/verifications/52.T3.md"
"52.T4","52","`ideDeepDefault()`: the deep layout becomes a real pane set","Idea/Bimba/Seeds/M/Legacy/plans/2026-07-03-m-prime-cycle-3-full-rerun/52-four-plus-two-layout-layer.md","done","PASS","2026-07-29T23:23:10.833Z","UF","","00.T3 | 52.T3","src/chromeContract.test.ts","Idea/Bimba/Seeds/M/Legacy/plans/2026-07-03-m-prime-cycle-3-full-rerun/plan.runs/verifications/52.T4.md"
"52.T5","52","The M0′–M5′ subsystem pages: the 4+2 body","Idea/Bimba/Seeds/M/Legacy/plans/2026-07-03-m-prime-cycle-3-full-rerun/52-four-plus-two-layout-layer.md","done","PASS","2026-08-01T10:17:02.788Z","UF","","00.T3 | 52.T4","","Idea/Bimba/Seeds/M/Legacy/plans/2026-07-03-m-prime-cycle-3-full-rerun/plan.runs/verifications/52.T5.md"
"52.T6","52","Wire the activity-bar mode registry and reconcile its contradictions","Idea/Bimba/Seeds/M/Legacy/plans/2026-07-03-m-prime-cycle-3-full-rerun/52-four-plus-two-layout-layer.md","done","PASS","2026-08-01T12:15:51.234Z","UF","","00.T3 | 52.T4 | 52.T5","Body/M/pratibimba-app/src","Idea/Bimba/Seeds/M/Legacy/plans/2026-07-03-m-prime-cycle-3-full-rerun/plan.runs/verifications/52.T6.md"
"53.T53.01","53","The method-handler port at S-root, and the inversion that makes residency possible","Idea/Bimba/Seeds/M/Legacy/plans/2026-07-03-m-prime-cycle-3-full-rerun/53-s-stack-residency-restoration.md","done","PASS","2026-07-28T11:10:37.004Z","W","","00.T3","Body/S/epi-kernel-contract | Body/S/epi-kernel-contract/src/**","Idea/Bimba/Seeds/M/Legacy/plans/2026-07-03-m-prime-cycle-3-full-rerun/plan.runs/verifications/53.T53.01.md"
"53.T53.02","53","Split `epi-logos` into a composition-root binary and a clean S0 library","Idea/Bimba/Seeds/M/Legacy/plans/2026-07-03-m-prime-cycle-3-full-rerun/53-s-stack-residency-restoration.md","done","PASS","2026-07-28T12:34:36.186Z","W","","53.T53.01","src/gate/** | src/graph/** | src/lib.rs","Idea/Bimba/Seeds/M/Legacy/plans/2026-07-03-m-prime-cycle-3-full-rerun/plan.runs/verifications/53.T53.02.md"
"53.T53.03","53","S3 takes its own control plane: protocol, routing, session, subscription","Idea/Bimba/Seeds/M/Legacy/plans/2026-07-03-m-prime-cycle-3-full-rerun/53-s-stack-residency-restoration.md","done","PASS","2026-07-28T11:35:43.638Z","W","","",".codex/scripts/m-dev-plan-assess.mjs:341 | Body/S/S3/gateway/src/**","Idea/Bimba/Seeds/M/Legacy/plans/2026-07-03-m-prime-cycle-3-full-rerun/plan.runs/verifications/53.T53.03.md"
"53.T53.04","53","S1 handlers return to S1","Idea/Bimba/Seeds/M/Legacy/plans/2026-07-03-m-prime-cycle-3-full-rerun/53-s-stack-residency-restoration.md","done","PASS","2026-07-28T14:56:40.841Z","W","","53.T53.03","Body/S/S1/hen-compiler-core | src/gate/s1_hen.rs","Idea/Bimba/Seeds/M/Legacy/plans/2026-07-03-m-prime-cycle-3-full-rerun/plan.runs/verifications/53.T53.04.md"
"53.T53.05","53","S2 takes the graph: 28 files of substrate plus its handlers","Idea/Bimba/Seeds/M/Legacy/plans/2026-07-03-m-prime-cycle-3-full-rerun/53-s-stack-residency-restoration.md","done","PASS","2026-07-28T17:15:26.069Z","W","","53.T53.04","Body/S/S2/graph-schema | Body/S/S2/graph-services/src/** | src/graph/** | src/graph/schema.rs","Idea/Bimba/Seeds/M/Legacy/plans/2026-07-03-m-prime-cycle-3-full-rerun/plan.runs/verifications/53.T53.05.md"
"53.T53.06","53","S3′ temporal, Redis and Graphiti handlers return to S3","Idea/Bimba/Seeds/M/Legacy/plans/2026-07-03-m-prime-cycle-3-full-rerun/53-s-stack-residency-restoration.md","done","PASS","2026-07-28T17:15:51.346Z","W","","53.T53.05","Body/S/S2/graph-services/Cargo.toml | Body/S/S3/gateway | Body/S/S3/graphiti-runtime | Body/S/S3/redis-context","Idea/Bimba/Seeds/M/Legacy/plans/2026-07-03-m-prime-cycle-3-full-rerun/plan.runs/verifications/53.T53.06.md"
"53.T53.07","53","S5 handlers return to S5","Idea/Bimba/Seeds/M/Legacy/plans/2026-07-03-m-prime-cycle-3-full-rerun/53-s-stack-residency-restoration.md","done","PASS","2026-07-28T17:17:22.255Z","W","","53.T53.06","","Idea/Bimba/Seeds/M/Legacy/plans/2026-07-03-m-prime-cycle-3-full-rerun/plan.runs/verifications/53.T53.07.md"
"53.T53.08","53","The remaining tail: agent, bimba, portal, nara, tui","Idea/Bimba/Seeds/M/Legacy/plans/2026-07-03-m-prime-cycle-3-full-rerun/53-s-stack-residency-restoration.md","done","PASS","2026-07-28T17:35:58.252Z","W","","53.T53.07","","Idea/Bimba/Seeds/M/Legacy/plans/2026-07-03-m-prime-cycle-3-full-rerun/plan.runs/verifications/53.T53.08.md"
"53.T53.09","53","Delete the allowlist and the escape hatch","Idea/Bimba/Seeds/M/Legacy/plans/2026-07-03-m-prime-cycle-3-full-rerun/53-s-stack-residency-restoration.md","done","PASS","2026-07-28T17:36:22.760Z","W","","53.T53.08","scripts/lint-boundaries.mjs","Idea/Bimba/Seeds/M/Legacy/plans/2026-07-03-m-prime-cycle-3-full-rerun/plan.runs/verifications/53.T53.09.md"
"53.T53.10","53","Make the confusion unrepeatable: canon, DOX, and the runbook","Idea/Bimba/Seeds/M/Legacy/plans/2026-07-03-m-prime-cycle-3-full-rerun/53-s-stack-residency-restoration.md","done","PASS","2026-07-28T17:36:47.373Z","W","","53.T53.09","Body/S/S0/epi-cli/AGENTS.md | Idea/Bimba/Seeds/S/S-CODE-RESIDENCY-PLAN.md","Idea/Bimba/Seeds/M/Legacy/plans/2026-07-03-m-prime-cycle-3-full-rerun/plan.runs/verifications/53.T53.10.md"
"53.T53.11","53","The structural guard that replaces vigilance","Idea/Bimba/Seeds/M/Legacy/plans/2026-07-03-m-prime-cycle-3-full-rerun/53-s-stack-residency-restoration.md","done","PASS","2026-07-28T17:37:11.560Z","W","","53.T53.10","src/gate/** | src/graph/** | src/ui/layoutId.test.ts","Idea/Bimba/Seeds/M/Legacy/plans/2026-07-03-m-prime-cycle-3-full-rerun/plan.runs/verifications/53.T53.11.md"
"54.T54.01","54","Decode the transaction log into a typed command stream","Idea/Bimba/Seeds/M/Legacy/plans/2026-07-03-m-prime-cycle-3-full-rerun/54-bimba-graph-enrichment-recovery.md","done","PASS","2026-07-29T11:07:41.729Z","","","00.T3","Body/S/S2/graph-services","Idea/Bimba/Seeds/M/Legacy/plans/2026-07-03-m-prime-cycle-3-full-rerun/plan.runs/verifications/54.T54.01.md"
"54.T54.02","54","Reconstruct the pre-wipe graph state and emit reviewable Cypher","Idea/Bimba/Seeds/M/Legacy/plans/2026-07-03-m-prime-cycle-3-full-rerun/54-bimba-graph-enrichment-recovery.md","done","PASS","2026-07-30T22:44:35.500Z","","","54.T54.01","Idea/Bimba/Map","Idea/Bimba/Seeds/M/Legacy/plans/2026-07-03-m-prime-cycle-3-full-rerun/plan.runs/verifications/54.T54.02.md"
"54.T54.03","54","Apply to the live graph behind a backup, and prove the enrichment landed","Idea/Bimba/Seeds/M/Legacy/plans/2026-07-03-m-prime-cycle-3-full-rerun/54-bimba-graph-enrichment-recovery.md","done","PASS","2026-07-30T23:20:12.860Z","","","54.T54.02","Body/S/S0/epi-cli/tests/lut_graph_parity_live.rs","Idea/Bimba/Seeds/M/Legacy/plans/2026-07-03-m-prime-cycle-3-full-rerun/plan.runs/verifications/54.T54.03.md"
"54.T54.04","54","Session-log cross-validation, independent of the log parser","Idea/Bimba/Seeds/M/Legacy/plans/2026-07-03-m-prime-cycle-3-full-rerun/54-bimba-graph-enrichment-recovery.md","done","PASS","2026-07-29T13:19:47.189Z","","","","","Idea/Bimba/Seeds/M/Legacy/plans/2026-07-03-m-prime-cycle-3-full-rerun/plan.runs/verifications/54.T54.04.md"
"54.T54.05","54","Backups, so this is a five-minute inconvenience next time","Idea/Bimba/Seeds/M/Legacy/plans/2026-07-03-m-prime-cycle-3-full-rerun/54-bimba-graph-enrichment-recovery.md","done","PASS","2026-07-29T15:03:46.260Z","","","54.T54.04","","Idea/Bimba/Seeds/M/Legacy/plans/2026-07-03-m-prime-cycle-3-full-rerun/plan.runs/verifications/54.T54.05.md"
